occurred,mc_no,process,device_status
2026-06-12 14:18:18.759,mc1,demo1,0
2026-06-12 14:23:19.033,mc1,demo1,1
2026-06-12 14:28:19.228,mc1,demo1,1
2026-06-12 14:33:18.354,mc1,demo1,1
2026-06-12 14:38:18.279,mc1,demo1,1
2026-06-12 14:43:18.366,mc1,demo1,1
2026-06-12 14:48:18.089,mc1,demo1,1
2026-06-12 14:53:18.148,mc1,demo1,1
2026-06-12 14:58:19.206,mc1,demo1,1
2026-06-12 15:03:18.375,mc1,demo1,1
2026-06-12 15:08:18.511,mc1,demo1,1
2026-06-12 15:13:18.819,mc1,demo1,1
2026-06-12 15:18:19.047,mc1,demo1,1
2026-06-12 15:23:18.910,mc1,demo1,1
2026-06-12 15:28:18.152,mc1,demo1,1
2026-06-12 15:33:18.779,mc1,demo1,1
2026-06-12 15:38:19.500,mc1,demo1,1
2026-06-12 15:43:18.801,mc1,demo1,1
2026-06-12 15:48:18.834,mc1,demo1,1
2026-06-12 15:53:18.819,mc1,demo1,1
2026-06-12 15:58:18.894,mc1,demo1,1
2026-06-12 16:03:19.192,mc1,demo1,1
2026-06-12 16:08:19.968,mc1,demo1,1
2026-06-12 16:13:18.577,mc1,demo1,1
2026-06-12 16:18:18.794,mc1,demo1,1
2026-06-12 16:23:18.663,mc1,demo1,1
2026-06-12 16:28:19.109,mc1,demo1,1
2026-06-12 16:33:19.059,mc1,demo1,1
2026-06-12 16:38:18.691,mc1,demo1,1
2026-06-12 16:43:19.069,mc1,demo1,1
2026-06-12 16:48:18.573,mc1,demo1,1
2026-06-12 16:53:18.478,mc1,demo1,1
2026-06-12 16:58:19.146,mc1,demo1,1
2026-06-12 17:03:18.632,mc1,demo1,1
2026-06-12 17:08:18.693,mc1,demo1,1
2026-06-12 17:13:19.650,mc1,demo1,1
2026-06-12 17:18:18.193,mc1,demo1,1
2026-06-12 17:23:18.898,mc1,demo1,1
2026-06-12 17:28:18.453,mc1,demo1,1
2026-06-12 17:33:18.682,mc1,demo1,1
2026-06-12 17:38:18.997,mc1,demo1,1
2026-06-12 17:43:19.142,mc1,demo1,1
2026-06-12 17:48:18.789,mc1,demo1,1
2026-06-12 17:53:18.287,mc1,demo1,1
2026-06-12 17:58:19.370,mc1,demo1,1
2026-06-12 18:03:18.471,mc1,demo1,1
2026-06-12 18:08:18.500,mc1,demo1,1
2026-06-12 18:13:18.242,mc1,demo1,1
2026-06-12 18:18:19.294,mc1,demo1,1
2026-06-12 18:23:19.372,mc1,demo1,1
2026-06-12 18:28:19.542,mc1,demo1,1
2026-06-12 18:33:18.430,mc1,demo1,1
2026-06-12 18:38:19.064,mc1,demo1,1
2026-06-12 18:43:19.438,mc1,demo1,1
2026-06-12 18:48:18.397,mc1,demo1,1
2026-06-12 18:53:18.875,mc1,demo1,1
2026-06-12 18:58:18.219,mc1,demo1,1
2026-06-12 19:03:18.346,mc1,demo1,1
2026-06-12 19:08:18.910,mc1,demo1,1
2026-06-12 19:13:18.640,mc1,demo1,1
2026-06-12 19:18:19.098,mc1,demo1,1
2026-06-12 19:23:18.312,mc1,demo1,1
2026-06-12 19:28:18.828,mc1,demo1,1
2026-06-12 19:33:18.700,mc1,demo1,1
2026-06-12 19:38:18.241,mc1,demo1,1
2026-06-12 19:43:19.213,mc1,demo1,1
2026-06-12 19:48:18.890,mc1,demo1,1
2026-06-12 19:53:18.636,mc1,demo1,1
2026-06-12 19:58:18.911,mc1,demo1,1
2026-06-12 20:03:19.388,mc1,demo1,1
2026-06-12 20:08:18.894,mc1,demo1,1
2026-06-12 20:13:18.472,mc1,demo1,1
2026-06-12 20:18:19.056,mc1,demo1,1
2026-06-12 20:23:18.274,mc1,demo1,1
2026-06-12 20:28:18.236,mc1,demo1,1
2026-06-12 20:33:18.840,mc1,demo1,1
2026-06-12 20:38:18.226,mc1,demo1,1
2026-06-12 20:43:18.192,mc1,demo1,1
2026-06-12 20:48:18.651,mc1,demo1,1
2026-06-12 20:53:20.901,mc1,demo1,1
2026-06-12 20:58:18.825,mc1,demo1,1
2026-06-12 21:03:19.082,mc1,demo1,1
2026-06-12 21:08:18.259,mc1,demo1,1
2026-06-12 21:13:18.534,mc1,demo1,1
2026-06-12 21:18:18.603,mc1,demo1,1
2026-06-12 21:23:18.157,mc1,demo1,1
2026-06-12 21:28:18.867,mc1,demo1,1
2026-06-12 21:33:18.273,mc1,demo1,1
2026-06-12 21:38:18.895,mc1,demo1,1
2026-06-12 21:43:18.905,mc1,demo1,1
2026-06-12 21:48:18.876,mc1,demo1,1
2026-06-12 21:53:18.877,mc1,demo1,1
2026-06-12 21:58:18.723,mc1,demo1,1
2026-06-12 22:03:19.172,mc1,demo1,1
2026-06-12 22:08:19.248,mc1,demo1,1
2026-06-12 22:13:18.955,mc1,demo1,1
2026-06-12 22:18:18.515,mc1,demo1,1
2026-06-12 22:23:18.631,mc1,demo1,1
2026-06-12 22:28:19.044,mc1,demo1,1
2026-06-12 22:33:18.824,mc1,demo1,1
2026-06-12 22:38:18.554,mc1,demo1,1
2026-06-12 22:43:18.375,mc1,demo1,1
2026-06-12 22:48:18.946,mc1,demo1,1
2026-06-12 22:53:18.487,mc1,demo1,1
2026-06-12 22:58:19.669,mc1,demo1,1
2026-06-12 23:03:18.230,mc1,demo1,1
2026-06-12 23:08:18.944,mc1,demo1,1
2026-06-12 23:13:19.110,mc1,demo1,1
2026-06-12 23:18:19.032,mc1,demo1,1
2026-06-12 23:23:19.061,mc1,demo1,1
2026-06-12 23:28:18.295,mc1,demo1,1
2026-06-12 23:33:19.194,mc1,demo1,1
2026-06-12 23:38:18.511,mc1,demo1,1
2026-06-12 23:43:18.299,mc1,demo1,1
2026-06-12 23:48:18.735,mc1,demo1,1
2026-06-12 23:53:18.534,mc1,demo1,1
2026-06-12 23:58:18.386,mc1,demo1,1
2026-06-13 00:03:18.814,mc1,demo1,1
2026-06-13 00:08:18.748,mc1,demo1,1
2026-06-13 00:13:19.015,mc1,demo1,1
2026-06-13 00:18:18.890,mc1,demo1,1
2026-06-13 00:23:18.805,mc1,demo1,1
2026-06-13 00:28:18.807,mc1,demo1,1
2026-06-13 00:33:18.937,mc1,demo1,1
2026-06-13 00:38:18.760,mc1,demo1,1
2026-06-13 00:43:19.064,mc1,demo1,1
2026-06-13 00:48:18.838,mc1,demo1,1
2026-06-13 00:53:19.230,mc1,demo1,1
2026-06-13 00:58:18.241,mc1,demo1,1
2026-06-13 01:03:18.815,mc1,demo1,1
2026-06-13 01:08:18.476,mc1,demo1,1
2026-06-13 01:13:19.021,mc1,demo1,1
2026-06-13 01:18:19.111,mc1,demo1,1
2026-06-13 01:23:18.420,mc1,demo1,1
2026-06-13 01:28:18.860,mc1,demo1,1
2026-06-13 01:33:18.357,mc1,demo1,1
2026-06-13 01:38:18.325,mc1,demo1,1
2026-06-13 01:43:18.320,mc1,demo1,1
2026-06-13 01:48:18.217,mc1,demo1,1
2026-06-13 01:53:18.784,mc1,demo1,1
2026-06-13 01:58:18.282,mc1,demo1,1
2026-06-13 02:03:19.037,mc1,demo1,1
2026-06-13 02:08:18.310,mc1,demo1,1
2026-06-13 02:13:18.800,mc1,demo1,1
2026-06-13 02:18:19.004,mc1,demo1,1
2026-06-13 02:23:18.749,mc1,demo1,1
2026-06-13 02:28:18.269,mc1,demo1,1
2026-06-13 02:33:19.232,mc1,demo1,1
2026-06-13 02:38:18.557,mc1,demo1,1
2026-06-13 02:43:18.812,mc1,demo1,1
2026-06-13 02:48:18.423,mc1,demo1,1
2026-06-13 02:53:18.560,mc1,demo1,1
2026-06-13 02:58:19.187,mc1,demo1,1
2026-06-13 03:03:18.892,mc1,demo1,1
2026-06-13 03:08:19.274,mc1,demo1,1
2026-06-13 03:13:18.800,mc1,demo1,1
2026-06-13 03:18:19.408,mc1,demo1,1
2026-06-13 03:23:18.448,mc1,demo1,1
2026-06-13 03:28:18.427,mc1,demo1,1
2026-06-13 03:33:18.823,mc1,demo1,1
2026-06-13 03:38:19.012,mc1,demo1,1
2026-06-13 03:43:19.152,mc1,demo1,1
2026-06-13 03:48:19.094,mc1,demo1,1
2026-06-13 03:53:18.472,mc1,demo1,1
2026-06-13 03:58:18.187,mc1,demo1,1
2026-06-13 04:03:18.608,mc1,demo1,1
2026-06-13 04:08:18.841,mc1,demo1,1
2026-06-13 04:13:18.375,mc1,demo1,1
2026-06-13 04:18:18.426,mc1,demo1,1
2026-06-13 04:23:18.602,mc1,demo1,1
2026-06-13 04:28:19.184,mc1,demo1,1
2026-06-13 04:33:18.938,mc1,demo1,1
2026-06-13 04:38:19.279,mc1,demo1,1
2026-06-13 04:43:19.596,mc1,demo1,1
2026-06-13 04:48:18.365,mc1,demo1,1
2026-06-13 04:53:18.386,mc1,demo1,1
2026-06-13 04:58:18.934,mc1,demo1,1
2026-06-13 05:03:18.304,mc1,demo1,1
2026-06-13 05:08:18.954,mc1,demo1,1
2026-06-13 05:13:19.003,mc1,demo1,1
2026-06-13 05:18:18.934,mc1,demo1,1
2026-06-13 05:23:19.009,mc1,demo1,1
2026-06-13 05:28:18.682,mc1,demo1,1
2026-06-13 05:33:18.819,mc1,demo1,1
2026-06-13 05:38:18.465,mc1,demo1,1
2026-06-13 05:43:18.897,mc1,demo1,1
2026-06-13 05:48:18.612,mc1,demo1,1
2026-06-13 05:53:20.315,mc1,demo1,1
2026-06-13 05:58:18.668,mc1,demo1,1
2026-06-13 06:03:18.659,mc1,demo1,1
2026-06-13 06:08:19.076,mc1,demo1,1
2026-06-13 06:13:18.540,mc1,demo1,1
2026-06-13 06:18:18.501,mc1,demo1,1
2026-06-13 06:23:18.818,mc1,demo1,1
2026-06-13 06:28:18.711,mc1,demo1,1
2026-06-13 06:33:18.869,mc1,demo1,1
2026-06-13 06:38:18.770,mc1,demo1,1
2026-06-13 06:43:19.641,mc1,demo1,1
2026-06-13 06:48:18.658,mc1,demo1,1
2026-06-13 06:53:18.279,mc1,demo1,1
2026-06-13 06:58:19.003,mc1,demo1,1
2026-06-13 07:03:19.930,mc1,demo1,1
2026-06-13 07:08:18.323,mc1,demo1,1
2026-06-13 07:13:18.466,mc1,demo1,1
2026-06-13 07:18:19.071,mc1,demo1,1
2026-06-13 07:23:18.745,mc1,demo1,1
2026-06-13 07:28:18.970,mc1,demo1,1
2026-06-13 07:33:18.576,mc1,demo1,1
2026-06-13 07:38:18.619,mc1,demo1,1
2026-06-13 07:43:18.871,mc1,demo1,1
2026-06-13 07:48:18.312,mc1,demo1,1
2026-06-13 07:53:18.393,mc1,demo1,1
2026-06-13 07:58:18.787,mc1,demo1,1
2026-06-13 08:03:18.447,mc1,demo1,1
2026-06-13 08:08:18.843,mc1,demo1,1
2026-06-13 08:13:18.367,mc1,demo1,1
2026-06-13 08:18:20.402,mc1,demo1,1
2026-06-13 08:23:18.373,mc1,demo1,1
2026-06-13 08:28:18.515,mc1,demo1,1
2026-06-13 08:33:18.765,mc1,demo1,1
2026-06-13 08:38:18.800,mc1,demo1,1
2026-06-13 08:43:18.613,mc1,demo1,1
2026-06-13 08:48:19.270,mc1,demo1,1
2026-06-13 08:53:18.976,mc1,demo1,1
2026-06-13 08:58:19.099,mc1,demo1,1
2026-06-13 09:03:18.367,mc1,demo1,1
2026-06-13 09:08:18.944,mc1,demo1,1
2026-06-13 09:13:18.575,mc1,demo1,1
2026-06-13 09:18:18.072,mc1,demo1,1
2026-06-13 09:23:19.044,mc1,demo1,1
2026-06-13 09:28:19.819,mc1,demo1,1
2026-06-13 09:33:18.944,mc1,demo1,1
2026-06-13 09:38:18.413,mc1,demo1,1
2026-06-13 09:43:18.878,mc1,demo1,1
2026-06-13 09:48:19.551,mc1,demo1,1
2026-06-13 09:53:18.952,mc1,demo1,1
2026-06-13 09:58:18.905,mc1,demo1,1
2026-06-13 10:03:19.074,mc1,demo1,1
2026-06-13 10:08:18.458,mc1,demo1,1
2026-06-13 10:13:18.848,mc1,demo1,1
2026-06-13 10:18:19.449,mc1,demo1,1
2026-06-13 10:23:18.915,mc1,demo1,1
2026-06-13 10:28:19.463,mc1,demo1,1
2026-06-13 10:33:20.421,mc1,demo1,1
2026-06-13 10:38:18.652,mc1,demo1,1
2026-06-13 10:43:18.735,mc1,demo1,1
2026-06-13 10:48:19.826,mc1,demo1,1
2026-06-13 10:53:18.322,mc1,demo1,1
2026-06-13 10:58:18.924,mc1,demo1,1
2026-06-13 11:03:18.800,mc1,demo1,1
2026-06-13 11:08:18.670,mc1,demo1,1
2026-06-13 11:13:19.253,mc1,demo1,1
2026-06-13 11:18:18.810,mc1,demo1,1
2026-06-13 11:23:18.775,mc1,demo1,1
2026-06-13 11:28:18.912,mc1,demo1,1
2026-06-13 11:33:18.710,mc1,demo1,1
2026-06-13 11:38:18.606,mc1,demo1,1
2026-06-13 11:43:18.126,mc1,demo1,1
2026-06-13 11:48:18.186,mc1,demo1,1
2026-06-13 11:53:19.506,mc1,demo1,1
2026-06-13 11:58:19.044,mc1,demo1,1
2026-06-13 12:03:18.972,mc1,demo1,1
2026-06-13 12:08:18.899,mc1,demo1,1
2026-06-13 12:13:18.917,mc1,demo1,1
2026-06-13 12:18:19.493,mc1,demo1,1
2026-06-13 12:23:19.158,mc1,demo1,1
2026-06-13 12:28:18.581,mc1,demo1,1
2026-06-13 12:33:19.023,mc1,demo1,1
2026-06-13 12:38:19.126,mc1,demo1,1
2026-06-13 12:43:18.925,mc1,demo1,1
2026-06-13 12:48:18.555,mc1,demo1,1
2026-06-13 12:53:19.693,mc1,demo1,1
2026-06-13 12:58:18.899,mc1,demo1,1
2026-06-13 13:03:18.688,mc1,demo1,1
2026-06-13 13:08:18.918,mc1,demo1,1
2026-06-13 13:13:18.726,mc1,demo1,1
2026-06-13 13:18:18.032,mc1,demo1,1
2026-06-13 13:23:18.610,mc1,demo1,1
2026-06-13 13:28:18.151,mc1,demo1,1
2026-06-13 13:33:18.222,mc1,demo1,1
2026-06-13 13:38:18.884,mc1,demo1,1
2026-06-13 13:43:18.473,mc1,demo1,1
2026-06-13 13:48:19.388,mc1,demo1,1
2026-06-13 13:53:19.150,mc1,demo1,1
2026-06-13 13:58:18.742,mc1,demo1,1
2026-06-13 14:03:19.528,mc1,demo1,1
2026-06-13 14:08:18.806,mc1,demo1,1
2026-06-13 14:13:18.463,mc1,demo1,1
2026-06-13 14:18:18.431,mc1,demo1,1
2026-06-13 14:23:18.986,mc1,demo1,1
2026-06-13 14:28:19.098,mc1,demo1,1
2026-06-13 14:33:19.644,mc1,demo1,1
2026-06-13 14:38:18.745,mc1,demo1,1
2026-06-13 14:43:19.108,mc1,demo1,1
2026-06-13 14:48:18.764,mc1,demo1,1
2026-06-13 14:53:18.532,mc1,demo1,1
2026-06-13 14:58:19.445,mc1,demo1,1
2026-06-13 15:03:18.474,mc1,demo1,1
2026-06-13 15:08:19.109,mc1,demo1,1
2026-06-13 15:13:18.750,mc1,demo1,1
2026-06-13 15:18:18.406,mc1,demo1,1
2026-06-13 15:23:18.702,mc1,demo1,1
2026-06-13 15:28:18.545,mc1,demo1,1
2026-06-13 15:33:18.383,mc1,demo1,1
2026-06-13 15:38:19.091,mc1,demo1,1
2026-06-13 15:43:18.543,mc1,demo1,1
2026-06-13 15:48:19.008,mc1,demo1,1
2026-06-13 15:53:18.984,mc1,demo1,1
2026-06-13 15:58:19.027,mc1,demo1,1
2026-06-13 16:03:19.171,mc1,demo1,1
2026-06-13 16:08:19.351,mc1,demo1,1
2026-06-13 16:13:18.908,mc1,demo1,1
2026-06-13 16:18:19.006,mc1,demo1,1
2026-06-13 16:23:19.307,mc1,demo1,1
2026-06-13 16:28:18.832,mc1,demo1,1
2026-06-13 16:33:18.870,mc1,demo1,1
2026-06-13 16:38:19.153,mc1,demo1,1
2026-06-13 16:43:18.317,mc1,demo1,1
2026-06-13 16:48:18.798,mc1,demo1,1
2026-06-13 16:53:18.325,mc1,demo1,1
2026-06-13 16:58:19.060,mc1,demo1,1
2026-06-13 17:03:18.531,mc1,demo1,1
2026-06-13 17:08:19.088,mc1,demo1,1
2026-06-13 17:13:18.626,mc1,demo1,1
2026-06-13 17:18:18.714,mc1,demo1,1
2026-06-13 17:23:18.854,mc1,demo1,1
2026-06-13 17:28:19.798,mc1,demo1,1
2026-06-13 17:33:18.956,mc1,demo1,1
2026-06-13 17:38:19.054,mc1,demo1,1
2026-06-13 17:43:19.373,mc1,demo1,1
2026-06-13 17:48:18.976,mc1,demo1,1
2026-06-13 17:53:18.731,mc1,demo1,1
2026-06-13 17:58:19.452,mc1,demo1,1
2026-06-13 18:03:19.155,mc1,demo1,1
2026-06-13 18:08:19.253,mc1,demo1,1
2026-06-13 18:13:18.579,mc1,demo1,1
2026-06-13 18:18:18.381,mc1,demo1,1
2026-06-13 18:23:19.199,mc1,demo1,1
2026-06-13 18:28:18.990,mc1,demo1,1
2026-06-13 18:33:19.051,mc1,demo1,1
2026-06-13 18:38:18.942,mc1,demo1,1
2026-06-13 18:43:18.740,mc1,demo1,1
2026-06-13 18:48:19.532,mc1,demo1,1
2026-06-13 18:53:18.481,mc1,demo1,1
2026-06-13 18:58:18.630,mc1,demo1,1
2026-06-13 19:03:18.801,mc1,demo1,1
2026-06-13 19:08:19.256,mc1,demo1,1
2026-06-13 19:13:18.879,mc1,demo1,1
2026-06-13 19:18:18.714,mc1,demo1,1
2026-06-13 19:23:19.020,mc1,demo1,1
2026-06-13 19:28:18.638,mc1,demo1,1
2026-06-13 19:33:19.455,mc1,demo1,1
2026-06-13 19:38:19.079,mc1,demo1,1
2026-06-13 19:43:19.461,mc1,demo1,1
2026-06-13 19:48:19.557,mc1,demo1,1
2026-06-13 19:53:19.311,mc1,demo1,1
2026-06-13 19:58:19.218,mc1,demo1,1
2026-06-13 20:03:18.534,mc1,demo1,1
2026-06-13 20:08:19.208,mc1,demo1,1
2026-06-13 20:13:19.535,mc1,demo1,1
2026-06-13 20:18:18.780,mc1,demo1,1
2026-06-13 20:23:18.882,mc1,demo1,1
2026-06-13 20:28:18.688,mc1,demo1,1
2026-06-13 20:33:18.953,mc1,demo1,1
2026-06-13 20:38:20.510,mc1,demo1,1
2026-06-13 20:43:18.871,mc1,demo1,1
2026-06-13 20:48:18.888,mc1,demo1,1
2026-06-13 20:53:18.809,mc1,demo1,1
2026-06-13 20:58:19.092,mc1,demo1,1
2026-06-13 21:03:18.384,mc1,demo1,1
2026-06-13 21:08:18.566,mc1,demo1,1
2026-06-13 21:13:19.396,mc1,demo1,1
2026-06-13 21:18:18.710,mc1,demo1,1
2026-06-13 21:23:18.989,mc1,demo1,1
2026-06-13 21:28:19.203,mc1,demo1,1
2026-06-13 21:33:19.224,mc1,demo1,1
2026-06-13 21:38:18.827,mc1,demo1,1
2026-06-13 21:43:20.399,mc1,demo1,1
2026-06-13 21:48:18.749,mc1,demo1,1
2026-06-13 21:53:19.074,mc1,demo1,1
2026-06-13 21:58:18.538,mc1,demo1,1
2026-06-13 22:03:18.612,mc1,demo1,1
2026-06-13 22:08:18.896,mc1,demo1,1
2026-06-13 22:13:18.327,mc1,demo1,1
2026-06-13 22:18:18.643,mc1,demo1,1
2026-06-13 22:23:18.871,mc1,demo1,1
2026-06-13 22:28:18.817,mc1,demo1,1
2026-06-13 22:33:18.151,mc1,demo1,1
2026-06-13 22:38:18.870,mc1,demo1,1
2026-06-13 22:43:18.903,mc1,demo1,1
2026-06-13 22:48:18.915,mc1,demo1,1
2026-06-13 22:53:19.001,mc1,demo1,1
2026-06-13 22:58:18.175,mc1,demo1,1
2026-06-13 23:03:18.642,mc1,demo1,1
2026-06-13 23:08:18.483,mc1,demo1,1
2026-06-13 23:13:19.060,mc1,demo1,1
2026-06-13 23:18:19.510,mc1,demo1,1
2026-06-13 23:23:18.869,mc1,demo1,1
2026-06-13 23:28:18.701,mc1,demo1,1
2026-06-13 23:33:18.932,mc1,demo1,1
2026-06-13 23:38:19.599,mc1,demo1,1
2026-06-13 23:43:18.623,mc1,demo1,1
2026-06-13 23:48:18.787,mc1,demo1,1
2026-06-13 23:53:18.610,mc1,demo1,1
2026-06-13 23:58:18.717,mc1,demo1,1
2026-06-14 00:03:18.769,mc1,demo1,1
2026-06-14 00:08:19.197,mc1,demo1,1
2026-06-14 00:13:19.043,mc1,demo1,1
2026-06-14 00:18:19.078,mc1,demo1,1
2026-06-14 00:23:18.931,mc1,demo1,1
2026-06-14 00:28:19.289,mc1,demo1,1
2026-06-14 00:33:18.794,mc1,demo1,1
2026-06-14 00:38:18.541,mc1,demo1,1
2026-06-14 00:43:18.935,mc1,demo1,1
2026-06-14 00:48:18.292,mc1,demo1,1
2026-06-14 00:53:18.008,mc1,demo1,1
2026-06-14 00:58:18.947,mc1,demo1,1
2026-06-14 01:03:18.576,mc1,demo1,1
2026-06-14 01:08:18.491,mc1,demo1,1
2026-06-14 01:13:18.981,mc1,demo1,1
2026-06-14 01:18:19.236,mc1,demo1,1
2026-06-14 01:23:19.043,mc1,demo1,1
2026-06-14 01:28:18.269,mc1,demo1,1
2026-06-14 01:33:19.101,mc1,demo1,1
2026-06-14 01:38:18.273,mc1,demo1,1
2026-06-14 01:43:18.352,mc1,demo1,1
2026-06-14 01:48:18.304,mc1,demo1,1
2026-06-14 01:53:18.832,mc1,demo1,1
2026-06-14 01:58:18.722,mc1,demo1,1
2026-06-14 02:03:18.647,mc1,demo1,1
2026-06-14 02:08:19.121,mc1,demo1,1
2026-06-14 02:13:18.339,mc1,demo1,1
2026-06-14 02:18:19.070,mc1,demo1,1
2026-06-14 02:23:19.179,mc1,demo1,1
2026-06-14 02:28:18.589,mc1,demo1,1
2026-06-14 02:33:18.716,mc1,demo1,1
2026-06-14 02:38:18.485,mc1,demo1,1
2026-06-14 02:43:18.624,mc1,demo1,1
2026-06-14 02:48:18.454,mc1,demo1,1
2026-06-14 02:53:18.396,mc1,demo1,1
2026-06-14 02:58:18.708,mc1,demo1,1
2026-06-14 03:03:18.364,mc1,demo1,1
2026-06-14 03:08:18.617,mc1,demo1,1
2026-06-14 03:13:18.105,mc1,demo1,1
2026-06-14 03:18:18.262,mc1,demo1,1
2026-06-14 03:23:19.138,mc1,demo1,1
2026-06-14 03:28:18.757,mc1,demo1,1
2026-06-14 03:33:18.446,mc1,demo1,1
2026-06-14 03:38:18.973,mc1,demo1,1
2026-06-14 03:43:18.723,mc1,demo1,1
2026-06-14 03:48:19.135,mc1,demo1,1
2026-06-14 03:53:18.249,mc1,demo1,1
2026-06-14 03:58:18.480,mc1,demo1,1
2026-06-14 04:03:18.941,mc1,demo1,1
2026-06-14 04:08:18.641,mc1,demo1,1
2026-06-14 04:13:18.691,mc1,demo1,1
2026-06-14 04:18:18.627,mc1,demo1,1
2026-06-14 04:23:18.413,mc1,demo1,1
2026-06-14 04:28:18.364,mc1,demo1,1
2026-06-14 04:33:18.732,mc1,demo1,1
2026-06-14 04:38:18.650,mc1,demo1,1
2026-06-14 04:43:19.149,mc1,demo1,1
2026-06-14 04:48:19.145,mc1,demo1,1
2026-06-14 04:53:18.566,mc1,demo1,1
2026-06-14 04:58:18.266,mc1,demo1,1
2026-06-14 05:03:18.023,mc1,demo1,1
2026-06-14 05:08:18.263,mc1,demo1,1
2026-06-14 05:13:18.653,mc1,demo1,1
2026-06-14 05:18:18.860,mc1,demo1,1
2026-06-14 05:23:18.718,mc1,demo1,1
2026-06-14 05:28:19.292,mc1,demo1,1
2026-06-14 05:33:18.419,mc1,demo1,1
2026-06-14 05:38:19.663,mc1,demo1,1
2026-06-14 05:43:18.388,mc1,demo1,1
2026-06-14 05:48:18.861,mc1,demo1,1
2026-06-14 05:53:18.668,mc1,demo1,1
2026-06-14 05:58:18.457,mc1,demo1,1
2026-06-14 06:03:18.689,mc1,demo1,1
2026-06-14 06:08:18.917,mc1,demo1,1
2026-06-14 06:13:18.780,mc1,demo1,1
2026-06-14 06:18:18.133,mc1,demo1,1
2026-06-14 06:23:18.336,mc1,demo1,1
2026-06-14 06:28:19.003,mc1,demo1,1
2026-06-14 06:33:18.289,mc1,demo1,1
2026-06-14 06:38:19.018,mc1,demo1,1
2026-06-14 06:43:18.706,mc1,demo1,1
2026-06-14 06:48:18.700,mc1,demo1,1
2026-06-14 06:53:19.084,mc1,demo1,1
2026-06-14 06:58:18.768,mc1,demo1,1
2026-06-14 07:03:18.390,mc1,demo1,1
2026-06-14 07:08:19.028,mc1,demo1,1
2026-06-14 07:13:18.703,mc1,demo1,1
2026-06-14 07:18:18.235,mc1,demo1,1
2026-06-14 07:23:18.512,mc1,demo1,1
2026-06-14 07:28:18.863,mc1,demo1,1
2026-06-14 07:33:18.195,mc1,demo1,1
2026-06-14 07:38:18.540,mc1,demo1,1
2026-06-14 07:43:18.959,mc1,demo1,1
2026-06-14 07:48:18.764,mc1,demo1,1
2026-06-14 07:53:18.362,mc1,demo1,1
2026-06-14 07:58:18.961,mc1,demo1,1
2026-06-14 08:03:18.616,mc1,demo1,1
2026-06-14 08:08:18.473,mc1,demo1,1
2026-06-14 08:13:18.812,mc1,demo1,1
2026-06-14 08:18:18.854,mc1,demo1,1
2026-06-14 08:23:18.610,mc1,demo1,1
2026-06-14 08:28:18.343,mc1,demo1,1
2026-06-14 08:33:18.665,mc1,demo1,1
2026-06-14 08:38:19.199,mc1,demo1,1
2026-06-14 08:43:18.812,mc1,demo1,1
2026-06-14 08:48:18.139,mc1,demo1,1
2026-06-14 08:53:18.364,mc1,demo1,1
2026-06-14 08:58:19.002,mc1,demo1,1
2026-06-14 09:03:18.681,mc1,demo1,1
2026-06-14 09:08:19.175,mc1,demo1,1
2026-06-14 09:13:19.426,mc1,demo1,1
2026-06-14 09:18:18.215,mc1,demo1,1
2026-06-14 09:23:18.722,mc1,demo1,1
2026-06-14 09:28:18.899,mc1,demo1,1
2026-06-14 09:33:18.980,mc1,demo1,1
2026-06-14 09:38:18.250,mc1,demo1,1
2026-06-14 09:43:19.243,mc1,demo1,1
2026-06-14 09:48:19.273,mc1,demo1,1
2026-06-14 09:53:18.908,mc1,demo1,1
2026-06-14 09:58:18.453,mc1,demo1,1
2026-06-14 10:03:18.591,mc1,demo1,1
2026-06-14 10:08:18.237,mc1,demo1,1
2026-06-14 10:13:18.905,mc1,demo1,1
2026-06-14 10:18:19.448,mc1,demo1,1
2026-06-14 10:23:18.930,mc1,demo1,1
2026-06-14 10:28:18.904,mc1,demo1,1
2026-06-14 10:33:18.634,mc1,demo1,1
2026-06-14 10:38:18.265,mc1,demo1,1
2026-06-14 10:43:18.759,mc1,demo1,1
2026-06-14 10:48:19.289,mc1,demo1,1
2026-06-14 10:53:18.255,mc1,demo1,1
2026-06-14 10:58:18.933,mc1,demo1,1
2026-06-14 11:03:18.648,mc1,demo1,1
2026-06-14 11:08:18.764,mc1,demo1,1
2026-06-14 11:13:18.645,mc1,demo1,1
2026-06-14 11:18:18.919,mc1,demo1,1
2026-06-14 11:23:19.107,mc1,demo1,1
2026-06-14 11:28:19.440,mc1,demo1,1
2026-06-14 11:33:19.072,mc1,demo1,1
2026-06-14 11:38:18.273,mc1,demo1,1
2026-06-14 11:43:18.336,mc1,demo1,1
2026-06-14 11:48:18.674,mc1,demo1,1
2026-06-14 11:53:18.519,mc1,demo1,1
2026-06-14 11:58:19.019,mc1,demo1,1
2026-06-14 12:03:18.607,mc1,demo1,1
2026-06-14 12:08:19.641,mc1,demo1,1
2026-06-14 12:13:18.685,mc1,demo1,1
2026-06-14 12:18:18.748,mc1,demo1,1
2026-06-14 12:23:18.582,mc1,demo1,1
2026-06-14 12:28:18.486,mc1,demo1,1
2026-06-14 12:33:18.699,mc1,demo1,1
2026-06-14 12:38:18.804,mc1,demo1,1
2026-06-14 12:43:18.850,mc1,demo1,1
2026-06-14 12:48:18.131,mc1,demo1,1
2026-06-14 12:53:18.312,mc1,demo1,1
2026-06-14 12:58:18.772,mc1,demo1,1
2026-06-14 13:03:18.421,mc1,demo1,1
2026-06-14 13:08:18.760,mc1,demo1,1
2026-06-14 13:13:18.779,mc1,demo1,1
2026-06-14 13:18:18.854,mc1,demo1,1
2026-06-14 13:23:18.689,mc1,demo1,1
2026-06-14 13:28:18.712,mc1,demo1,1
2026-06-14 13:33:18.826,mc1,demo1,1
2026-06-14 13:38:18.231,mc1,demo1,1
2026-06-14 13:43:19.934,mc1,demo1,1
2026-06-14 13:48:18.919,mc1,demo1,1
2026-06-14 13:53:18.933,mc1,demo1,1
2026-06-14 13:58:19.426,mc1,demo1,1
2026-06-14 14:03:18.592,mc1,demo1,1
2026-06-14 14:08:18.921,mc1,demo1,1
2026-06-14 14:13:19.384,mc1,demo1,1
2026-06-14 14:18:18.402,mc1,demo1,1
2026-06-14 14:23:18.371,mc1,demo1,1
2026-06-14 14:28:19.008,mc1,demo1,1
2026-06-14 14:33:18.478,mc1,demo1,1
2026-06-14 14:38:18.905,mc1,demo1,1
2026-06-14 14:43:18.936,mc1,demo1,1
2026-06-14 14:48:18.980,mc1,demo1,1
2026-06-14 14:53:18.941,mc1,demo1,1
2026-06-14 14:58:18.768,mc1,demo1,1
2026-06-14 15:03:18.901,mc1,demo1,1
2026-06-14 15:08:19.319,mc1,demo1,1
2026-06-14 15:13:18.932,mc1,demo1,1
2026-06-14 15:18:18.355,mc1,demo1,1
2026-06-14 15:23:18.417,mc1,demo1,1
2026-06-14 15:28:18.936,mc1,demo1,1
2026-06-14 15:33:18.502,mc1,demo1,1
2026-06-14 15:38:18.883,mc1,demo1,1
2026-06-14 15:43:19.037,mc1,demo1,1
2026-06-14 15:48:18.664,mc1,demo1,1
2026-06-14 15:53:19.401,mc1,demo1,1
2026-06-14 15:58:18.703,mc1,demo1,1
2026-06-14 16:03:19.024,mc1,demo1,1
2026-06-14 16:08:19.078,mc1,demo1,1
2026-06-14 16:13:18.852,mc1,demo1,1
2026-06-14 16:18:19.140,mc1,demo1,1
2026-06-14 16:23:18.926,mc1,demo1,1
2026-06-14 16:28:18.693,mc1,demo1,1
2026-06-14 16:33:19.063,mc1,demo1,1
2026-06-14 16:38:18.138,mc1,demo1,1
2026-06-14 16:43:18.785,mc1,demo1,1
2026-06-14 16:48:18.581,mc1,demo1,1
2026-06-14 16:53:18.776,mc1,demo1,1
2026-06-14 16:58:18.716,mc1,demo1,1
2026-06-14 17:03:18.744,mc1,demo1,1
2026-06-14 17:08:18.614,mc1,demo1,1
2026-06-14 17:13:18.696,mc1,demo1,1
2026-06-14 17:18:18.762,mc1,demo1,1
2026-06-14 17:23:18.212,mc1,demo1,1
2026-06-14 17:28:18.771,mc1,demo1,1
2026-06-14 17:33:19.082,mc1,demo1,1
2026-06-14 17:38:18.661,mc1,demo1,1
2026-06-14 17:43:18.228,mc1,demo1,1
2026-06-14 17:48:19.383,mc1,demo1,1
2026-06-14 17:53:18.740,mc1,demo1,1
2026-06-14 17:58:19.064,mc1,demo1,1
2026-06-14 18:03:18.352,mc1,demo1,1
2026-06-14 18:08:19.061,mc1,demo1,1
2026-06-14 18:13:19.204,mc1,demo1,1
2026-06-14 18:18:18.987,mc1,demo1,1
2026-06-14 18:23:18.254,mc1,demo1,1
2026-06-14 18:28:19.010,mc1,demo1,1
2026-06-14 18:33:18.931,mc1,demo1,1
2026-06-14 18:38:18.817,mc1,demo1,1
2026-06-14 18:43:18.819,mc1,demo1,1
2026-06-14 18:48:18.425,mc1,demo1,1
2026-06-14 18:53:18.791,mc1,demo1,1
2026-06-14 18:58:18.694,mc1,demo1,1
2026-06-14 19:03:19.137,mc1,demo1,1
2026-06-14 19:08:18.880,mc1,demo1,1
2026-06-14 19:13:18.414,mc1,demo1,1
2026-06-14 19:18:18.838,mc1,demo1,1
2026-06-14 19:23:18.644,mc1,demo1,1
2026-06-14 19:28:18.358,mc1,demo1,1
2026-06-14 19:33:18.786,mc1,demo1,1
2026-06-14 19:38:18.487,mc1,demo1,1
2026-06-14 19:43:18.237,mc1,demo1,1
2026-06-14 19:48:18.500,mc1,demo1,1
2026-06-14 19:53:18.286,mc1,demo1,1
2026-06-14 19:58:18.489,mc1,demo1,1
2026-06-14 20:03:18.212,mc1,demo1,1
2026-06-14 20:08:19.070,mc1,demo1,1
2026-06-14 20:13:19.077,mc1,demo1,1
2026-06-14 20:18:18.502,mc1,demo1,1
2026-06-14 20:23:18.435,mc1,demo1,1
2026-06-14 20:28:19.049,mc1,demo1,1
2026-06-14 20:33:18.624,mc1,demo1,1
2026-06-14 20:38:18.659,mc1,demo1,1
2026-06-14 20:43:18.313,mc1,demo1,1
2026-06-14 20:48:18.991,mc1,demo1,1
2026-06-14 20:53:19.074,mc1,demo1,1
2026-06-14 20:58:19.073,mc1,demo1,1
2026-06-14 21:03:18.047,mc1,demo1,1
2026-06-14 21:08:18.996,mc1,demo1,1
2026-06-14 21:13:18.137,mc1,demo1,1
2026-06-14 21:18:18.692,mc1,demo1,1
2026-06-14 21:23:19.335,mc1,demo1,1
2026-06-14 21:28:19.129,mc1,demo1,1
2026-06-14 21:33:18.696,mc1,demo1,1
2026-06-14 21:38:19.007,mc1,demo1,1
2026-06-14 21:43:19.170,mc1,demo1,1
2026-06-14 21:48:18.579,mc1,demo1,1
2026-06-14 21:53:18.665,mc1,demo1,1
2026-06-14 21:58:18.926,mc1,demo1,1
2026-06-14 22:03:19.470,mc1,demo1,1
2026-06-14 22:08:18.582,mc1,demo1,1
2026-06-14 22:13:18.172,mc1,demo1,1
2026-06-14 22:18:18.461,mc1,demo1,1
2026-06-14 22:23:18.525,mc1,demo1,1
2026-06-14 22:28:18.687,mc1,demo1,1
2026-06-14 22:33:19.245,mc1,demo1,1
2026-06-14 22:38:18.529,mc1,demo1,1
2026-06-14 22:43:18.963,mc1,demo1,1
2026-06-14 22:48:18.849,mc1,demo1,1
2026-06-14 22:53:19.436,mc1,demo1,1
2026-06-14 22:58:19.514,mc1,demo1,1
2026-06-14 23:03:18.638,mc1,demo1,1
2026-06-14 23:08:18.798,mc1,demo1,1
2026-06-14 23:13:18.648,mc1,demo1,1
2026-06-14 23:18:18.236,mc1,demo1,1
2026-06-14 23:23:18.690,mc1,demo1,1
2026-06-14 23:28:18.173,mc1,demo1,1
2026-06-14 23:33:18.871,mc1,demo1,1
2026-06-14 23:38:18.479,mc1,demo1,1
2026-06-14 23:43:18.891,mc1,demo1,1
2026-06-14 23:48:18.744,mc1,demo1,1
2026-06-14 23:53:18.344,mc1,demo1,1
2026-06-14 23:58:19.086,mc1,demo1,1
2026-06-15 00:03:18.872,mc1,demo1,1
2026-06-15 00:08:19.290,mc1,demo1,1
2026-06-15 00:13:19.151,mc1,demo1,1
2026-06-15 00:18:18.760,mc1,demo1,1
2026-06-15 00:23:18.358,mc1,demo1,1
2026-06-15 00:28:18.583,mc1,demo1,1
2026-06-15 00:33:18.871,mc1,demo1,1
2026-06-15 00:38:18.550,mc1,demo1,1
2026-06-15 00:43:18.159,mc1,demo1,1
2026-06-15 00:48:18.703,mc1,demo1,1
2026-06-15 00:53:18.854,mc1,demo1,1
2026-06-15 00:58:19.808,mc1,demo1,1
2026-06-15 01:03:18.542,mc1,demo1,1
2026-06-15 01:08:18.922,mc1,demo1,1
2026-06-15 01:13:18.434,mc1,demo1,1
2026-06-15 01:18:18.851,mc1,demo1,1
2026-06-15 01:23:18.364,mc1,demo1,1
2026-06-15 01:28:18.708,mc1,demo1,1
2026-06-15 01:33:18.838,mc1,demo1,1
2026-06-15 01:38:18.328,mc1,demo1,1
2026-06-15 01:43:18.644,mc1,demo1,1
2026-06-15 01:48:18.801,mc1,demo1,1
2026-06-15 01:53:18.690,mc1,demo1,1
2026-06-15 01:58:18.932,mc1,demo1,1
2026-06-15 02:03:19.485,mc1,demo1,1
2026-06-15 02:08:18.970,mc1,demo1,1
2026-06-15 02:13:18.696,mc1,demo1,1
2026-06-15 02:18:18.417,mc1,demo1,1
2026-06-15 02:23:18.842,mc1,demo1,1
2026-06-15 02:28:18.562,mc1,demo1,1
2026-06-15 02:33:18.878,mc1,demo1,1
2026-06-15 02:38:19.109,mc1,demo1,1
2026-06-15 02:43:18.618,mc1,demo1,1
2026-06-15 02:48:18.247,mc1,demo1,1
2026-06-15 02:53:18.754,mc1,demo1,1
2026-06-15 02:58:18.679,mc1,demo1,1
2026-06-15 03:03:18.834,mc1,demo1,1
2026-06-15 03:08:19.688,mc1,demo1,1
2026-06-15 03:13:18.790,mc1,demo1,1
2026-06-15 03:18:19.393,mc1,demo1,1
2026-06-15 03:23:18.484,mc1,demo1,1
2026-06-15 03:28:18.585,mc1,demo1,1
2026-06-15 03:33:18.897,mc1,demo1,1
2026-06-15 03:38:18.893,mc1,demo1,1
2026-06-15 03:43:19.032,mc1,demo1,1
2026-06-15 03:48:18.918,mc1,demo1,1
2026-06-15 03:53:18.543,mc1,demo1,1
2026-06-15 03:58:18.820,mc1,demo1,1
2026-06-15 04:03:18.107,mc1,demo1,1
2026-06-15 04:08:19.003,mc1,demo1,1
2026-06-15 04:13:18.740,mc1,demo1,1
2026-06-15 04:18:18.647,mc1,demo1,1
2026-06-15 04:23:19.291,mc1,demo1,1
2026-06-15 04:28:18.569,mc1,demo1,1
2026-06-15 04:33:18.319,mc1,demo1,1
2026-06-15 04:38:18.968,mc1,demo1,1
2026-06-15 04:43:18.973,mc1,demo1,1
2026-06-15 04:48:18.830,mc1,demo1,1
2026-06-15 04:53:19.029,mc1,demo1,1
2026-06-15 04:58:18.232,mc1,demo1,1
2026-06-15 05:03:18.629,mc1,demo1,1
2026-06-15 05:08:19.222,mc1,demo1,1
2026-06-15 05:13:18.458,mc1,demo1,1
2026-06-15 05:18:18.817,mc1,demo1,1
2026-06-15 05:23:19.159,mc1,demo1,1
2026-06-15 05:28:18.892,mc1,demo1,1
2026-06-15 05:33:18.372,mc1,demo1,1
2026-06-15 05:38:19.205,mc1,demo1,1
2026-06-15 05:43:18.743,mc1,demo1,1
2026-06-15 05:48:18.952,mc1,demo1,1
2026-06-15 05:53:19.041,mc1,demo1,1
2026-06-15 05:58:18.887,mc1,demo1,1
2026-06-15 06:03:19.194,mc1,demo1,1
2026-06-15 06:08:18.952,mc1,demo1,1
2026-06-15 06:13:18.528,mc1,demo1,1
2026-06-15 06:18:18.852,mc1,demo1,1
2026-06-15 06:23:18.458,mc1,demo1,1
2026-06-15 06:28:18.829,mc1,demo1,1
2026-06-15 06:33:18.705,mc1,demo1,1
2026-06-15 06:38:19.175,mc1,demo1,1
2026-06-15 06:43:19.383,mc1,demo1,1
2026-06-15 06:48:19.186,mc1,demo1,1
2026-06-15 06:53:18.665,mc1,demo1,1
2026-06-15 06:58:18.858,mc1,demo1,1
2026-06-15 07:03:18.705,mc1,demo1,1
2026-06-15 07:08:19.521,mc1,demo1,1
2026-06-15 07:13:18.275,mc1,demo1,1
2026-06-15 07:18:19.295,mc1,demo1,1
2026-06-15 07:23:18.563,mc1,demo1,1
2026-06-15 07:28:18.735,mc1,demo1,1
2026-06-15 07:33:18.835,mc1,demo1,1
2026-06-15 07:38:19.182,mc1,demo1,1
2026-06-15 07:43:18.906,mc1,demo1,1
2026-06-15 07:48:19.544,mc1,demo1,1
2026-06-15 07:53:18.698,mc1,demo1,1
2026-06-15 07:58:18.539,mc1,demo1,1
2026-06-15 08:03:18.648,mc1,demo1,1
2026-06-15 08:08:18.698,mc1,demo1,1
2026-06-15 08:13:19.167,mc1,demo1,1
2026-06-15 08:18:19.771,mc1,demo1,1
2026-06-15 08:23:18.765,mc1,demo1,1
2026-06-15 08:28:19.038,mc1,demo1,1
2026-06-15 08:33:18.580,mc1,demo1,1
2026-06-15 08:38:19.069,mc1,demo1,1
2026-06-15 08:43:18.912,mc1,demo1,1
2026-06-15 08:48:18.899,mc1,demo1,1
2026-06-15 08:53:18.902,mc1,demo1,1
2026-06-15 08:58:19.334,mc1,demo1,1
2026-06-15 09:03:19.098,mc1,demo1,1
2026-06-15 09:08:18.584,mc1,demo1,1
2026-06-15 09:13:19.035,mc1,demo1,1
2026-06-15 09:18:18.845,mc1,demo1,1
2026-06-15 09:23:18.814,mc1,demo1,1
2026-06-15 09:28:18.644,mc1,demo1,1
2026-06-15 09:33:18.936,mc1,demo1,1
2026-06-15 09:38:18.461,mc1,demo1,1
2026-06-15 09:43:18.666,mc1,demo1,1
2026-06-15 09:48:18.665,mc1,demo1,1
2026-06-15 09:53:19.011,mc1,demo1,1
2026-06-15 09:58:19.105,mc1,demo1,1
2026-06-15 10:03:18.930,mc1,demo1,1
2026-06-15 10:08:18.125,mc1,demo1,1
2026-06-15 10:13:18.702,mc1,demo1,1
2026-06-15 10:18:19.178,mc1,demo1,1
2026-06-15 10:23:18.331,mc1,demo1,1
2026-06-15 10:28:18.201,mc1,demo1,1
2026-06-15 10:33:18.329,mc1,demo1,1
2026-06-15 10:38:19.062,mc1,demo1,1
2026-06-15 10:43:18.193,mc1,demo1,1
2026-06-15 10:48:18.503,mc1,demo1,1
2026-06-15 10:53:18.372,mc1,demo1,1
2026-06-15 10:58:19.063,mc1,demo1,1
2026-06-15 11:03:18.427,mc1,demo1,1
2026-06-15 11:08:19.035,mc1,demo1,1
2026-06-15 11:13:19.340,mc1,demo1,1
2026-06-15 11:18:18.887,mc1,demo1,1
2026-06-15 11:23:18.256,mc1,demo1,1
2026-06-15 11:28:18.773,mc1,demo1,1
2026-06-15 11:33:19.263,mc1,demo1,1
2026-06-15 11:38:19.174,mc1,demo1,1
2026-06-15 11:43:18.444,mc1,demo1,1
2026-06-15 11:48:19.027,mc1,demo1,1
2026-06-15 11:53:18.376,mc1,demo1,1
2026-06-15 11:58:18.836,mc1,demo1,1
2026-06-15 12:03:18.320,mc1,demo1,1
2026-06-15 12:08:18.816,mc1,demo1,1
2026-06-15 12:13:19.603,mc1,demo1,1
2026-06-15 12:18:18.641,mc1,demo1,1
2026-06-15 12:23:18.349,mc1,demo1,1
2026-06-15 12:28:18.507,mc1,demo1,1
2026-06-15 12:33:18.655,mc1,demo1,1
2026-06-15 12:38:18.695,mc1,demo1,1
2026-06-15 12:43:18.564,mc1,demo1,1
2026-06-15 12:48:18.963,mc1,demo1,1
2026-06-15 12:53:18.376,mc1,demo1,1
2026-06-15 12:58:18.265,mc1,demo1,1
2026-06-15 13:03:19.247,mc1,demo1,1
2026-06-15 13:08:18.761,mc1,demo1,1
2026-06-15 13:13:18.358,mc1,demo1,1
2026-06-15 13:18:18.302,mc1,demo1,1
2026-06-15 13:23:18.756,mc1,demo1,1
2026-06-15 13:28:19.430,mc1,demo1,1
2026-06-15 13:33:18.883,mc1,demo1,1
2026-06-15 13:38:18.602,mc1,demo1,1
2026-06-15 13:43:19.117,mc1,demo1,1
2026-06-15 13:48:18.918,mc1,demo1,1
2026-06-15 13:53:19.140,mc1,demo1,1
2026-06-15 13:58:18.848,mc1,demo1,1
2026-06-15 14:03:18.765,mc1,demo1,1
2026-06-15 14:08:18.699,mc1,demo1,1
2026-06-15 14:13:18.814,mc1,demo1,1
2026-06-15 14:18:18.483,mc1,demo1,1
2026-06-15 14:23:18.119,mc1,demo1,1
2026-06-15 14:28:18.900,mc1,demo1,1
2026-06-15 14:33:18.474,mc1,demo1,1
2026-06-15 14:38:20.199,mc1,demo1,1
2026-06-15 14:43:18.435,mc1,demo1,1
2026-06-15 14:48:18.844,mc1,demo1,1
2026-06-15 14:53:18.198,mc1,demo1,1
2026-06-15 14:58:19.171,mc1,demo1,1
2026-06-15 15:03:18.422,mc1,demo1,1
2026-06-15 15:08:19.127,mc1,demo1,1
2026-06-15 15:13:19.091,mc1,demo1,1
2026-06-15 15:18:18.930,mc1,demo1,1
2026-06-15 15:23:18.936,mc1,demo1,1
2026-06-15 15:28:18.390,mc1,demo1,1
2026-06-15 15:33:18.846,mc1,demo1,1
2026-06-15 15:38:19.889,mc1,demo1,1
2026-06-15 15:43:18.964,mc1,demo1,1
2026-06-15 15:48:18.862,mc1,demo1,1
2026-06-15 15:53:18.951,mc1,demo1,1
2026-06-15 15:58:18.824,mc1,demo1,1
2026-06-15 16:03:18.742,mc1,demo1,1
2026-06-15 16:08:18.689,mc1,demo1,1
2026-06-15 16:13:19.053,mc1,demo1,1
2026-06-15 16:18:18.331,mc1,demo1,1
2026-06-15 16:23:18.873,mc1,demo1,1
2026-06-15 16:28:18.515,mc1,demo1,1
2026-06-15 16:33:18.932,mc1,demo1,1
2026-06-15 16:38:18.929,mc1,demo1,1
2026-06-15 16:43:18.841,mc1,demo1,1
2026-06-15 16:48:19.496,mc1,demo1,1
2026-06-15 16:53:18.516,mc1,demo1,1
2026-06-15 16:58:18.776,mc1,demo1,1
2026-06-15 17:03:18.566,mc1,demo1,1
2026-06-15 17:08:18.351,mc1,demo1,1
2026-06-15 17:13:18.889,mc1,demo1,1
2026-06-15 17:18:18.439,mc1,demo1,1
2026-06-15 17:23:18.920,mc1,demo1,1
2026-06-15 17:28:18.853,mc1,demo1,1
2026-06-15 17:33:18.672,mc1,demo1,1
2026-06-15 17:38:18.923,mc1,demo1,1
2026-06-15 17:43:19.046,mc1,demo1,1
2026-06-15 17:48:18.651,mc1,demo1,1
2026-06-15 17:53:18.818,mc1,demo1,1
2026-06-15 17:58:19.193,mc1,demo1,1
2026-06-15 18:03:18.665,mc1,demo1,1
2026-06-15 18:08:18.933,mc1,demo1,1
2026-06-15 18:13:18.910,mc1,demo1,1
2026-06-15 18:18:18.352,mc1,demo1,1
2026-06-15 18:23:18.406,mc1,demo1,1
2026-06-15 18:28:18.161,mc1,demo1,1
2026-06-15 18:33:18.896,mc1,demo1,1
2026-06-15 18:38:19.323,mc1,demo1,1
2026-06-15 18:43:18.702,mc1,demo1,1
2026-06-15 18:48:18.912,mc1,demo1,1
2026-06-15 18:53:19.102,mc1,demo1,1
2026-06-15 18:58:18.263,mc1,demo1,1
2026-06-15 19:03:18.933,mc1,demo1,1
2026-06-15 19:08:19.823,mc1,demo1,1
2026-06-15 19:13:18.737,mc1,demo1,1
2026-06-15 19:18:18.849,mc1,demo1,1
2026-06-15 19:23:18.312,mc1,demo1,1
2026-06-15 19:28:18.181,mc1,demo1,1
2026-06-15 19:33:18.330,mc1,demo1,1
2026-06-15 19:38:18.960,mc1,demo1,1
2026-06-15 19:43:19.070,mc1,demo1,1
2026-06-15 19:48:18.897,mc1,demo1,1
2026-06-15 19:53:19.034,mc1,demo1,1
2026-06-15 19:58:19.020,mc1,demo1,1
2026-06-15 20:03:18.264,mc1,demo1,1
2026-06-15 20:08:18.879,mc1,demo1,1
2026-06-15 20:13:18.723,mc1,demo1,1
2026-06-15 20:18:19.337,mc1,demo1,1
2026-06-15 20:23:18.210,mc1,demo1,1
2026-06-15 20:28:18.376,mc1,demo1,1
2026-06-15 20:33:18.518,mc1,demo1,1
2026-06-15 20:38:18.425,mc1,demo1,1
2026-06-15 20:43:18.656,mc1,demo1,1
2026-06-15 20:48:18.686,mc1,demo1,1
2026-06-15 20:53:18.167,mc1,demo1,1
2026-06-15 20:58:19.021,mc1,demo1,1
2026-06-15 21:03:18.717,mc1,demo1,1
2026-06-15 21:08:18.301,mc1,demo1,1
2026-06-15 21:13:18.235,mc1,demo1,1
2026-06-15 21:18:19.040,mc1,demo1,1
2026-06-15 21:23:18.610,mc1,demo1,1
2026-06-15 21:28:18.711,mc1,demo1,1
2026-06-15 21:33:18.244,mc1,demo1,1
2026-06-15 21:38:18.596,mc1,demo1,1
2026-06-15 21:43:18.634,mc1,demo1,1
2026-06-15 21:48:18.572,mc1,demo1,1
2026-06-15 21:53:18.175,mc1,demo1,1
2026-06-15 21:58:18.490,mc1,demo1,1
2026-06-15 22:03:19.034,mc1,demo1,1
2026-06-15 22:08:19.075,mc1,demo1,1
2026-06-15 22:13:18.788,mc1,demo1,1
2026-06-15 22:18:18.489,mc1,demo1,1
2026-06-15 22:23:18.767,mc1,demo1,1
2026-06-15 22:28:18.391,mc1,demo1,1
2026-06-15 22:33:18.836,mc1,demo1,1
2026-06-15 22:38:19.320,mc1,demo1,1
2026-06-15 22:43:18.723,mc1,demo1,1
2026-06-15 22:48:18.933,mc1,demo1,1
2026-06-15 22:53:18.480,mc1,demo1,1
2026-06-15 22:58:18.871,mc1,demo1,1
2026-06-15 23:03:18.662,mc1,demo1,1
2026-06-15 23:08:18.332,mc1,demo1,1
2026-06-15 23:13:18.677,mc1,demo1,1
2026-06-15 23:18:18.743,mc1,demo1,1
2026-06-15 23:23:18.525,mc1,demo1,1
2026-06-15 23:28:18.877,mc1,demo1,1
2026-06-15 23:33:18.478,mc1,demo1,1
2026-06-15 23:38:18.364,mc1,demo1,1
2026-06-15 23:43:18.688,mc1,demo1,1
2026-06-15 23:48:18.244,mc1,demo1,1
2026-06-15 23:53:18.341,mc1,demo1,1
2026-06-15 23:58:18.958,mc1,demo1,1
2026-06-16 00:03:19.004,mc1,demo1,1
2026-06-16 00:08:18.707,mc1,demo1,1
2026-06-16 00:13:18.248,mc1,demo1,1
2026-06-16 00:18:18.337,mc1,demo1,1
2026-06-16 00:23:18.880,mc1,demo1,1
2026-06-16 00:28:18.807,mc1,demo1,1
2026-06-16 00:33:19.087,mc1,demo1,1
2026-06-16 00:38:18.958,mc1,demo1,1
2026-06-16 00:43:19.386,mc1,demo1,1
2026-06-16 00:48:18.300,mc1,demo1,1
2026-06-16 00:53:19.107,mc1,demo1,1
2026-06-16 00:58:18.908,mc1,demo1,1
2026-06-16 01:03:18.745,mc1,demo1,1
2026-06-16 01:08:18.977,mc1,demo1,1
2026-06-16 01:13:18.837,mc1,demo1,1
2026-06-16 01:18:18.301,mc1,demo1,1
2026-06-16 01:23:18.755,mc1,demo1,1
2026-06-16 01:28:18.494,mc1,demo1,1
2026-06-16 01:33:18.245,mc1,demo1,1
2026-06-16 01:38:18.502,mc1,demo1,1
2026-06-16 01:43:18.432,mc1,demo1,1
2026-06-16 01:48:19.002,mc1,demo1,1
2026-06-16 01:53:18.950,mc1,demo1,1
2026-06-16 01:58:18.413,mc1,demo1,1
2026-06-16 02:03:20.122,mc1,demo1,1
2026-06-16 02:08:18.563,mc1,demo1,1
2026-06-16 02:13:18.388,mc1,demo1,1
2026-06-16 02:18:18.707,mc1,demo1,1
2026-06-16 02:23:18.403,mc1,demo1,1
2026-06-16 02:28:18.360,mc1,demo1,1
2026-06-16 02:33:18.556,mc1,demo1,1
2026-06-16 02:38:18.953,mc1,demo1,1
2026-06-16 02:43:18.450,mc1,demo1,1
2026-06-16 02:48:18.617,mc1,demo1,1
2026-06-16 02:53:18.228,mc1,demo1,1
2026-06-16 02:58:18.886,mc1,demo1,1
2026-06-16 03:03:18.818,mc1,demo1,1
2026-06-16 03:08:19.217,mc1,demo1,1
2026-06-16 03:13:19.445,mc1,demo1,1
2026-06-16 03:18:18.842,mc1,demo1,1
2026-06-16 03:23:18.767,mc1,demo1,1
2026-06-16 03:28:18.917,mc1,demo1,1
2026-06-16 03:33:18.845,mc1,demo1,1
2026-06-16 03:38:18.726,mc1,demo1,1
2026-06-16 03:43:18.669,mc1,demo1,1
2026-06-16 03:48:19.157,mc1,demo1,1
2026-06-16 03:53:18.739,mc1,demo1,1
2026-06-16 03:58:18.789,mc1,demo1,1
2026-06-16 04:03:18.416,mc1,demo1,1
2026-06-16 04:08:18.707,mc1,demo1,1
2026-06-16 04:13:18.704,mc1,demo1,1
2026-06-16 04:18:18.731,mc1,demo1,1
2026-06-16 04:23:19.421,mc1,demo1,1
2026-06-16 04:28:19.058,mc1,demo1,1
2026-06-16 04:33:18.800,mc1,demo1,1
2026-06-16 04:38:18.487,mc1,demo1,1
2026-06-16 04:43:19.182,mc1,demo1,1
2026-06-16 04:48:18.458,mc1,demo1,1
2026-06-16 04:53:18.784,mc1,demo1,1
2026-06-16 04:58:18.635,mc1,demo1,1
2026-06-16 05:03:18.847,mc1,demo1,1
2026-06-16 05:08:18.884,mc1,demo1,1
2026-06-16 05:13:19.069,mc1,demo1,1
2026-06-16 05:18:19.084,mc1,demo1,1
2026-06-16 05:23:18.629,mc1,demo1,1
2026-06-16 05:28:18.572,mc1,demo1,1
2026-06-16 05:33:19.527,mc1,demo1,1
2026-06-16 05:38:18.977,mc1,demo1,1
2026-06-16 05:43:18.681,mc1,demo1,1
2026-06-16 05:48:18.324,mc1,demo1,1
2026-06-16 05:53:18.302,mc1,demo1,1
2026-06-16 05:58:18.516,mc1,demo1,1
2026-06-16 06:03:19.105,mc1,demo1,1
2026-06-16 06:08:19.489,mc1,demo1,1
2026-06-16 06:13:18.723,mc1,demo1,1
2026-06-16 06:18:18.426,mc1,demo1,1
2026-06-16 06:23:18.145,mc1,demo1,1
2026-06-16 06:28:18.891,mc1,demo1,1
2026-06-16 06:33:18.785,mc1,demo1,1
2026-06-16 06:38:18.741,mc1,demo1,1
2026-06-16 06:43:18.773,mc1,demo1,1
2026-06-16 06:48:18.702,mc1,demo1,1
2026-06-16 06:53:18.934,mc1,demo1,1
2026-06-16 06:58:19.726,mc1,demo1,1
2026-06-16 07:03:18.513,mc1,demo1,1
2026-06-16 07:08:18.969,mc1,demo1,1
2026-06-16 07:13:18.514,mc1,demo1,1
2026-06-16 07:18:18.555,mc1,demo1,1
2026-06-16 07:23:18.384,mc1,demo1,1
2026-06-16 07:28:18.953,mc1,demo1,1
2026-06-16 07:33:19.150,mc1,demo1,1
2026-06-16 07:38:18.847,mc1,demo1,1
2026-06-16 07:43:18.345,mc1,demo1,1
2026-06-16 07:48:18.192,mc1,demo1,1
2026-06-16 07:53:18.825,mc1,demo1,1
2026-06-16 07:58:18.680,mc1,demo1,1
2026-06-16 08:03:18.182,mc1,demo1,1
2026-06-16 08:08:18.602,mc1,demo1,1
2026-06-16 08:13:18.862,mc1,demo1,1
2026-06-16 08:18:18.834,mc1,demo1,1
2026-06-16 08:23:19.006,mc1,demo1,1
2026-06-16 08:28:18.954,mc1,demo1,1
2026-06-16 08:33:19.177,mc1,demo1,1
2026-06-16 08:38:18.825,mc1,demo1,1
2026-06-16 08:43:18.421,mc1,demo1,1
2026-06-16 08:48:18.829,mc1,demo1,1
2026-06-16 08:53:18.313,mc1,demo1,1
2026-06-16 08:58:18.730,mc1,demo1,1
2026-06-16 09:03:18.989,mc1,demo1,1
2026-06-16 09:08:18.267,mc1,demo1,1
2026-06-16 09:13:19.090,mc1,demo1,1
2026-06-16 09:18:18.419,mc1,demo1,1
2026-06-16 09:23:19.140,mc1,demo1,1
2026-06-16 09:28:18.898,mc1,demo1,1
2026-06-16 09:33:18.399,mc1,demo1,1
2026-06-16 09:38:18.309,mc1,demo1,1
2026-06-16 09:43:18.664,mc1,demo1,1
2026-06-16 09:48:18.267,mc1,demo1,1
2026-06-16 09:53:18.372,mc1,demo1,1
2026-06-16 09:58:18.363,mc1,demo1,1
2026-06-16 10:03:18.446,mc1,demo1,1
2026-06-16 10:08:18.470,mc1,demo1,1
2026-06-16 10:13:19.453,mc1,demo1,1
2026-06-16 10:18:19.066,mc1,demo1,1
2026-06-16 10:23:18.327,mc1,demo1,1
2026-06-16 10:28:18.619,mc1,demo1,1
2026-06-16 10:33:18.932,mc1,demo1,1
2026-06-16 10:38:18.507,mc1,demo1,1
2026-06-16 10:43:18.626,mc1,demo1,1
2026-06-16 10:48:18.261,mc1,demo1,1
2026-06-16 10:53:18.871,mc1,demo1,1
2026-06-16 10:58:18.877,mc1,demo1,1
2026-06-16 11:03:19.977,mc1,demo1,1
2026-06-16 11:08:18.658,mc1,demo1,1
2026-06-16 11:13:18.933,mc1,demo1,1
2026-06-16 11:18:18.772,mc1,demo1,1
2026-06-16 11:23:18.899,mc1,demo1,1
2026-06-16 11:28:19.055,mc1,demo1,1
2026-06-16 11:33:18.942,mc1,demo1,1
2026-06-16 11:38:19.529,mc1,demo1,1
2026-06-16 11:43:18.447,mc1,demo1,1
2026-06-16 11:48:18.873,mc1,demo1,1
2026-06-16 11:53:18.482,mc1,demo1,1
2026-06-16 11:58:18.110,mc1,demo1,1
2026-06-16 12:03:18.674,mc1,demo1,1
2026-06-16 12:08:19.254,mc1,demo1,1
2026-06-16 12:13:18.454,mc1,demo1,1
2026-06-16 12:18:18.784,mc1,demo1,1
2026-06-16 12:23:18.992,mc1,demo1,1
2026-06-16 12:28:18.936,mc1,demo1,1
2026-06-16 12:33:19.088,mc1,demo1,1
2026-06-16 12:38:18.370,mc1,demo1,1
2026-06-16 12:43:18.827,mc1,demo1,1
2026-06-16 12:48:19.202,mc1,demo1,1
2026-06-16 12:53:18.957,mc1,demo1,1
2026-06-16 12:58:18.186,mc1,demo1,1
2026-06-16 13:03:18.322,mc1,demo1,1
2026-06-16 13:08:18.236,mc1,demo1,1
2026-06-16 13:13:19.184,mc1,demo1,1
2026-06-16 13:18:18.328,mc1,demo1,1
2026-06-16 13:23:18.599,mc1,demo1,1
2026-06-16 13:28:18.802,mc1,demo1,1
2026-06-16 13:33:18.942,mc1,demo1,1
2026-06-16 13:38:19.306,mc1,demo1,1
2026-06-16 13:43:18.501,mc1,demo1,1
2026-06-16 13:48:19.194,mc1,demo1,1
2026-06-16 13:53:18.417,mc1,demo1,1
2026-06-16 13:58:18.191,mc1,demo1,1
2026-06-16 14:03:18.587,mc1,demo1,1
2026-06-16 14:08:19.295,mc1,demo1,1
2026-06-16 14:13:18.721,mc1,demo1,1
2026-06-16 14:18:18.200,mc1,demo1,1
2026-06-16 14:23:19.626,mc1,demo1,1
2026-06-16 14:28:18.708,mc1,demo1,1
2026-06-16 14:33:18.317,mc1,demo1,1
2026-06-16 14:38:18.961,mc1,demo1,1
2026-06-16 14:43:18.426,mc1,demo1,1
2026-06-16 14:48:18.417,mc1,demo1,1
2026-06-16 14:58:18.680,mc1,demo1,0
2026-06-16 14:58:18.680,mc1,demo1,1
2026-06-16 14:58:18.680,mc1,demo1,1
2026-06-16 15:03:18.518,mc1,demo1,1
2026-06-16 15:03:18.518,mc1,demo1,1
2026-06-16 15:03:18.518,mc1,demo1,1
2026-06-16 15:08:18.889,mc1,demo1,1
2026-06-16 15:08:18.889,mc1,demo1,1
2026-06-16 15:13:19.209,mc1,demo1,1
2026-06-16 15:18:18.226,mc1,demo1,1
2026-06-16 15:23:18.156,mc1,demo1,1
2026-06-16 15:28:18.929,mc1,demo1,1
2026-06-16 15:33:19.070,mc1,demo1,1
2026-06-16 15:38:18.749,mc1,demo1,1
2026-06-16 15:43:19.417,mc1,demo1,1
2026-06-16 15:48:18.927,mc1,demo1,1
2026-06-16 15:53:18.251,mc1,demo1,1
2026-06-16 15:58:18.477,mc1,demo1,1
2026-06-16 16:03:18.304,mc1,demo1,1
2026-06-16 16:08:19.147,mc1,demo1,1
2026-06-16 16:13:19.014,mc1,demo1,1
2026-06-16 16:18:19.268,mc1,demo1,1
2026-06-16 16:23:18.514,mc1,demo1,1
2026-06-16 16:28:18.302,mc1,demo1,1
2026-06-16 16:33:18.854,mc1,demo1,1
2026-06-16 16:38:18.480,mc1,demo1,1
2026-06-16 16:43:18.844,mc1,demo1,1
2026-06-16 16:48:18.905,mc1,demo1,1
2026-06-12 14:18:18.759,mc2,demo1,0
2026-06-12 14:23:19.033,mc2,demo1,1
2026-06-12 14:28:19.228,mc2,demo1,1
2026-06-12 14:33:18.354,mc2,demo1,1
2026-06-12 14:38:18.279,mc2,demo1,1
2026-06-12 14:43:18.366,mc2,demo1,1
2026-06-12 14:48:18.089,mc2,demo1,1
2026-06-12 14:53:18.148,mc2,demo1,1
2026-06-12 14:58:19.206,mc2,demo1,1
2026-06-12 15:03:18.375,mc2,demo1,1
2026-06-12 15:08:18.511,mc2,demo1,1
2026-06-12 15:13:18.819,mc2,demo1,1
2026-06-12 15:18:19.047,mc2,demo1,1
2026-06-12 15:23:18.910,mc2,demo1,1
2026-06-12 15:28:18.152,mc2,demo1,1
2026-06-12 15:33:18.779,mc2,demo1,1
2026-06-12 15:38:19.500,mc2,demo1,1
2026-06-12 15:43:18.801,mc2,demo1,1
2026-06-12 15:48:18.834,mc2,demo1,1
2026-06-12 15:53:18.819,mc2,demo1,1
2026-06-12 15:58:18.894,mc2,demo1,1
2026-06-12 16:03:19.192,mc2,demo1,1
2026-06-12 16:08:19.968,mc2,demo1,1
2026-06-12 16:13:18.577,mc2,demo1,1
2026-06-12 16:18:18.794,mc2,demo1,1
2026-06-12 16:23:18.663,mc2,demo1,1
2026-06-12 16:28:19.109,mc2,demo1,1
2026-06-12 16:33:19.059,mc2,demo1,1
2026-06-12 16:38:18.691,mc2,demo1,1
2026-06-12 16:43:19.069,mc2,demo1,1
2026-06-12 16:48:18.573,mc2,demo1,1
2026-06-12 16:53:18.478,mc2,demo1,1
2026-06-12 16:58:19.146,mc2,demo1,1
2026-06-12 17:03:18.632,mc2,demo1,1
2026-06-12 17:08:18.693,mc2,demo1,1
2026-06-12 17:13:19.650,mc2,demo1,1
2026-06-12 17:18:18.193,mc2,demo1,1
2026-06-12 17:23:18.898,mc2,demo1,1
2026-06-12 17:28:18.453,mc2,demo1,1
2026-06-12 17:33:18.682,mc2,demo1,1
2026-06-12 17:38:18.997,mc2,demo1,1
2026-06-12 17:43:19.142,mc2,demo1,1
2026-06-12 17:48:18.789,mc2,demo1,1
2026-06-12 17:53:18.287,mc2,demo1,1
2026-06-12 17:58:19.370,mc2,demo1,1
2026-06-12 18:03:18.471,mc2,demo1,1
2026-06-12 18:08:18.500,mc2,demo1,1
2026-06-12 18:13:18.242,mc2,demo1,1
2026-06-12 18:18:19.294,mc2,demo1,1
2026-06-12 18:23:19.372,mc2,demo1,1
2026-06-12 18:28:19.542,mc2,demo1,1
2026-06-12 18:33:18.430,mc2,demo1,1
2026-06-12 18:38:19.064,mc2,demo1,1
2026-06-12 18:43:19.438,mc2,demo1,1
2026-06-12 18:48:18.397,mc2,demo1,1
2026-06-12 18:53:18.875,mc2,demo1,1
2026-06-12 18:58:18.219,mc2,demo1,1
2026-06-12 19:03:18.346,mc2,demo1,1
2026-06-12 19:08:18.910,mc2,demo1,1
2026-06-12 19:13:18.640,mc2,demo1,1
2026-06-12 19:18:19.098,mc2,demo1,1
2026-06-12 19:23:18.312,mc2,demo1,1
2026-06-12 19:28:18.828,mc2,demo1,1
2026-06-12 19:33:18.700,mc2,demo1,1
2026-06-12 19:38:18.241,mc2,demo1,1
2026-06-12 19:43:19.213,mc2,demo1,1
2026-06-12 19:48:18.890,mc2,demo1,1
2026-06-12 19:53:18.636,mc2,demo1,1
2026-06-12 19:58:18.911,mc2,demo1,1
2026-06-12 20:03:19.388,mc2,demo1,1
2026-06-12 20:08:18.894,mc2,demo1,1
2026-06-12 20:13:18.472,mc2,demo1,1
2026-06-12 20:18:19.056,mc2,demo1,1
2026-06-12 20:23:18.274,mc2,demo1,1
2026-06-12 20:28:18.236,mc2,demo1,1
2026-06-12 20:33:18.840,mc2,demo1,1
2026-06-12 20:38:18.226,mc2,demo1,1
2026-06-12 20:43:18.192,mc2,demo1,1
2026-06-12 20:48:18.651,mc2,demo1,1
2026-06-12 20:53:20.901,mc2,demo1,1
2026-06-12 20:58:18.825,mc2,demo1,1
2026-06-12 21:03:19.082,mc2,demo1,1
2026-06-12 21:08:18.259,mc2,demo1,1
2026-06-12 21:13:18.534,mc2,demo1,1
2026-06-12 21:18:18.603,mc2,demo1,1
2026-06-12 21:23:18.157,mc2,demo1,1
2026-06-12 21:28:18.867,mc2,demo1,1
2026-06-12 21:33:18.273,mc2,demo1,1
2026-06-12 21:38:18.895,mc2,demo1,1
2026-06-12 21:43:18.905,mc2,demo1,1
2026-06-12 21:48:18.876,mc2,demo1,1
2026-06-12 21:53:18.877,mc2,demo1,1
2026-06-12 21:58:18.723,mc2,demo1,1
2026-06-12 22:03:19.172,mc2,demo1,1
2026-06-12 22:08:19.248,mc2,demo1,1
2026-06-12 22:13:18.955,mc2,demo1,1
2026-06-12 22:18:18.515,mc2,demo1,1
2026-06-12 22:23:18.631,mc2,demo1,1
2026-06-12 22:28:19.044,mc2,demo1,1
2026-06-12 22:33:18.824,mc2,demo1,1
2026-06-12 22:38:18.554,mc2,demo1,1
2026-06-12 22:43:18.375,mc2,demo1,1
2026-06-12 22:48:18.946,mc2,demo1,1
2026-06-12 22:53:18.487,mc2,demo1,1
2026-06-12 22:58:19.669,mc2,demo1,1
2026-06-12 23:03:18.230,mc2,demo1,1
2026-06-12 23:08:18.944,mc2,demo1,1
2026-06-12 23:13:19.110,mc2,demo1,1
2026-06-12 23:18:19.032,mc2,demo1,1
2026-06-12 23:23:19.061,mc2,demo1,1
2026-06-12 23:28:18.295,mc2,demo1,1
2026-06-12 23:33:19.194,mc2,demo1,1
2026-06-12 23:38:18.511,mc2,demo1,1
2026-06-12 23:43:18.299,mc2,demo1,1
2026-06-12 23:48:18.735,mc2,demo1,1
2026-06-12 23:53:18.534,mc2,demo1,1
2026-06-12 23:58:18.386,mc2,demo1,1
2026-06-13 00:03:18.814,mc2,demo1,1
2026-06-13 00:08:18.748,mc2,demo1,1
2026-06-13 00:13:19.015,mc2,demo1,1
2026-06-13 00:18:18.890,mc2,demo1,1
2026-06-13 00:23:18.805,mc2,demo1,1
2026-06-13 00:28:18.807,mc2,demo1,1
2026-06-13 00:33:18.937,mc2,demo1,1
2026-06-13 00:38:18.760,mc2,demo1,1
2026-06-13 00:43:19.064,mc2,demo1,1
2026-06-13 00:48:18.838,mc2,demo1,1
2026-06-13 00:53:19.230,mc2,demo1,1
2026-06-13 00:58:18.241,mc2,demo1,1
2026-06-13 01:03:18.815,mc2,demo1,1
2026-06-13 01:08:18.476,mc2,demo1,1
2026-06-13 01:13:19.021,mc2,demo1,1
2026-06-13 01:18:19.111,mc2,demo1,1
2026-06-13 01:23:18.420,mc2,demo1,1
2026-06-13 01:28:18.860,mc2,demo1,1
2026-06-13 01:33:18.357,mc2,demo1,1
2026-06-13 01:38:18.325,mc2,demo1,1
2026-06-13 01:43:18.320,mc2,demo1,1
2026-06-13 01:48:18.217,mc2,demo1,1
2026-06-13 01:53:18.784,mc2,demo1,1
2026-06-13 01:58:18.282,mc2,demo1,1
2026-06-13 02:03:19.037,mc2,demo1,1
2026-06-13 02:08:18.310,mc2,demo1,1
2026-06-13 02:13:18.800,mc2,demo1,1
2026-06-13 02:18:19.004,mc2,demo1,1
2026-06-13 02:23:18.749,mc2,demo1,1
2026-06-13 02:28:18.269,mc2,demo1,1
2026-06-13 02:33:19.232,mc2,demo1,1
2026-06-13 02:38:18.557,mc2,demo1,1
2026-06-13 02:43:18.812,mc2,demo1,1
2026-06-13 02:48:18.423,mc2,demo1,1
2026-06-13 02:53:18.560,mc2,demo1,1
2026-06-13 02:58:19.187,mc2,demo1,1
2026-06-13 03:03:18.892,mc2,demo1,1
2026-06-13 03:08:19.274,mc2,demo1,1
2026-06-13 03:13:18.800,mc2,demo1,1
2026-06-13 03:18:19.408,mc2,demo1,1
2026-06-13 03:23:18.448,mc2,demo1,1
2026-06-13 03:28:18.427,mc2,demo1,1
2026-06-13 03:33:18.823,mc2,demo1,1
2026-06-13 03:38:19.012,mc2,demo1,1
2026-06-13 03:43:19.152,mc2,demo1,1
2026-06-13 03:48:19.094,mc2,demo1,1
2026-06-13 03:53:18.472,mc2,demo1,1
2026-06-13 03:58:18.187,mc2,demo1,1
2026-06-13 04:03:18.608,mc2,demo1,1
2026-06-13 04:08:18.841,mc2,demo1,1
2026-06-13 04:13:18.375,mc2,demo1,1
2026-06-13 04:18:18.426,mc2,demo1,1
2026-06-13 04:23:18.602,mc2,demo1,1
2026-06-13 04:28:19.184,mc2,demo1,1
2026-06-13 04:33:18.938,mc2,demo1,1
2026-06-13 04:38:19.279,mc2,demo1,1
2026-06-13 04:43:19.596,mc2,demo1,1
2026-06-13 04:48:18.365,mc2,demo1,1
2026-06-13 04:53:18.386,mc2,demo1,1
2026-06-13 04:58:18.934,mc2,demo1,1
2026-06-13 05:03:18.304,mc2,demo1,1
2026-06-13 05:08:18.954,mc2,demo1,1
2026-06-13 05:13:19.003,mc2,demo1,1
2026-06-13 05:18:18.934,mc2,demo1,1
2026-06-13 05:23:19.009,mc2,demo1,1
2026-06-13 05:28:18.682,mc2,demo1,1
2026-06-13 05:33:18.819,mc2,demo1,1
2026-06-13 05:38:18.465,mc2,demo1,1
2026-06-13 05:43:18.897,mc2,demo1,1
2026-06-13 05:48:18.612,mc2,demo1,1
2026-06-13 05:53:20.315,mc2,demo1,1
2026-06-13 05:58:18.668,mc2,demo1,1
2026-06-13 06:03:18.659,mc2,demo1,1
2026-06-13 06:08:19.076,mc2,demo1,1
2026-06-13 06:13:18.540,mc2,demo1,1
2026-06-13 06:18:18.501,mc2,demo1,1
2026-06-13 06:23:18.818,mc2,demo1,1
2026-06-13 06:28:18.711,mc2,demo1,1
2026-06-13 06:33:18.869,mc2,demo1,1
2026-06-13 06:38:18.770,mc2,demo1,1
2026-06-13 06:43:19.641,mc2,demo1,1
2026-06-13 06:48:18.658,mc2,demo1,1
2026-06-13 06:53:18.279,mc2,demo1,1
2026-06-13 06:58:19.003,mc2,demo1,1
2026-06-13 07:03:19.930,mc2,demo1,1
2026-06-13 07:08:18.323,mc2,demo1,1
2026-06-13 07:13:18.466,mc2,demo1,1
2026-06-13 07:18:19.071,mc2,demo1,1
2026-06-13 07:23:18.745,mc2,demo1,1
2026-06-13 07:28:18.970,mc2,demo1,1
2026-06-13 07:33:18.576,mc2,demo1,1
2026-06-13 07:38:18.619,mc2,demo1,1
2026-06-13 07:43:18.871,mc2,demo1,1
2026-06-13 07:48:18.312,mc2,demo1,1
2026-06-13 07:53:18.393,mc2,demo1,1
2026-06-13 07:58:18.787,mc2,demo1,1
2026-06-13 08:03:18.447,mc2,demo1,1
2026-06-13 08:08:18.843,mc2,demo1,1
2026-06-13 08:13:18.367,mc2,demo1,1
2026-06-13 08:18:20.402,mc2,demo1,1
2026-06-13 08:23:18.373,mc2,demo1,1
2026-06-13 08:28:18.515,mc2,demo1,1
2026-06-13 08:33:18.765,mc2,demo1,1
2026-06-13 08:38:18.800,mc2,demo1,1
2026-06-13 08:43:18.613,mc2,demo1,1
2026-06-13 08:48:19.270,mc2,demo1,1
2026-06-13 08:53:18.976,mc2,demo1,1
2026-06-13 08:58:19.099,mc2,demo1,1
2026-06-13 09:03:18.367,mc2,demo1,1
2026-06-13 09:08:18.944,mc2,demo1,1
2026-06-13 09:13:18.575,mc2,demo1,1
2026-06-13 09:18:18.072,mc2,demo1,1
2026-06-13 09:23:19.044,mc2,demo1,1
2026-06-13 09:28:19.819,mc2,demo1,1
2026-06-13 09:33:18.944,mc2,demo1,1
2026-06-13 09:38:18.413,mc2,demo1,1
2026-06-13 09:43:18.878,mc2,demo1,1
2026-06-13 09:48:19.551,mc2,demo1,1
2026-06-13 09:53:18.952,mc2,demo1,1
2026-06-13 09:58:18.905,mc2,demo1,1
2026-06-13 10:03:19.074,mc2,demo1,1
2026-06-13 10:08:18.458,mc2,demo1,1
2026-06-13 10:13:18.848,mc2,demo1,1
2026-06-13 10:18:19.449,mc2,demo1,1
2026-06-13 10:23:18.915,mc2,demo1,1
2026-06-13 10:28:19.463,mc2,demo1,1
2026-06-13 10:33:20.421,mc2,demo1,1
2026-06-13 10:38:18.652,mc2,demo1,1
2026-06-13 10:43:18.735,mc2,demo1,1
2026-06-13 10:48:19.826,mc2,demo1,1
2026-06-13 10:53:18.322,mc2,demo1,1
2026-06-13 10:58:18.924,mc2,demo1,1
2026-06-13 11:03:18.800,mc2,demo1,1
2026-06-13 11:08:18.670,mc2,demo1,1
2026-06-13 11:13:19.253,mc2,demo1,1
2026-06-13 11:18:18.810,mc2,demo1,1
2026-06-13 11:23:18.775,mc2,demo1,1
2026-06-13 11:28:18.912,mc2,demo1,1
2026-06-13 11:33:18.710,mc2,demo1,1
2026-06-13 11:38:18.606,mc2,demo1,1
2026-06-13 11:43:18.126,mc2,demo1,1
2026-06-13 11:48:18.186,mc2,demo1,1
2026-06-13 11:53:19.506,mc2,demo1,1
2026-06-13 11:58:19.044,mc2,demo1,1
2026-06-13 12:03:18.972,mc2,demo1,1
2026-06-13 12:08:18.899,mc2,demo1,1
2026-06-13 12:13:18.917,mc2,demo1,1
2026-06-13 12:18:19.493,mc2,demo1,1
2026-06-13 12:23:19.158,mc2,demo1,1
2026-06-13 12:28:18.581,mc2,demo1,1
2026-06-13 12:33:19.023,mc2,demo1,1
2026-06-13 12:38:19.126,mc2,demo1,1
2026-06-13 12:43:18.925,mc2,demo1,1
2026-06-13 12:48:18.555,mc2,demo1,1
2026-06-13 12:53:19.693,mc2,demo1,1
2026-06-13 12:58:18.899,mc2,demo1,1
2026-06-13 13:03:18.688,mc2,demo1,1
2026-06-13 13:08:18.918,mc2,demo1,1
2026-06-13 13:13:18.726,mc2,demo1,1
2026-06-13 13:18:18.032,mc2,demo1,1
2026-06-13 13:23:18.610,mc2,demo1,1
2026-06-13 13:28:18.151,mc2,demo1,1
2026-06-13 13:33:18.222,mc2,demo1,1
2026-06-13 13:38:18.884,mc2,demo1,1
2026-06-13 13:43:18.473,mc2,demo1,1
2026-06-13 13:48:19.388,mc2,demo1,1
2026-06-13 13:53:19.150,mc2,demo1,1
2026-06-13 13:58:18.742,mc2,demo1,1
2026-06-13 14:03:19.528,mc2,demo1,1
2026-06-13 14:08:18.806,mc2,demo1,1
2026-06-13 14:13:18.463,mc2,demo1,1
2026-06-13 14:18:18.431,mc2,demo1,1
2026-06-13 14:23:18.986,mc2,demo1,1
2026-06-13 14:28:19.098,mc2,demo1,1
2026-06-13 14:33:19.644,mc2,demo1,1
2026-06-13 14:38:18.745,mc2,demo1,1
2026-06-13 14:43:19.108,mc2,demo1,1
2026-06-13 14:48:18.764,mc2,demo1,1
2026-06-13 14:53:18.532,mc2,demo1,1
2026-06-13 14:58:19.445,mc2,demo1,1
2026-06-13 15:03:18.474,mc2,demo1,1
2026-06-13 15:08:19.109,mc2,demo1,1
2026-06-13 15:13:18.750,mc2,demo1,1
2026-06-13 15:18:18.406,mc2,demo1,1
2026-06-13 15:23:18.702,mc2,demo1,1
2026-06-13 15:28:18.545,mc2,demo1,1
2026-06-13 15:33:18.383,mc2,demo1,1
2026-06-13 15:38:19.091,mc2,demo1,1
2026-06-13 15:43:18.543,mc2,demo1,1
2026-06-13 15:48:19.008,mc2,demo1,1
2026-06-13 15:53:18.984,mc2,demo1,1
2026-06-13 15:58:19.027,mc2,demo1,1
2026-06-13 16:03:19.171,mc2,demo1,1
2026-06-13 16:08:19.351,mc2,demo1,1
2026-06-13 16:13:18.908,mc2,demo1,1
2026-06-13 16:18:19.006,mc2,demo1,1
2026-06-13 16:23:19.307,mc2,demo1,1
2026-06-13 16:28:18.832,mc2,demo1,1
2026-06-13 16:33:18.870,mc2,demo1,1
2026-06-13 16:38:19.153,mc2,demo1,1
2026-06-13 16:43:18.317,mc2,demo1,1
2026-06-13 16:48:18.798,mc2,demo1,1
2026-06-13 16:53:18.325,mc2,demo1,1
2026-06-13 16:58:19.060,mc2,demo1,1
2026-06-13 17:03:18.531,mc2,demo1,1
2026-06-13 17:08:19.088,mc2,demo1,1
2026-06-13 17:13:18.626,mc2,demo1,1
2026-06-13 17:18:18.714,mc2,demo1,1
2026-06-13 17:23:18.854,mc2,demo1,1
2026-06-13 17:28:19.798,mc2,demo1,1
2026-06-13 17:33:18.956,mc2,demo1,1
2026-06-13 17:38:19.054,mc2,demo1,1
2026-06-13 17:43:19.373,mc2,demo1,1
2026-06-13 17:48:18.976,mc2,demo1,1
2026-06-13 17:53:18.731,mc2,demo1,1
2026-06-13 17:58:19.452,mc2,demo1,1
2026-06-13 18:03:19.155,mc2,demo1,1
2026-06-13 18:08:19.253,mc2,demo1,1
2026-06-13 18:13:18.579,mc2,demo1,1
2026-06-13 18:18:18.381,mc2,demo1,1
2026-06-13 18:23:19.199,mc2,demo1,1
2026-06-13 18:28:18.990,mc2,demo1,1
2026-06-13 18:33:19.051,mc2,demo1,1
2026-06-13 18:38:18.942,mc2,demo1,1
2026-06-13 18:43:18.740,mc2,demo1,1
2026-06-13 18:48:19.532,mc2,demo1,1
2026-06-13 18:53:18.481,mc2,demo1,1
2026-06-13 18:58:18.630,mc2,demo1,1
2026-06-13 19:03:18.801,mc2,demo1,1
2026-06-13 19:08:19.256,mc2,demo1,1
2026-06-13 19:13:18.879,mc2,demo1,1
2026-06-13 19:18:18.714,mc2,demo1,1
2026-06-13 19:23:19.020,mc2,demo1,1
2026-06-13 19:28:18.638,mc2,demo1,1
2026-06-13 19:33:19.455,mc2,demo1,1
2026-06-13 19:38:19.079,mc2,demo1,1
2026-06-13 19:43:19.461,mc2,demo1,1
2026-06-13 19:48:19.557,mc2,demo1,1
2026-06-13 19:53:19.311,mc2,demo1,1
2026-06-13 19:58:19.218,mc2,demo1,1
2026-06-13 20:03:18.534,mc2,demo1,1
2026-06-13 20:08:19.208,mc2,demo1,1
2026-06-13 20:13:19.535,mc2,demo1,1
2026-06-13 20:18:18.780,mc2,demo1,1
2026-06-13 20:23:18.882,mc2,demo1,1
2026-06-13 20:28:18.688,mc2,demo1,1
2026-06-13 20:33:18.953,mc2,demo1,1
2026-06-13 20:38:20.510,mc2,demo1,1
2026-06-13 20:43:18.871,mc2,demo1,1
2026-06-13 20:48:18.888,mc2,demo1,1
2026-06-13 20:53:18.809,mc2,demo1,1
2026-06-13 20:58:19.092,mc2,demo1,1
2026-06-13 21:03:18.384,mc2,demo1,1
2026-06-13 21:08:18.566,mc2,demo1,1
2026-06-13 21:13:19.396,mc2,demo1,1
2026-06-13 21:18:18.710,mc2,demo1,1
2026-06-13 21:23:18.989,mc2,demo1,1
2026-06-13 21:28:19.203,mc2,demo1,1
2026-06-13 21:33:19.224,mc2,demo1,1
2026-06-13 21:38:18.827,mc2,demo1,1
2026-06-13 21:43:20.399,mc2,demo1,1
2026-06-13 21:48:18.749,mc2,demo1,1
2026-06-13 21:53:19.074,mc2,demo1,1
2026-06-13 21:58:18.538,mc2,demo1,1
2026-06-13 22:03:18.612,mc2,demo1,1
2026-06-13 22:08:18.896,mc2,demo1,1
2026-06-13 22:13:18.327,mc2,demo1,1
2026-06-13 22:18:18.643,mc2,demo1,1
2026-06-13 22:23:18.871,mc2,demo1,1
2026-06-13 22:28:18.817,mc2,demo1,1
2026-06-13 22:33:18.151,mc2,demo1,1
2026-06-13 22:38:18.870,mc2,demo1,1
2026-06-13 22:43:18.903,mc2,demo1,1
2026-06-13 22:48:18.915,mc2,demo1,1
2026-06-13 22:53:19.001,mc2,demo1,1
2026-06-13 22:58:18.175,mc2,demo1,1
2026-06-13 23:03:18.642,mc2,demo1,1
2026-06-13 23:08:18.483,mc2,demo1,1
2026-06-13 23:13:19.060,mc2,demo1,1
2026-06-13 23:18:19.510,mc2,demo1,1
2026-06-13 23:23:18.869,mc2,demo1,1
2026-06-13 23:28:18.701,mc2,demo1,1
2026-06-13 23:33:18.932,mc2,demo1,1
2026-06-13 23:38:19.599,mc2,demo1,1
2026-06-13 23:43:18.623,mc2,demo1,1
2026-06-13 23:48:18.787,mc2,demo1,1
2026-06-13 23:53:18.610,mc2,demo1,1
2026-06-13 23:58:18.717,mc2,demo1,1
2026-06-14 00:03:18.769,mc2,demo1,1
2026-06-14 00:08:19.197,mc2,demo1,1
2026-06-14 00:13:19.043,mc2,demo1,1
2026-06-14 00:18:19.078,mc2,demo1,1
2026-06-14 00:23:18.931,mc2,demo1,1
2026-06-14 00:28:19.289,mc2,demo1,1
2026-06-14 00:33:18.794,mc2,demo1,1
2026-06-14 00:38:18.541,mc2,demo1,1
2026-06-14 00:43:18.935,mc2,demo1,1
2026-06-14 00:48:18.292,mc2,demo1,1
2026-06-14 00:53:18.008,mc2,demo1,1
2026-06-14 00:58:18.947,mc2,demo1,1
2026-06-14 01:03:18.576,mc2,demo1,1
2026-06-14 01:08:18.491,mc2,demo1,1
2026-06-14 01:13:18.981,mc2,demo1,1
2026-06-14 01:18:19.236,mc2,demo1,1
2026-06-14 01:23:19.043,mc2,demo1,1
2026-06-14 01:28:18.269,mc2,demo1,1
2026-06-14 01:33:19.101,mc2,demo1,1
2026-06-14 01:38:18.273,mc2,demo1,1
2026-06-14 01:43:18.352,mc2,demo1,1
2026-06-14 01:48:18.304,mc2,demo1,1
2026-06-14 01:53:18.832,mc2,demo1,1
2026-06-14 01:58:18.722,mc2,demo1,1
2026-06-14 02:03:18.647,mc2,demo1,1
2026-06-14 02:08:19.121,mc2,demo1,1
2026-06-14 02:13:18.339,mc2,demo1,1
2026-06-14 02:18:19.070,mc2,demo1,1
2026-06-14 02:23:19.179,mc2,demo1,1
2026-06-14 02:28:18.589,mc2,demo1,1
2026-06-14 02:33:18.716,mc2,demo1,1
2026-06-14 02:38:18.485,mc2,demo1,1
2026-06-14 02:43:18.624,mc2,demo1,1
2026-06-14 02:48:18.454,mc2,demo1,1
2026-06-14 02:53:18.396,mc2,demo1,1
2026-06-14 02:58:18.708,mc2,demo1,1
2026-06-14 03:03:18.364,mc2,demo1,1
2026-06-14 03:08:18.617,mc2,demo1,1
2026-06-14 03:13:18.105,mc2,demo1,1
2026-06-14 03:18:18.262,mc2,demo1,1
2026-06-14 03:23:19.138,mc2,demo1,1
2026-06-14 03:28:18.757,mc2,demo1,1
2026-06-14 03:33:18.446,mc2,demo1,1
2026-06-14 03:38:18.973,mc2,demo1,1
2026-06-14 03:43:18.723,mc2,demo1,1
2026-06-14 03:48:19.135,mc2,demo1,1
2026-06-14 03:53:18.249,mc2,demo1,1
2026-06-14 03:58:18.480,mc2,demo1,1
2026-06-14 04:03:18.941,mc2,demo1,1
2026-06-14 04:08:18.641,mc2,demo1,1
2026-06-14 04:13:18.691,mc2,demo1,1
2026-06-14 04:18:18.627,mc2,demo1,1
2026-06-14 04:23:18.413,mc2,demo1,1
2026-06-14 04:28:18.364,mc2,demo1,1
2026-06-14 04:33:18.732,mc2,demo1,1
2026-06-14 04:38:18.650,mc2,demo1,1
2026-06-14 04:43:19.149,mc2,demo1,1
2026-06-14 04:48:19.145,mc2,demo1,1
2026-06-14 04:53:18.566,mc2,demo1,1
2026-06-14 04:58:18.266,mc2,demo1,1
2026-06-14 05:03:18.023,mc2,demo1,1
2026-06-14 05:08:18.263,mc2,demo1,1
2026-06-14 05:13:18.653,mc2,demo1,1
2026-06-14 05:18:18.860,mc2,demo1,1
2026-06-14 05:23:18.718,mc2,demo1,1
2026-06-14 05:28:19.292,mc2,demo1,1
2026-06-14 05:33:18.419,mc2,demo1,1
2026-06-14 05:38:19.663,mc2,demo1,1
2026-06-14 05:43:18.388,mc2,demo1,1
2026-06-14 05:48:18.861,mc2,demo1,1
2026-06-14 05:53:18.668,mc2,demo1,1
2026-06-14 05:58:18.457,mc2,demo1,1
2026-06-14 06:03:18.689,mc2,demo1,1
2026-06-14 06:08:18.917,mc2,demo1,1
2026-06-14 06:13:18.780,mc2,demo1,1
2026-06-14 06:18:18.133,mc2,demo1,1
2026-06-14 06:23:18.336,mc2,demo1,1
2026-06-14 06:28:19.003,mc2,demo1,1
2026-06-14 06:33:18.289,mc2,demo1,1
2026-06-14 06:38:19.018,mc2,demo1,1
2026-06-14 06:43:18.706,mc2,demo1,1
2026-06-14 06:48:18.700,mc2,demo1,1
2026-06-14 06:53:19.084,mc2,demo1,1
2026-06-14 06:58:18.768,mc2,demo1,1
2026-06-14 07:03:18.390,mc2,demo1,1
2026-06-14 07:08:19.028,mc2,demo1,1
2026-06-14 07:13:18.703,mc2,demo1,1
2026-06-14 07:18:18.235,mc2,demo1,1
2026-06-14 07:23:18.512,mc2,demo1,1
2026-06-14 07:28:18.863,mc2,demo1,1
2026-06-14 07:33:18.195,mc2,demo1,1
2026-06-14 07:38:18.540,mc2,demo1,1
2026-06-14 07:43:18.959,mc2,demo1,1
2026-06-14 07:48:18.764,mc2,demo1,1
2026-06-14 07:53:18.362,mc2,demo1,1
2026-06-14 07:58:18.961,mc2,demo1,1
2026-06-14 08:03:18.616,mc2,demo1,1
2026-06-14 08:08:18.473,mc2,demo1,1
2026-06-14 08:13:18.812,mc2,demo1,1
2026-06-14 08:18:18.854,mc2,demo1,1
2026-06-14 08:23:18.610,mc2,demo1,1
2026-06-14 08:28:18.343,mc2,demo1,1
2026-06-14 08:33:18.665,mc2,demo1,1
2026-06-14 08:38:19.199,mc2,demo1,1
2026-06-14 08:43:18.812,mc2,demo1,1
2026-06-14 08:48:18.139,mc2,demo1,1
2026-06-14 08:53:18.364,mc2,demo1,1
2026-06-14 08:58:19.002,mc2,demo1,1
2026-06-14 09:03:18.681,mc2,demo1,1
2026-06-14 09:08:19.175,mc2,demo1,1
2026-06-14 09:13:19.426,mc2,demo1,1
2026-06-14 09:18:18.215,mc2,demo1,1
2026-06-14 09:23:18.722,mc2,demo1,1
2026-06-14 09:28:18.899,mc2,demo1,1
2026-06-14 09:33:18.980,mc2,demo1,1
2026-06-14 09:38:18.250,mc2,demo1,1
2026-06-14 09:43:19.243,mc2,demo1,1
2026-06-14 09:48:19.273,mc2,demo1,1
2026-06-14 09:53:18.908,mc2,demo1,1
2026-06-14 09:58:18.453,mc2,demo1,1
2026-06-14 10:03:18.591,mc2,demo1,1
2026-06-14 10:08:18.237,mc2,demo1,1
2026-06-14 10:13:18.905,mc2,demo1,1
2026-06-14 10:18:19.448,mc2,demo1,1
2026-06-14 10:23:18.930,mc2,demo1,1
2026-06-14 10:28:18.904,mc2,demo1,1
2026-06-14 10:33:18.634,mc2,demo1,1
2026-06-14 10:38:18.265,mc2,demo1,1
2026-06-14 10:43:18.759,mc2,demo1,1
2026-06-14 10:48:19.289,mc2,demo1,1
2026-06-14 10:53:18.255,mc2,demo1,1
2026-06-14 10:58:18.933,mc2,demo1,1
2026-06-14 11:03:18.648,mc2,demo1,1
2026-06-14 11:08:18.764,mc2,demo1,1
2026-06-14 11:13:18.645,mc2,demo1,1
2026-06-14 11:18:18.919,mc2,demo1,1
2026-06-14 11:23:19.107,mc2,demo1,1
2026-06-14 11:28:19.440,mc2,demo1,1
2026-06-14 11:33:19.072,mc2,demo1,1
2026-06-14 11:38:18.273,mc2,demo1,1
2026-06-14 11:43:18.336,mc2,demo1,1
2026-06-14 11:48:18.674,mc2,demo1,1
2026-06-14 11:53:18.519,mc2,demo1,1
2026-06-14 11:58:19.019,mc2,demo1,1
2026-06-14 12:03:18.607,mc2,demo1,1
2026-06-14 12:08:19.641,mc2,demo1,1
2026-06-14 12:13:18.685,mc2,demo1,1
2026-06-14 12:18:18.748,mc2,demo1,1
2026-06-14 12:23:18.582,mc2,demo1,1
2026-06-14 12:28:18.486,mc2,demo1,1
2026-06-14 12:33:18.699,mc2,demo1,1
2026-06-14 12:38:18.804,mc2,demo1,1
2026-06-14 12:43:18.850,mc2,demo1,1
2026-06-14 12:48:18.131,mc2,demo1,1
2026-06-14 12:53:18.312,mc2,demo1,1
2026-06-14 12:58:18.772,mc2,demo1,1
2026-06-14 13:03:18.421,mc2,demo1,1
2026-06-14 13:08:18.760,mc2,demo1,1
2026-06-14 13:13:18.779,mc2,demo1,1
2026-06-14 13:18:18.854,mc2,demo1,1
2026-06-14 13:23:18.689,mc2,demo1,1
2026-06-14 13:28:18.712,mc2,demo1,1
2026-06-14 13:33:18.826,mc2,demo1,1
2026-06-14 13:38:18.231,mc2,demo1,1
2026-06-14 13:43:19.934,mc2,demo1,1
2026-06-14 13:48:18.919,mc2,demo1,1
2026-06-14 13:53:18.933,mc2,demo1,1
2026-06-14 13:58:19.426,mc2,demo1,1
2026-06-14 14:03:18.592,mc2,demo1,1
2026-06-14 14:08:18.921,mc2,demo1,1
2026-06-14 14:13:19.384,mc2,demo1,1
2026-06-14 14:18:18.402,mc2,demo1,1
2026-06-14 14:23:18.371,mc2,demo1,1
2026-06-14 14:28:19.008,mc2,demo1,1
2026-06-14 14:33:18.478,mc2,demo1,1
2026-06-14 14:38:18.905,mc2,demo1,1
2026-06-14 14:43:18.936,mc2,demo1,1
2026-06-14 14:48:18.980,mc2,demo1,1
2026-06-14 14:53:18.941,mc2,demo1,1
2026-06-14 14:58:18.768,mc2,demo1,1
2026-06-14 15:03:18.901,mc2,demo1,1
2026-06-14 15:08:19.319,mc2,demo1,1
2026-06-14 15:13:18.932,mc2,demo1,1
2026-06-14 15:18:18.355,mc2,demo1,1
2026-06-14 15:23:18.417,mc2,demo1,1
2026-06-14 15:28:18.936,mc2,demo1,1
2026-06-14 15:33:18.502,mc2,demo1,1
2026-06-14 15:38:18.883,mc2,demo1,1
2026-06-14 15:43:19.037,mc2,demo1,1
2026-06-14 15:48:18.664,mc2,demo1,1
2026-06-14 15:53:19.401,mc2,demo1,1
2026-06-14 15:58:18.703,mc2,demo1,1
2026-06-14 16:03:19.024,mc2,demo1,1
2026-06-14 16:08:19.078,mc2,demo1,1
2026-06-14 16:13:18.852,mc2,demo1,1
2026-06-14 16:18:19.140,mc2,demo1,1
2026-06-14 16:23:18.926,mc2,demo1,1
2026-06-14 16:28:18.693,mc2,demo1,1
2026-06-14 16:33:19.063,mc2,demo1,1
2026-06-14 16:38:18.138,mc2,demo1,1
2026-06-14 16:43:18.785,mc2,demo1,1
2026-06-14 16:48:18.581,mc2,demo1,1
2026-06-14 16:53:18.776,mc2,demo1,1
2026-06-14 16:58:18.716,mc2,demo1,1
2026-06-14 17:03:18.744,mc2,demo1,1
2026-06-14 17:08:18.614,mc2,demo1,1
2026-06-14 17:13:18.696,mc2,demo1,1
2026-06-14 17:18:18.762,mc2,demo1,1
2026-06-14 17:23:18.212,mc2,demo1,1
2026-06-14 17:28:18.771,mc2,demo1,1
2026-06-14 17:33:19.082,mc2,demo1,1
2026-06-14 17:38:18.661,mc2,demo1,1
2026-06-14 17:43:18.228,mc2,demo1,1
2026-06-14 17:48:19.383,mc2,demo1,1
2026-06-14 17:53:18.740,mc2,demo1,1
2026-06-14 17:58:19.064,mc2,demo1,1
2026-06-14 18:03:18.352,mc2,demo1,1
2026-06-14 18:08:19.061,mc2,demo1,1
2026-06-14 18:13:19.204,mc2,demo1,1
2026-06-14 18:18:18.987,mc2,demo1,1
2026-06-14 18:23:18.254,mc2,demo1,1
2026-06-14 18:28:19.010,mc2,demo1,1
2026-06-14 18:33:18.931,mc2,demo1,1
2026-06-14 18:38:18.817,mc2,demo1,1
2026-06-14 18:43:18.819,mc2,demo1,1
2026-06-14 18:48:18.425,mc2,demo1,1
2026-06-14 18:53:18.791,mc2,demo1,1
2026-06-14 18:58:18.694,mc2,demo1,1
2026-06-14 19:03:19.137,mc2,demo1,1
2026-06-14 19:08:18.880,mc2,demo1,1
2026-06-14 19:13:18.414,mc2,demo1,1
2026-06-14 19:18:18.838,mc2,demo1,1
2026-06-14 19:23:18.644,mc2,demo1,1
2026-06-14 19:28:18.358,mc2,demo1,1
2026-06-14 19:33:18.786,mc2,demo1,1
2026-06-14 19:38:18.487,mc2,demo1,1
2026-06-14 19:43:18.237,mc2,demo1,1
2026-06-14 19:48:18.500,mc2,demo1,1
2026-06-14 19:53:18.286,mc2,demo1,1
2026-06-14 19:58:18.489,mc2,demo1,1
2026-06-14 20:03:18.212,mc2,demo1,1
2026-06-14 20:08:19.070,mc2,demo1,1
2026-06-14 20:13:19.077,mc2,demo1,1
2026-06-14 20:18:18.502,mc2,demo1,1
2026-06-14 20:23:18.435,mc2,demo1,1
2026-06-14 20:28:19.049,mc2,demo1,1
2026-06-14 20:33:18.624,mc2,demo1,1
2026-06-14 20:38:18.659,mc2,demo1,1
2026-06-14 20:43:18.313,mc2,demo1,1
2026-06-14 20:48:18.991,mc2,demo1,1
2026-06-14 20:53:19.074,mc2,demo1,1
2026-06-14 20:58:19.073,mc2,demo1,1
2026-06-14 21:03:18.047,mc2,demo1,1
2026-06-14 21:08:18.996,mc2,demo1,1
2026-06-14 21:13:18.137,mc2,demo1,1
2026-06-14 21:18:18.692,mc2,demo1,1
2026-06-14 21:23:19.335,mc2,demo1,1
2026-06-14 21:28:19.129,mc2,demo1,1
2026-06-14 21:33:18.696,mc2,demo1,1
2026-06-14 21:38:19.007,mc2,demo1,1
2026-06-14 21:43:19.170,mc2,demo1,1
2026-06-14 21:48:18.579,mc2,demo1,1
2026-06-14 21:53:18.665,mc2,demo1,1
2026-06-14 21:58:18.926,mc2,demo1,1
2026-06-14 22:03:19.470,mc2,demo1,1
2026-06-14 22:08:18.582,mc2,demo1,1
2026-06-14 22:13:18.172,mc2,demo1,1
2026-06-14 22:18:18.461,mc2,demo1,1
2026-06-14 22:23:18.525,mc2,demo1,1
2026-06-14 22:28:18.687,mc2,demo1,1
2026-06-14 22:33:19.245,mc2,demo1,1
2026-06-14 22:38:18.529,mc2,demo1,1
2026-06-14 22:43:18.963,mc2,demo1,1
2026-06-14 22:48:18.849,mc2,demo1,1
2026-06-14 22:53:19.436,mc2,demo1,1
2026-06-14 22:58:19.514,mc2,demo1,1
2026-06-14 23:03:18.638,mc2,demo1,1
2026-06-14 23:08:18.798,mc2,demo1,1
2026-06-14 23:13:18.648,mc2,demo1,1
2026-06-14 23:18:18.236,mc2,demo1,1
2026-06-14 23:23:18.690,mc2,demo1,1
2026-06-14 23:28:18.173,mc2,demo1,1
2026-06-14 23:33:18.871,mc2,demo1,1
2026-06-14 23:38:18.479,mc2,demo1,1
2026-06-14 23:43:18.891,mc2,demo1,1
2026-06-14 23:48:18.744,mc2,demo1,1
2026-06-14 23:53:18.344,mc2,demo1,1
2026-06-14 23:58:19.086,mc2,demo1,1
2026-06-15 00:03:18.872,mc2,demo1,1
2026-06-15 00:08:19.290,mc2,demo1,1
2026-06-15 00:13:19.151,mc2,demo1,1
2026-06-15 00:18:18.760,mc2,demo1,1
2026-06-15 00:23:18.358,mc2,demo1,1
2026-06-15 00:28:18.583,mc2,demo1,1
2026-06-15 00:33:18.871,mc2,demo1,1
2026-06-15 00:38:18.550,mc2,demo1,1
2026-06-15 00:43:18.159,mc2,demo1,1
2026-06-15 00:48:18.703,mc2,demo1,1
2026-06-15 00:53:18.854,mc2,demo1,1
2026-06-15 00:58:19.808,mc2,demo1,1
2026-06-15 01:03:18.542,mc2,demo1,1
2026-06-15 01:08:18.922,mc2,demo1,1
2026-06-15 01:13:18.434,mc2,demo1,1
2026-06-15 01:18:18.851,mc2,demo1,1
2026-06-15 01:23:18.364,mc2,demo1,1
2026-06-15 01:28:18.708,mc2,demo1,1
2026-06-15 01:33:18.838,mc2,demo1,1
2026-06-15 01:38:18.328,mc2,demo1,1
2026-06-15 01:43:18.644,mc2,demo1,1
2026-06-15 01:48:18.801,mc2,demo1,1
2026-06-15 01:53:18.690,mc2,demo1,1
2026-06-15 01:58:18.932,mc2,demo1,1
2026-06-15 02:03:19.485,mc2,demo1,1
2026-06-15 02:08:18.970,mc2,demo1,1
2026-06-15 02:13:18.696,mc2,demo1,1
2026-06-15 02:18:18.417,mc2,demo1,1
2026-06-15 02:23:18.842,mc2,demo1,1
2026-06-15 02:28:18.562,mc2,demo1,1
2026-06-15 02:33:18.878,mc2,demo1,1
2026-06-15 02:38:19.109,mc2,demo1,1
2026-06-15 02:43:18.618,mc2,demo1,1
2026-06-15 02:48:18.247,mc2,demo1,1
2026-06-15 02:53:18.754,mc2,demo1,1
2026-06-15 02:58:18.679,mc2,demo1,1
2026-06-15 03:03:18.834,mc2,demo1,1
2026-06-15 03:08:19.688,mc2,demo1,1
2026-06-15 03:13:18.790,mc2,demo1,1
2026-06-15 03:18:19.393,mc2,demo1,1
2026-06-15 03:23:18.484,mc2,demo1,1
2026-06-15 03:28:18.585,mc2,demo1,1
2026-06-15 03:33:18.897,mc2,demo1,1
2026-06-15 03:38:18.893,mc2,demo1,1
2026-06-15 03:43:19.032,mc2,demo1,1
2026-06-15 03:48:18.918,mc2,demo1,1
2026-06-15 03:53:18.543,mc2,demo1,1
2026-06-15 03:58:18.820,mc2,demo1,1
2026-06-15 04:03:18.107,mc2,demo1,1
2026-06-15 04:08:19.003,mc2,demo1,1
2026-06-15 04:13:18.740,mc2,demo1,1
2026-06-15 04:18:18.647,mc2,demo1,1
2026-06-15 04:23:19.291,mc2,demo1,1
2026-06-15 04:28:18.569,mc2,demo1,1
2026-06-15 04:33:18.319,mc2,demo1,1
2026-06-15 04:38:18.968,mc2,demo1,1
2026-06-15 04:43:18.973,mc2,demo1,1
2026-06-15 04:48:18.830,mc2,demo1,1
2026-06-15 04:53:19.029,mc2,demo1,1
2026-06-15 04:58:18.232,mc2,demo1,1
2026-06-15 05:03:18.629,mc2,demo1,1
2026-06-15 05:08:19.222,mc2,demo1,1
2026-06-15 05:13:18.458,mc2,demo1,1
2026-06-15 05:18:18.817,mc2,demo1,1
2026-06-15 05:23:19.159,mc2,demo1,1
2026-06-15 05:28:18.892,mc2,demo1,1
2026-06-15 05:33:18.372,mc2,demo1,1
2026-06-15 05:38:19.205,mc2,demo1,1
2026-06-15 05:43:18.743,mc2,demo1,1
2026-06-15 05:48:18.952,mc2,demo1,1
2026-06-15 05:53:19.041,mc2,demo1,1
2026-06-15 05:58:18.887,mc2,demo1,1
2026-06-15 06:03:19.194,mc2,demo1,1
2026-06-15 06:08:18.952,mc2,demo1,1
2026-06-15 06:13:18.528,mc2,demo1,1
2026-06-15 06:18:18.852,mc2,demo1,1
2026-06-15 06:23:18.458,mc2,demo1,1
2026-06-15 06:28:18.829,mc2,demo1,1
2026-06-15 06:33:18.705,mc2,demo1,1
2026-06-15 06:38:19.175,mc2,demo1,1
2026-06-15 06:43:19.383,mc2,demo1,1
2026-06-15 06:48:19.186,mc2,demo1,1
2026-06-15 06:53:18.665,mc2,demo1,1
2026-06-15 06:58:18.858,mc2,demo1,1
2026-06-15 07:03:18.705,mc2,demo1,1
2026-06-15 07:08:19.521,mc2,demo1,1
2026-06-15 07:13:18.275,mc2,demo1,1
2026-06-15 07:18:19.295,mc2,demo1,1
2026-06-15 07:23:18.563,mc2,demo1,1
2026-06-15 07:28:18.735,mc2,demo1,1
2026-06-15 07:33:18.835,mc2,demo1,1
2026-06-15 07:38:19.182,mc2,demo1,1
2026-06-15 07:43:18.906,mc2,demo1,1
2026-06-15 07:48:19.544,mc2,demo1,1
2026-06-15 07:53:18.698,mc2,demo1,1
2026-06-15 07:58:18.539,mc2,demo1,1
2026-06-15 08:03:18.648,mc2,demo1,1
2026-06-15 08:08:18.698,mc2,demo1,1
2026-06-15 08:13:19.167,mc2,demo1,1
2026-06-15 08:18:19.771,mc2,demo1,1
2026-06-15 08:23:18.765,mc2,demo1,1
2026-06-15 08:28:19.038,mc2,demo1,1
2026-06-15 08:33:18.580,mc2,demo1,1
2026-06-15 08:38:19.069,mc2,demo1,1
2026-06-15 08:43:18.912,mc2,demo1,1
2026-06-15 08:48:18.899,mc2,demo1,1
2026-06-15 08:53:18.902,mc2,demo1,1
2026-06-15 08:58:19.334,mc2,demo1,1
2026-06-15 09:03:19.098,mc2,demo1,1
2026-06-15 09:08:18.584,mc2,demo1,1
2026-06-15 09:13:19.035,mc2,demo1,1
2026-06-15 09:18:18.845,mc2,demo1,1
2026-06-15 09:23:18.814,mc2,demo1,1
2026-06-15 09:28:18.644,mc2,demo1,1
2026-06-15 09:33:18.936,mc2,demo1,1
2026-06-15 09:38:18.461,mc2,demo1,1
2026-06-15 09:43:18.666,mc2,demo1,1
2026-06-15 09:48:18.665,mc2,demo1,1
2026-06-15 09:53:19.011,mc2,demo1,1
2026-06-15 09:58:19.105,mc2,demo1,1
2026-06-15 10:03:18.930,mc2,demo1,1
2026-06-15 10:08:18.125,mc2,demo1,1
2026-06-15 10:13:18.702,mc2,demo1,1
2026-06-15 10:18:19.178,mc2,demo1,1
2026-06-15 10:23:18.331,mc2,demo1,1
2026-06-15 10:28:18.201,mc2,demo1,1
2026-06-15 10:33:18.329,mc2,demo1,1
2026-06-15 10:38:19.062,mc2,demo1,1
2026-06-15 10:43:18.193,mc2,demo1,1
2026-06-15 10:48:18.503,mc2,demo1,1
2026-06-15 10:53:18.372,mc2,demo1,1
2026-06-15 10:58:19.063,mc2,demo1,1
2026-06-15 11:03:18.427,mc2,demo1,1
2026-06-15 11:08:19.035,mc2,demo1,1
2026-06-15 11:13:19.340,mc2,demo1,1
2026-06-15 11:18:18.887,mc2,demo1,1
2026-06-15 11:23:18.256,mc2,demo1,1
2026-06-15 11:28:18.773,mc2,demo1,1
2026-06-15 11:33:19.263,mc2,demo1,1
2026-06-15 11:38:19.174,mc2,demo1,1
2026-06-15 11:43:18.444,mc2,demo1,1
2026-06-15 11:48:19.027,mc2,demo1,1
2026-06-15 11:53:18.376,mc2,demo1,1
2026-06-15 11:58:18.836,mc2,demo1,1
2026-06-15 12:03:18.320,mc2,demo1,1
2026-06-15 12:08:18.816,mc2,demo1,1
2026-06-15 12:13:19.603,mc2,demo1,1
2026-06-15 12:18:18.641,mc2,demo1,1
2026-06-15 12:23:18.349,mc2,demo1,1
2026-06-15 12:28:18.507,mc2,demo1,1
2026-06-15 12:33:18.655,mc2,demo1,1
2026-06-15 12:38:18.695,mc2,demo1,1
2026-06-15 12:43:18.564,mc2,demo1,1
2026-06-15 12:48:18.963,mc2,demo1,1
2026-06-15 12:53:18.376,mc2,demo1,1
2026-06-15 12:58:18.265,mc2,demo1,1
2026-06-15 13:03:19.247,mc2,demo1,1
2026-06-15 13:08:18.761,mc2,demo1,1
2026-06-15 13:13:18.358,mc2,demo1,1
2026-06-15 13:18:18.302,mc2,demo1,1
2026-06-15 13:23:18.756,mc2,demo1,1
2026-06-15 13:28:19.430,mc2,demo1,1
2026-06-15 13:33:18.883,mc2,demo1,1
2026-06-15 13:38:18.602,mc2,demo1,1
2026-06-15 13:43:19.117,mc2,demo1,1
2026-06-15 13:48:18.918,mc2,demo1,1
2026-06-15 13:53:19.140,mc2,demo1,1
2026-06-15 13:58:18.848,mc2,demo1,1
2026-06-15 14:03:18.765,mc2,demo1,1
2026-06-15 14:08:18.699,mc2,demo1,1
2026-06-15 14:13:18.814,mc2,demo1,1
2026-06-15 14:18:18.483,mc2,demo1,1
2026-06-15 14:23:18.119,mc2,demo1,1
2026-06-15 14:28:18.900,mc2,demo1,1
2026-06-15 14:33:18.474,mc2,demo1,1
2026-06-15 14:38:20.199,mc2,demo1,1
2026-06-15 14:43:18.435,mc2,demo1,1
2026-06-15 14:48:18.844,mc2,demo1,1
2026-06-15 14:53:18.198,mc2,demo1,1
2026-06-15 14:58:19.171,mc2,demo1,1
2026-06-15 15:03:18.422,mc2,demo1,1
2026-06-15 15:08:19.127,mc2,demo1,1
2026-06-15 15:13:19.091,mc2,demo1,1
2026-06-15 15:18:18.930,mc2,demo1,1
2026-06-15 15:23:18.936,mc2,demo1,1
2026-06-15 15:28:18.390,mc2,demo1,1
2026-06-15 15:33:18.846,mc2,demo1,1
2026-06-15 15:38:19.889,mc2,demo1,1
2026-06-15 15:43:18.964,mc2,demo1,1
2026-06-15 15:48:18.862,mc2,demo1,1
2026-06-15 15:53:18.951,mc2,demo1,1
2026-06-15 15:58:18.824,mc2,demo1,1
2026-06-15 16:03:18.742,mc2,demo1,1
2026-06-15 16:08:18.689,mc2,demo1,1
2026-06-15 16:13:19.053,mc2,demo1,1
2026-06-15 16:18:18.331,mc2,demo1,1
2026-06-15 16:23:18.873,mc2,demo1,1
2026-06-15 16:28:18.515,mc2,demo1,1
2026-06-15 16:33:18.932,mc2,demo1,1
2026-06-15 16:38:18.929,mc2,demo1,1
2026-06-15 16:43:18.841,mc2,demo1,1
2026-06-15 16:48:19.496,mc2,demo1,1
2026-06-15 16:53:18.516,mc2,demo1,1
2026-06-15 16:58:18.776,mc2,demo1,1
2026-06-15 17:03:18.566,mc2,demo1,1
2026-06-15 17:08:18.351,mc2,demo1,1
2026-06-15 17:13:18.889,mc2,demo1,1
2026-06-15 17:18:18.439,mc2,demo1,1
2026-06-15 17:23:18.920,mc2,demo1,1
2026-06-15 17:28:18.853,mc2,demo1,1
2026-06-15 17:33:18.672,mc2,demo1,1
2026-06-15 17:38:18.923,mc2,demo1,1
2026-06-15 17:43:19.046,mc2,demo1,1
2026-06-15 17:48:18.651,mc2,demo1,1
2026-06-15 17:53:18.818,mc2,demo1,1
2026-06-15 17:58:19.193,mc2,demo1,1
2026-06-15 18:03:18.665,mc2,demo1,1
2026-06-15 18:08:18.933,mc2,demo1,1
2026-06-15 18:13:18.910,mc2,demo1,1
2026-06-15 18:18:18.352,mc2,demo1,1
2026-06-15 18:23:18.406,mc2,demo1,1
2026-06-15 18:28:18.161,mc2,demo1,1
2026-06-15 18:33:18.896,mc2,demo1,1
2026-06-15 18:38:19.323,mc2,demo1,1
2026-06-15 18:43:18.702,mc2,demo1,1
2026-06-15 18:48:18.912,mc2,demo1,1
2026-06-15 18:53:19.102,mc2,demo1,1
2026-06-15 18:58:18.263,mc2,demo1,1
2026-06-15 19:03:18.933,mc2,demo1,1
2026-06-15 19:08:19.823,mc2,demo1,1
2026-06-15 19:13:18.737,mc2,demo1,1
2026-06-15 19:18:18.849,mc2,demo1,1
2026-06-15 19:23:18.312,mc2,demo1,1
2026-06-15 19:28:18.181,mc2,demo1,1
2026-06-15 19:33:18.330,mc2,demo1,1
2026-06-15 19:38:18.960,mc2,demo1,1
2026-06-15 19:43:19.070,mc2,demo1,1
2026-06-15 19:48:18.897,mc2,demo1,1
2026-06-15 19:53:19.034,mc2,demo1,1
2026-06-15 19:58:19.020,mc2,demo1,1
2026-06-15 20:03:18.264,mc2,demo1,1
2026-06-15 20:08:18.879,mc2,demo1,1
2026-06-15 20:13:18.723,mc2,demo1,1
2026-06-15 20:18:19.337,mc2,demo1,1
2026-06-15 20:23:18.210,mc2,demo1,1
2026-06-15 20:28:18.376,mc2,demo1,1
2026-06-15 20:33:18.518,mc2,demo1,1
2026-06-15 20:38:18.425,mc2,demo1,1
2026-06-15 20:43:18.656,mc2,demo1,1
2026-06-15 20:48:18.686,mc2,demo1,1
2026-06-15 20:53:18.167,mc2,demo1,1
2026-06-15 20:58:19.021,mc2,demo1,1
2026-06-15 21:03:18.717,mc2,demo1,1
2026-06-15 21:08:18.301,mc2,demo1,1
2026-06-15 21:13:18.235,mc2,demo1,1
2026-06-15 21:18:19.040,mc2,demo1,1
2026-06-15 21:23:18.610,mc2,demo1,1
2026-06-15 21:28:18.711,mc2,demo1,1
2026-06-15 21:33:18.244,mc2,demo1,1
2026-06-15 21:38:18.596,mc2,demo1,1
2026-06-15 21:43:18.634,mc2,demo1,1
2026-06-15 21:48:18.572,mc2,demo1,1
2026-06-15 21:53:18.175,mc2,demo1,1
2026-06-15 21:58:18.490,mc2,demo1,1
2026-06-15 22:03:19.034,mc2,demo1,1
2026-06-15 22:08:19.075,mc2,demo1,1
2026-06-15 22:13:18.788,mc2,demo1,1
2026-06-15 22:18:18.489,mc2,demo1,1
2026-06-15 22:23:18.767,mc2,demo1,1
2026-06-15 22:28:18.391,mc2,demo1,1
2026-06-15 22:33:18.836,mc2,demo1,1
2026-06-15 22:38:19.320,mc2,demo1,1
2026-06-15 22:43:18.723,mc2,demo1,1
2026-06-15 22:48:18.933,mc2,demo1,1
2026-06-15 22:53:18.480,mc2,demo1,1
2026-06-15 22:58:18.871,mc2,demo1,1
2026-06-15 23:03:18.662,mc2,demo1,1
2026-06-15 23:08:18.332,mc2,demo1,1
2026-06-15 23:13:18.677,mc2,demo1,1
2026-06-15 23:18:18.743,mc2,demo1,1
2026-06-15 23:23:18.525,mc2,demo1,1
2026-06-15 23:28:18.877,mc2,demo1,1
2026-06-15 23:33:18.478,mc2,demo1,1
2026-06-15 23:38:18.364,mc2,demo1,1
2026-06-15 23:43:18.688,mc2,demo1,1
2026-06-15 23:48:18.244,mc2,demo1,1
2026-06-15 23:53:18.341,mc2,demo1,1
2026-06-15 23:58:18.958,mc2,demo1,1
2026-06-16 00:03:19.004,mc2,demo1,1
2026-06-16 00:08:18.707,mc2,demo1,1
2026-06-16 00:13:18.248,mc2,demo1,1
2026-06-16 00:18:18.337,mc2,demo1,1
2026-06-16 00:23:18.880,mc2,demo1,1
2026-06-16 00:28:18.807,mc2,demo1,1
2026-06-16 00:33:19.087,mc2,demo1,1
2026-06-16 00:38:18.958,mc2,demo1,1
2026-06-16 00:43:19.386,mc2,demo1,1
2026-06-16 00:48:18.300,mc2,demo1,1
2026-06-16 00:53:19.107,mc2,demo1,1
2026-06-16 00:58:18.908,mc2,demo1,1
2026-06-16 01:03:18.745,mc2,demo1,1
2026-06-16 01:08:18.977,mc2,demo1,1
2026-06-16 01:13:18.837,mc2,demo1,1
2026-06-16 01:18:18.301,mc2,demo1,1
2026-06-16 01:23:18.755,mc2,demo1,1
2026-06-16 01:28:18.494,mc2,demo1,1
2026-06-16 01:33:18.245,mc2,demo1,1
2026-06-16 01:38:18.502,mc2,demo1,1
2026-06-16 01:43:18.432,mc2,demo1,1
2026-06-16 01:48:19.002,mc2,demo1,1
2026-06-16 01:53:18.950,mc2,demo1,1
2026-06-16 01:58:18.413,mc2,demo1,1
2026-06-16 02:03:20.122,mc2,demo1,1
2026-06-16 02:08:18.563,mc2,demo1,1
2026-06-16 02:13:18.388,mc2,demo1,1
2026-06-16 02:18:18.707,mc2,demo1,1
2026-06-16 02:23:18.403,mc2,demo1,1
2026-06-16 02:28:18.360,mc2,demo1,1
2026-06-16 02:33:18.556,mc2,demo1,1
2026-06-16 02:38:18.953,mc2,demo1,1
2026-06-16 02:43:18.450,mc2,demo1,1
2026-06-16 02:48:18.617,mc2,demo1,1
2026-06-16 02:53:18.228,mc2,demo1,1
2026-06-16 02:58:18.886,mc2,demo1,1
2026-06-16 03:03:18.818,mc2,demo1,1
2026-06-16 03:08:19.217,mc2,demo1,1
2026-06-16 03:13:19.445,mc2,demo1,1
2026-06-16 03:18:18.842,mc2,demo1,1
2026-06-16 03:23:18.767,mc2,demo1,1
2026-06-16 03:28:18.917,mc2,demo1,1
2026-06-16 03:33:18.845,mc2,demo1,1
2026-06-16 03:38:18.726,mc2,demo1,1
2026-06-16 03:43:18.669,mc2,demo1,1
2026-06-16 03:48:19.157,mc2,demo1,1
2026-06-16 03:53:18.739,mc2,demo1,1
2026-06-16 03:58:18.789,mc2,demo1,1
2026-06-16 04:03:18.416,mc2,demo1,1
2026-06-16 04:08:18.707,mc2,demo1,1
2026-06-16 04:13:18.704,mc2,demo1,1
2026-06-16 04:18:18.731,mc2,demo1,1
2026-06-16 04:23:19.421,mc2,demo1,1
2026-06-16 04:28:19.058,mc2,demo1,1
2026-06-16 04:33:18.800,mc2,demo1,1
2026-06-16 04:38:18.487,mc2,demo1,1
2026-06-16 04:43:19.182,mc2,demo1,1
2026-06-16 04:48:18.458,mc2,demo1,1
2026-06-16 04:53:18.784,mc2,demo1,1
2026-06-16 04:58:18.635,mc2,demo1,1
2026-06-16 05:03:18.847,mc2,demo1,1
2026-06-16 05:08:18.884,mc2,demo1,1
2026-06-16 05:13:19.069,mc2,demo1,1
2026-06-16 05:18:19.084,mc2,demo1,1
2026-06-16 05:23:18.629,mc2,demo1,1
2026-06-16 05:28:18.572,mc2,demo1,1
2026-06-16 05:33:19.527,mc2,demo1,1
2026-06-16 05:38:18.977,mc2,demo1,1
2026-06-16 05:43:18.681,mc2,demo1,1
2026-06-16 05:48:18.324,mc2,demo1,1
2026-06-16 05:53:18.302,mc2,demo1,1
2026-06-16 05:58:18.516,mc2,demo1,1
2026-06-16 06:03:19.105,mc2,demo1,1
2026-06-16 06:08:19.489,mc2,demo1,1
2026-06-16 06:13:18.723,mc2,demo1,1
2026-06-16 06:18:18.426,mc2,demo1,1
2026-06-16 06:23:18.145,mc2,demo1,1
2026-06-16 06:28:18.891,mc2,demo1,1
2026-06-16 06:33:18.785,mc2,demo1,1
2026-06-16 06:38:18.741,mc2,demo1,1
2026-06-16 06:43:18.773,mc2,demo1,1
2026-06-16 06:48:18.702,mc2,demo1,1
2026-06-16 06:53:18.934,mc2,demo1,1
2026-06-16 06:58:19.726,mc2,demo1,1
2026-06-16 07:03:18.513,mc2,demo1,1
2026-06-16 07:08:18.969,mc2,demo1,1
2026-06-16 07:13:18.514,mc2,demo1,1
2026-06-16 07:18:18.555,mc2,demo1,1
2026-06-16 07:23:18.384,mc2,demo1,1
2026-06-16 07:28:18.953,mc2,demo1,1
2026-06-16 07:33:19.150,mc2,demo1,1
2026-06-16 07:38:18.847,mc2,demo1,1
2026-06-16 07:43:18.345,mc2,demo1,1
2026-06-16 07:48:18.192,mc2,demo1,1
2026-06-16 07:53:18.825,mc2,demo1,1
2026-06-16 07:58:18.680,mc2,demo1,1
2026-06-16 08:03:18.182,mc2,demo1,1
2026-06-16 08:08:18.602,mc2,demo1,1
2026-06-16 08:13:18.862,mc2,demo1,1
2026-06-16 08:18:18.834,mc2,demo1,1
2026-06-16 08:23:19.006,mc2,demo1,1
2026-06-16 08:28:18.954,mc2,demo1,1
2026-06-16 08:33:19.177,mc2,demo1,1
2026-06-16 08:38:18.825,mc2,demo1,1
2026-06-16 08:43:18.421,mc2,demo1,1
2026-06-16 08:48:18.829,mc2,demo1,1
2026-06-16 08:53:18.313,mc2,demo1,1
2026-06-16 08:58:18.730,mc2,demo1,1
2026-06-16 09:03:18.989,mc2,demo1,1
2026-06-16 09:08:18.267,mc2,demo1,1
2026-06-16 09:13:19.090,mc2,demo1,1
2026-06-16 09:18:18.419,mc2,demo1,1
2026-06-16 09:23:19.140,mc2,demo1,1
2026-06-16 09:28:18.898,mc2,demo1,1
2026-06-16 09:33:18.399,mc2,demo1,1
2026-06-16 09:38:18.309,mc2,demo1,1
2026-06-16 09:43:18.664,mc2,demo1,1
2026-06-16 09:48:18.267,mc2,demo1,1
2026-06-16 09:53:18.372,mc2,demo1,1
2026-06-16 09:58:18.363,mc2,demo1,1
2026-06-16 10:03:18.446,mc2,demo1,1
2026-06-16 10:08:18.470,mc2,demo1,1
2026-06-16 10:13:19.453,mc2,demo1,1
2026-06-16 10:18:19.066,mc2,demo1,1
2026-06-16 10:23:18.327,mc2,demo1,1
2026-06-16 10:28:18.619,mc2,demo1,1
2026-06-16 10:33:18.932,mc2,demo1,1
2026-06-16 10:38:18.507,mc2,demo1,1
2026-06-16 10:43:18.626,mc2,demo1,1
2026-06-16 10:48:18.261,mc2,demo1,1
2026-06-16 10:53:18.871,mc2,demo1,1
2026-06-16 10:58:18.877,mc2,demo1,1
2026-06-16 11:03:19.977,mc2,demo1,1
2026-06-16 11:08:18.658,mc2,demo1,1
2026-06-16 11:13:18.933,mc2,demo1,1
2026-06-16 11:18:18.772,mc2,demo1,1
2026-06-16 11:23:18.899,mc2,demo1,1
2026-06-16 11:28:19.055,mc2,demo1,1
2026-06-16 11:33:18.942,mc2,demo1,1
2026-06-16 11:38:19.529,mc2,demo1,1
2026-06-16 11:43:18.447,mc2,demo1,1
2026-06-16 11:48:18.873,mc2,demo1,1
2026-06-16 11:53:18.482,mc2,demo1,1
2026-06-16 11:58:18.110,mc2,demo1,1
2026-06-16 12:03:18.674,mc2,demo1,1
2026-06-16 12:08:19.254,mc2,demo1,1
2026-06-16 12:13:18.454,mc2,demo1,1
2026-06-16 12:18:18.784,mc2,demo1,1
2026-06-16 12:23:18.992,mc2,demo1,1
2026-06-16 12:28:18.936,mc2,demo1,1
2026-06-16 12:33:19.088,mc2,demo1,1
2026-06-16 12:38:18.370,mc2,demo1,1
2026-06-16 12:43:18.827,mc2,demo1,1
2026-06-16 12:48:19.202,mc2,demo1,1
2026-06-16 12:53:18.957,mc2,demo1,1
2026-06-16 12:58:18.186,mc2,demo1,1
2026-06-16 13:03:18.322,mc2,demo1,1
2026-06-16 13:08:18.236,mc2,demo1,1
2026-06-16 13:13:19.184,mc2,demo1,1
2026-06-16 13:18:18.328,mc2,demo1,1
2026-06-16 13:23:18.599,mc2,demo1,1
2026-06-16 13:28:18.802,mc2,demo1,1
2026-06-16 13:33:18.942,mc2,demo1,1
2026-06-16 13:38:19.306,mc2,demo1,1
2026-06-16 13:43:18.501,mc2,demo1,1
2026-06-16 13:48:19.194,mc2,demo1,1
2026-06-16 13:53:18.417,mc2,demo1,1
2026-06-16 13:58:18.191,mc2,demo1,1
2026-06-16 14:03:18.587,mc2,demo1,1
2026-06-16 14:08:19.295,mc2,demo1,1
2026-06-16 14:13:18.721,mc2,demo1,1
2026-06-16 14:18:18.200,mc2,demo1,1
2026-06-16 14:23:19.626,mc2,demo1,1
2026-06-16 14:28:18.708,mc2,demo1,1
2026-06-16 14:33:18.317,mc2,demo1,1
2026-06-16 14:38:18.961,mc2,demo1,1
2026-06-16 14:43:18.426,mc2,demo1,1
2026-06-16 14:48:18.417,mc2,demo1,1
2026-06-16 14:58:18.680,mc2,demo1,0
2026-06-16 14:58:18.680,mc2,demo1,1
2026-06-16 14:58:18.680,mc2,demo1,1
2026-06-16 15:03:18.518,mc2,demo1,1
2026-06-16 15:03:18.518,mc2,demo1,1
2026-06-16 15:03:18.518,mc2,demo1,1
2026-06-16 15:08:18.889,mc2,demo1,1
2026-06-16 15:08:18.889,mc2,demo1,1
2026-06-16 15:13:19.209,mc2,demo1,1
2026-06-16 15:18:18.226,mc2,demo1,1
2026-06-16 15:23:18.156,mc2,demo1,1
2026-06-16 15:28:18.929,mc2,demo1,1
2026-06-16 15:33:19.070,mc2,demo1,1
2026-06-16 15:38:18.749,mc2,demo1,1
2026-06-16 15:43:19.417,mc2,demo1,1
2026-06-16 15:48:18.927,mc2,demo1,1
2026-06-16 15:53:18.251,mc2,demo1,1
2026-06-16 15:58:18.477,mc2,demo1,1
2026-06-16 16:03:18.304,mc2,demo1,1
2026-06-16 16:08:19.147,mc2,demo1,1
2026-06-16 16:13:19.014,mc2,demo1,1
2026-06-16 16:18:19.268,mc2,demo1,1
2026-06-16 16:23:18.514,mc2,demo1,1
2026-06-16 16:28:18.302,mc2,demo1,1
2026-06-16 16:33:18.854,mc2,demo1,1
2026-06-16 16:38:18.480,mc2,demo1,1
2026-06-16 16:43:18.844,mc2,demo1,1
2026-06-16 16:48:18.905,mc2,demo1,1
2026-06-12 14:18:18.759,mc3,demo1,0
2026-06-12 14:23:19.033,mc3,demo1,1
2026-06-12 14:28:19.228,mc3,demo1,1
2026-06-12 14:33:18.354,mc3,demo1,1
2026-06-12 14:38:18.279,mc3,demo1,1
2026-06-12 14:43:18.366,mc3,demo1,1
2026-06-12 14:48:18.089,mc3,demo1,1
2026-06-12 14:53:18.148,mc3,demo1,1
2026-06-12 14:58:19.206,mc3,demo1,1
2026-06-12 15:03:18.375,mc3,demo1,1
2026-06-12 15:08:18.511,mc3,demo1,1
2026-06-12 15:13:18.819,mc3,demo1,1
2026-06-12 15:18:19.047,mc3,demo1,1
2026-06-12 15:23:18.910,mc3,demo1,1
2026-06-12 15:28:18.152,mc3,demo1,1
2026-06-12 15:33:18.779,mc3,demo1,1
2026-06-12 15:38:19.500,mc3,demo1,1
2026-06-12 15:43:18.801,mc3,demo1,1
2026-06-12 15:48:18.834,mc3,demo1,1
2026-06-12 15:53:18.819,mc3,demo1,1
2026-06-12 15:58:18.894,mc3,demo1,1
2026-06-12 16:03:19.192,mc3,demo1,1
2026-06-12 16:08:19.968,mc3,demo1,1
2026-06-12 16:13:18.577,mc3,demo1,1
2026-06-12 16:18:18.794,mc3,demo1,1
2026-06-12 16:23:18.663,mc3,demo1,1
2026-06-12 16:28:19.109,mc3,demo1,1
2026-06-12 16:33:19.059,mc3,demo1,1
2026-06-12 16:38:18.691,mc3,demo1,1
2026-06-12 16:43:19.069,mc3,demo1,1
2026-06-12 16:48:18.573,mc3,demo1,1
2026-06-12 16:53:18.478,mc3,demo1,1
2026-06-12 16:58:19.146,mc3,demo1,1
2026-06-12 17:03:18.632,mc3,demo1,1
2026-06-12 17:08:18.693,mc3,demo1,1
2026-06-12 17:13:19.650,mc3,demo1,1
2026-06-12 17:18:18.193,mc3,demo1,1
2026-06-12 17:23:18.898,mc3,demo1,1
2026-06-12 17:28:18.453,mc3,demo1,1
2026-06-12 17:33:18.682,mc3,demo1,1
2026-06-12 17:38:18.997,mc3,demo1,1
2026-06-12 17:43:19.142,mc3,demo1,1
2026-06-12 17:48:18.789,mc3,demo1,1
2026-06-12 17:53:18.287,mc3,demo1,1
2026-06-12 17:58:19.370,mc3,demo1,1
2026-06-12 18:03:18.471,mc3,demo1,1
2026-06-12 18:08:18.500,mc3,demo1,1
2026-06-12 18:13:18.242,mc3,demo1,1
2026-06-12 18:18:19.294,mc3,demo1,1
2026-06-12 18:23:19.372,mc3,demo1,1
2026-06-12 18:28:19.542,mc3,demo1,1
2026-06-12 18:33:18.430,mc3,demo1,1
2026-06-12 18:38:19.064,mc3,demo1,1
2026-06-12 18:43:19.438,mc3,demo1,1
2026-06-12 18:48:18.397,mc3,demo1,1
2026-06-12 18:53:18.875,mc3,demo1,1
2026-06-12 18:58:18.219,mc3,demo1,1
2026-06-12 19:03:18.346,mc3,demo1,1
2026-06-12 19:08:18.910,mc3,demo1,1
2026-06-12 19:13:18.640,mc3,demo1,1
2026-06-12 19:18:19.098,mc3,demo1,1
2026-06-12 19:23:18.312,mc3,demo1,1
2026-06-12 19:28:18.828,mc3,demo1,1
2026-06-12 19:33:18.700,mc3,demo1,1
2026-06-12 19:38:18.241,mc3,demo1,1
2026-06-12 19:43:19.213,mc3,demo1,1
2026-06-12 19:48:18.890,mc3,demo1,1
2026-06-12 19:53:18.636,mc3,demo1,1
2026-06-12 19:58:18.911,mc3,demo1,1
2026-06-12 20:03:19.388,mc3,demo1,1
2026-06-12 20:08:18.894,mc3,demo1,1
2026-06-12 20:13:18.472,mc3,demo1,1
2026-06-12 20:18:19.056,mc3,demo1,1
2026-06-12 20:23:18.274,mc3,demo1,1
2026-06-12 20:28:18.236,mc3,demo1,1
2026-06-12 20:33:18.840,mc3,demo1,1
2026-06-12 20:38:18.226,mc3,demo1,1
2026-06-12 20:43:18.192,mc3,demo1,1
2026-06-12 20:48:18.651,mc3,demo1,1
2026-06-12 20:53:20.901,mc3,demo1,1
2026-06-12 20:58:18.825,mc3,demo1,1
2026-06-12 21:03:19.082,mc3,demo1,1
2026-06-12 21:08:18.259,mc3,demo1,1
2026-06-12 21:13:18.534,mc3,demo1,1
2026-06-12 21:18:18.603,mc3,demo1,1
2026-06-12 21:23:18.157,mc3,demo1,1
2026-06-12 21:28:18.867,mc3,demo1,1
2026-06-12 21:33:18.273,mc3,demo1,1
2026-06-12 21:38:18.895,mc3,demo1,1
2026-06-12 21:43:18.905,mc3,demo1,1
2026-06-12 21:48:18.876,mc3,demo1,1
2026-06-12 21:53:18.877,mc3,demo1,1
2026-06-12 21:58:18.723,mc3,demo1,1
2026-06-12 22:03:19.172,mc3,demo1,1
2026-06-12 22:08:19.248,mc3,demo1,1
2026-06-12 22:13:18.955,mc3,demo1,1
2026-06-12 22:18:18.515,mc3,demo1,1
2026-06-12 22:23:18.631,mc3,demo1,1
2026-06-12 22:28:19.044,mc3,demo1,1
2026-06-12 22:33:18.824,mc3,demo1,1
2026-06-12 22:38:18.554,mc3,demo1,1
2026-06-12 22:43:18.375,mc3,demo1,1
2026-06-12 22:48:18.946,mc3,demo1,1
2026-06-12 22:53:18.487,mc3,demo1,1
2026-06-12 22:58:19.669,mc3,demo1,1
2026-06-12 23:03:18.230,mc3,demo1,1
2026-06-12 23:08:18.944,mc3,demo1,1
2026-06-12 23:13:19.110,mc3,demo1,1
2026-06-12 23:18:19.032,mc3,demo1,1
2026-06-12 23:23:19.061,mc3,demo1,1
2026-06-12 23:28:18.295,mc3,demo1,1
2026-06-12 23:33:19.194,mc3,demo1,1
2026-06-12 23:38:18.511,mc3,demo1,1
2026-06-12 23:43:18.299,mc3,demo1,1
2026-06-12 23:48:18.735,mc3,demo1,1
2026-06-12 23:53:18.534,mc3,demo1,1
2026-06-12 23:58:18.386,mc3,demo1,1
2026-06-13 00:03:18.814,mc3,demo1,1
2026-06-13 00:08:18.748,mc3,demo1,1
2026-06-13 00:13:19.015,mc3,demo1,1
2026-06-13 00:18:18.890,mc3,demo1,1
2026-06-13 00:23:18.805,mc3,demo1,1
2026-06-13 00:28:18.807,mc3,demo1,1
2026-06-13 00:33:18.937,mc3,demo1,1
2026-06-13 00:38:18.760,mc3,demo1,1
2026-06-13 00:43:19.064,mc3,demo1,1
2026-06-13 00:48:18.838,mc3,demo1,1
2026-06-13 00:53:19.230,mc3,demo1,1
2026-06-13 00:58:18.241,mc3,demo1,1
2026-06-13 01:03:18.815,mc3,demo1,1
2026-06-13 01:08:18.476,mc3,demo1,1
2026-06-13 01:13:19.021,mc3,demo1,1
2026-06-13 01:18:19.111,mc3,demo1,1
2026-06-13 01:23:18.420,mc3,demo1,1
2026-06-13 01:28:18.860,mc3,demo1,1
2026-06-13 01:33:18.357,mc3,demo1,1
2026-06-13 01:38:18.325,mc3,demo1,1
2026-06-13 01:43:18.320,mc3,demo1,1
2026-06-13 01:48:18.217,mc3,demo1,1
2026-06-13 01:53:18.784,mc3,demo1,1
2026-06-13 01:58:18.282,mc3,demo1,1
2026-06-13 02:03:19.037,mc3,demo1,1
2026-06-13 02:08:18.310,mc3,demo1,1
2026-06-13 02:13:18.800,mc3,demo1,1
2026-06-13 02:18:19.004,mc3,demo1,1
2026-06-13 02:23:18.749,mc3,demo1,1
2026-06-13 02:28:18.269,mc3,demo1,1
2026-06-13 02:33:19.232,mc3,demo1,1
2026-06-13 02:38:18.557,mc3,demo1,1
2026-06-13 02:43:18.812,mc3,demo1,1
2026-06-13 02:48:18.423,mc3,demo1,1
2026-06-13 02:53:18.560,mc3,demo1,1
2026-06-13 02:58:19.187,mc3,demo1,1
2026-06-13 03:03:18.892,mc3,demo1,1
2026-06-13 03:08:19.274,mc3,demo1,1
2026-06-13 03:13:18.800,mc3,demo1,1
2026-06-13 03:18:19.408,mc3,demo1,1
2026-06-13 03:23:18.448,mc3,demo1,1
2026-06-13 03:28:18.427,mc3,demo1,1
2026-06-13 03:33:18.823,mc3,demo1,1
2026-06-13 03:38:19.012,mc3,demo1,1
2026-06-13 03:43:19.152,mc3,demo1,1
2026-06-13 03:48:19.094,mc3,demo1,1
2026-06-13 03:53:18.472,mc3,demo1,1
2026-06-13 03:58:18.187,mc3,demo1,1
2026-06-13 04:03:18.608,mc3,demo1,1
2026-06-13 04:08:18.841,mc3,demo1,1
2026-06-13 04:13:18.375,mc3,demo1,1
2026-06-13 04:18:18.426,mc3,demo1,1
2026-06-13 04:23:18.602,mc3,demo1,1
2026-06-13 04:28:19.184,mc3,demo1,1
2026-06-13 04:33:18.938,mc3,demo1,1
2026-06-13 04:38:19.279,mc3,demo1,1
2026-06-13 04:43:19.596,mc3,demo1,1
2026-06-13 04:48:18.365,mc3,demo1,1
2026-06-13 04:53:18.386,mc3,demo1,1
2026-06-13 04:58:18.934,mc3,demo1,1
2026-06-13 05:03:18.304,mc3,demo1,1
2026-06-13 05:08:18.954,mc3,demo1,1
2026-06-13 05:13:19.003,mc3,demo1,1
2026-06-13 05:18:18.934,mc3,demo1,1
2026-06-13 05:23:19.009,mc3,demo1,1
2026-06-13 05:28:18.682,mc3,demo1,1
2026-06-13 05:33:18.819,mc3,demo1,1
2026-06-13 05:38:18.465,mc3,demo1,1
2026-06-13 05:43:18.897,mc3,demo1,1
2026-06-13 05:48:18.612,mc3,demo1,1
2026-06-13 05:53:20.315,mc3,demo1,1
2026-06-13 05:58:18.668,mc3,demo1,1
2026-06-13 06:03:18.659,mc3,demo1,1
2026-06-13 06:08:19.076,mc3,demo1,1
2026-06-13 06:13:18.540,mc3,demo1,1
2026-06-13 06:18:18.501,mc3,demo1,1
2026-06-13 06:23:18.818,mc3,demo1,1
2026-06-13 06:28:18.711,mc3,demo1,1
2026-06-13 06:33:18.869,mc3,demo1,1
2026-06-13 06:38:18.770,mc3,demo1,1
2026-06-13 06:43:19.641,mc3,demo1,1
2026-06-13 06:48:18.658,mc3,demo1,1
2026-06-13 06:53:18.279,mc3,demo1,1
2026-06-13 06:58:19.003,mc3,demo1,1
2026-06-13 07:03:19.930,mc3,demo1,1
2026-06-13 07:08:18.323,mc3,demo1,1
2026-06-13 07:13:18.466,mc3,demo1,1
2026-06-13 07:18:19.071,mc3,demo1,1
2026-06-13 07:23:18.745,mc3,demo1,1
2026-06-13 07:28:18.970,mc3,demo1,1
2026-06-13 07:33:18.576,mc3,demo1,1
2026-06-13 07:38:18.619,mc3,demo1,1
2026-06-13 07:43:18.871,mc3,demo1,1
2026-06-13 07:48:18.312,mc3,demo1,1
2026-06-13 07:53:18.393,mc3,demo1,1
2026-06-13 07:58:18.787,mc3,demo1,1
2026-06-13 08:03:18.447,mc3,demo1,1
2026-06-13 08:08:18.843,mc3,demo1,1
2026-06-13 08:13:18.367,mc3,demo1,1
2026-06-13 08:18:20.402,mc3,demo1,1
2026-06-13 08:23:18.373,mc3,demo1,1
2026-06-13 08:28:18.515,mc3,demo1,1
2026-06-13 08:33:18.765,mc3,demo1,1
2026-06-13 08:38:18.800,mc3,demo1,1
2026-06-13 08:43:18.613,mc3,demo1,1
2026-06-13 08:48:19.270,mc3,demo1,1
2026-06-13 08:53:18.976,mc3,demo1,1
2026-06-13 08:58:19.099,mc3,demo1,1
2026-06-13 09:03:18.367,mc3,demo1,1
2026-06-13 09:08:18.944,mc3,demo1,1
2026-06-13 09:13:18.575,mc3,demo1,1
2026-06-13 09:18:18.072,mc3,demo1,1
2026-06-13 09:23:19.044,mc3,demo1,1
2026-06-13 09:28:19.819,mc3,demo1,1
2026-06-13 09:33:18.944,mc3,demo1,1
2026-06-13 09:38:18.413,mc3,demo1,1
2026-06-13 09:43:18.878,mc3,demo1,1
2026-06-13 09:48:19.551,mc3,demo1,1
2026-06-13 09:53:18.952,mc3,demo1,1
2026-06-13 09:58:18.905,mc3,demo1,1
2026-06-13 10:03:19.074,mc3,demo1,1
2026-06-13 10:08:18.458,mc3,demo1,1
2026-06-13 10:13:18.848,mc3,demo1,1
2026-06-13 10:18:19.449,mc3,demo1,1
2026-06-13 10:23:18.915,mc3,demo1,1
2026-06-13 10:28:19.463,mc3,demo1,1
2026-06-13 10:33:20.421,mc3,demo1,1
2026-06-13 10:38:18.652,mc3,demo1,1
2026-06-13 10:43:18.735,mc3,demo1,1
2026-06-13 10:48:19.826,mc3,demo1,1
2026-06-13 10:53:18.322,mc3,demo1,1
2026-06-13 10:58:18.924,mc3,demo1,1
2026-06-13 11:03:18.800,mc3,demo1,1
2026-06-13 11:08:18.670,mc3,demo1,1
2026-06-13 11:13:19.253,mc3,demo1,1
2026-06-13 11:18:18.810,mc3,demo1,1
2026-06-13 11:23:18.775,mc3,demo1,1
2026-06-13 11:28:18.912,mc3,demo1,1
2026-06-13 11:33:18.710,mc3,demo1,1
2026-06-13 11:38:18.606,mc3,demo1,1
2026-06-13 11:43:18.126,mc3,demo1,1
2026-06-13 11:48:18.186,mc3,demo1,1
2026-06-13 11:53:19.506,mc3,demo1,1
2026-06-13 11:58:19.044,mc3,demo1,1
2026-06-13 12:03:18.972,mc3,demo1,1
2026-06-13 12:08:18.899,mc3,demo1,1
2026-06-13 12:13:18.917,mc3,demo1,1
2026-06-13 12:18:19.493,mc3,demo1,1
2026-06-13 12:23:19.158,mc3,demo1,1
2026-06-13 12:28:18.581,mc3,demo1,1
2026-06-13 12:33:19.023,mc3,demo1,1
2026-06-13 12:38:19.126,mc3,demo1,1
2026-06-13 12:43:18.925,mc3,demo1,1
2026-06-13 12:48:18.555,mc3,demo1,1
2026-06-13 12:53:19.693,mc3,demo1,1
2026-06-13 12:58:18.899,mc3,demo1,1
2026-06-13 13:03:18.688,mc3,demo1,1
2026-06-13 13:08:18.918,mc3,demo1,1
2026-06-13 13:13:18.726,mc3,demo1,1
2026-06-13 13:18:18.032,mc3,demo1,1
2026-06-13 13:23:18.610,mc3,demo1,1
2026-06-13 13:28:18.151,mc3,demo1,1
2026-06-13 13:33:18.222,mc3,demo1,1
2026-06-13 13:38:18.884,mc3,demo1,1
2026-06-13 13:43:18.473,mc3,demo1,1
2026-06-13 13:48:19.388,mc3,demo1,1
2026-06-13 13:53:19.150,mc3,demo1,1
2026-06-13 13:58:18.742,mc3,demo1,1
2026-06-13 14:03:19.528,mc3,demo1,1
2026-06-13 14:08:18.806,mc3,demo1,1
2026-06-13 14:13:18.463,mc3,demo1,1
2026-06-13 14:18:18.431,mc3,demo1,1
2026-06-13 14:23:18.986,mc3,demo1,1
2026-06-13 14:28:19.098,mc3,demo1,1
2026-06-13 14:33:19.644,mc3,demo1,1
2026-06-13 14:38:18.745,mc3,demo1,1
2026-06-13 14:43:19.108,mc3,demo1,1
2026-06-13 14:48:18.764,mc3,demo1,1
2026-06-13 14:53:18.532,mc3,demo1,1
2026-06-13 14:58:19.445,mc3,demo1,1
2026-06-13 15:03:18.474,mc3,demo1,1
2026-06-13 15:08:19.109,mc3,demo1,1
2026-06-13 15:13:18.750,mc3,demo1,1
2026-06-13 15:18:18.406,mc3,demo1,1
2026-06-13 15:23:18.702,mc3,demo1,1
2026-06-13 15:28:18.545,mc3,demo1,1
2026-06-13 15:33:18.383,mc3,demo1,1
2026-06-13 15:38:19.091,mc3,demo1,1
2026-06-13 15:43:18.543,mc3,demo1,1
2026-06-13 15:48:19.008,mc3,demo1,1
2026-06-13 15:53:18.984,mc3,demo1,1
2026-06-13 15:58:19.027,mc3,demo1,1
2026-06-13 16:03:19.171,mc3,demo1,1
2026-06-13 16:08:19.351,mc3,demo1,1
2026-06-13 16:13:18.908,mc3,demo1,1
2026-06-13 16:18:19.006,mc3,demo1,1
2026-06-13 16:23:19.307,mc3,demo1,1
2026-06-13 16:28:18.832,mc3,demo1,1
2026-06-13 16:33:18.870,mc3,demo1,1
2026-06-13 16:38:19.153,mc3,demo1,1
2026-06-13 16:43:18.317,mc3,demo1,1
2026-06-13 16:48:18.798,mc3,demo1,1
2026-06-13 16:53:18.325,mc3,demo1,1
2026-06-13 16:58:19.060,mc3,demo1,1
2026-06-13 17:03:18.531,mc3,demo1,1
2026-06-13 17:08:19.088,mc3,demo1,1
2026-06-13 17:13:18.626,mc3,demo1,1
2026-06-13 17:18:18.714,mc3,demo1,1
2026-06-13 17:23:18.854,mc3,demo1,1
2026-06-13 17:28:19.798,mc3,demo1,1
2026-06-13 17:33:18.956,mc3,demo1,1
2026-06-13 17:38:19.054,mc3,demo1,1
2026-06-13 17:43:19.373,mc3,demo1,1
2026-06-13 17:48:18.976,mc3,demo1,1
2026-06-13 17:53:18.731,mc3,demo1,1
2026-06-13 17:58:19.452,mc3,demo1,1
2026-06-13 18:03:19.155,mc3,demo1,1
2026-06-13 18:08:19.253,mc3,demo1,1
2026-06-13 18:13:18.579,mc3,demo1,1
2026-06-13 18:18:18.381,mc3,demo1,1
2026-06-13 18:23:19.199,mc3,demo1,1
2026-06-13 18:28:18.990,mc3,demo1,1
2026-06-13 18:33:19.051,mc3,demo1,1
2026-06-13 18:38:18.942,mc3,demo1,1
2026-06-13 18:43:18.740,mc3,demo1,1
2026-06-13 18:48:19.532,mc3,demo1,1
2026-06-13 18:53:18.481,mc3,demo1,1
2026-06-13 18:58:18.630,mc3,demo1,1
2026-06-13 19:03:18.801,mc3,demo1,1
2026-06-13 19:08:19.256,mc3,demo1,1
2026-06-13 19:13:18.879,mc3,demo1,1
2026-06-13 19:18:18.714,mc3,demo1,1
2026-06-13 19:23:19.020,mc3,demo1,1
2026-06-13 19:28:18.638,mc3,demo1,1
2026-06-13 19:33:19.455,mc3,demo1,1
2026-06-13 19:38:19.079,mc3,demo1,1
2026-06-13 19:43:19.461,mc3,demo1,1
2026-06-13 19:48:19.557,mc3,demo1,1
2026-06-13 19:53:19.311,mc3,demo1,1
2026-06-13 19:58:19.218,mc3,demo1,1
2026-06-13 20:03:18.534,mc3,demo1,1
2026-06-13 20:08:19.208,mc3,demo1,1
2026-06-13 20:13:19.535,mc3,demo1,1
2026-06-13 20:18:18.780,mc3,demo1,1
2026-06-13 20:23:18.882,mc3,demo1,1
2026-06-13 20:28:18.688,mc3,demo1,1
2026-06-13 20:33:18.953,mc3,demo1,1
2026-06-13 20:38:20.510,mc3,demo1,1
2026-06-13 20:43:18.871,mc3,demo1,1
2026-06-13 20:48:18.888,mc3,demo1,1
2026-06-13 20:53:18.809,mc3,demo1,1
2026-06-13 20:58:19.092,mc3,demo1,1
2026-06-13 21:03:18.384,mc3,demo1,1
2026-06-13 21:08:18.566,mc3,demo1,1
2026-06-13 21:13:19.396,mc3,demo1,1
2026-06-13 21:18:18.710,mc3,demo1,1
2026-06-13 21:23:18.989,mc3,demo1,1
2026-06-13 21:28:19.203,mc3,demo1,1
2026-06-13 21:33:19.224,mc3,demo1,1
2026-06-13 21:38:18.827,mc3,demo1,1
2026-06-13 21:43:20.399,mc3,demo1,1
2026-06-13 21:48:18.749,mc3,demo1,1
2026-06-13 21:53:19.074,mc3,demo1,1
2026-06-13 21:58:18.538,mc3,demo1,1
2026-06-13 22:03:18.612,mc3,demo1,1
2026-06-13 22:08:18.896,mc3,demo1,1
2026-06-13 22:13:18.327,mc3,demo1,1
2026-06-13 22:18:18.643,mc3,demo1,1
2026-06-13 22:23:18.871,mc3,demo1,1
2026-06-13 22:28:18.817,mc3,demo1,1
2026-06-13 22:33:18.151,mc3,demo1,1
2026-06-13 22:38:18.870,mc3,demo1,1
2026-06-13 22:43:18.903,mc3,demo1,1
2026-06-13 22:48:18.915,mc3,demo1,1
2026-06-13 22:53:19.001,mc3,demo1,1
2026-06-13 22:58:18.175,mc3,demo1,1
2026-06-13 23:03:18.642,mc3,demo1,1
2026-06-13 23:08:18.483,mc3,demo1,1
2026-06-13 23:13:19.060,mc3,demo1,1
2026-06-13 23:18:19.510,mc3,demo1,1
2026-06-13 23:23:18.869,mc3,demo1,1
2026-06-13 23:28:18.701,mc3,demo1,1
2026-06-13 23:33:18.932,mc3,demo1,1
2026-06-13 23:38:19.599,mc3,demo1,1
2026-06-13 23:43:18.623,mc3,demo1,1
2026-06-13 23:48:18.787,mc3,demo1,1
2026-06-13 23:53:18.610,mc3,demo1,1
2026-06-13 23:58:18.717,mc3,demo1,1
2026-06-14 00:03:18.769,mc3,demo1,1
2026-06-14 00:08:19.197,mc3,demo1,1
2026-06-14 00:13:19.043,mc3,demo1,1
2026-06-14 00:18:19.078,mc3,demo1,1
2026-06-14 00:23:18.931,mc3,demo1,1
2026-06-14 00:28:19.289,mc3,demo1,1
2026-06-14 00:33:18.794,mc3,demo1,1
2026-06-14 00:38:18.541,mc3,demo1,1
2026-06-14 00:43:18.935,mc3,demo1,1
2026-06-14 00:48:18.292,mc3,demo1,1
2026-06-14 00:53:18.008,mc3,demo1,1
2026-06-14 00:58:18.947,mc3,demo1,1
2026-06-14 01:03:18.576,mc3,demo1,1
2026-06-14 01:08:18.491,mc3,demo1,1
2026-06-14 01:13:18.981,mc3,demo1,1
2026-06-14 01:18:19.236,mc3,demo1,1
2026-06-14 01:23:19.043,mc3,demo1,1
2026-06-14 01:28:18.269,mc3,demo1,1
2026-06-14 01:33:19.101,mc3,demo1,1
2026-06-14 01:38:18.273,mc3,demo1,1
2026-06-14 01:43:18.352,mc3,demo1,1
2026-06-14 01:48:18.304,mc3,demo1,1
2026-06-14 01:53:18.832,mc3,demo1,1
2026-06-14 01:58:18.722,mc3,demo1,1
2026-06-14 02:03:18.647,mc3,demo1,1
2026-06-14 02:08:19.121,mc3,demo1,1
2026-06-14 02:13:18.339,mc3,demo1,1
2026-06-14 02:18:19.070,mc3,demo1,1
2026-06-14 02:23:19.179,mc3,demo1,1
2026-06-14 02:28:18.589,mc3,demo1,1
2026-06-14 02:33:18.716,mc3,demo1,1
2026-06-14 02:38:18.485,mc3,demo1,1
2026-06-14 02:43:18.624,mc3,demo1,1
2026-06-14 02:48:18.454,mc3,demo1,1
2026-06-14 02:53:18.396,mc3,demo1,1
2026-06-14 02:58:18.708,mc3,demo1,1
2026-06-14 03:03:18.364,mc3,demo1,1
2026-06-14 03:08:18.617,mc3,demo1,1
2026-06-14 03:13:18.105,mc3,demo1,1
2026-06-14 03:18:18.262,mc3,demo1,1
2026-06-14 03:23:19.138,mc3,demo1,1
2026-06-14 03:28:18.757,mc3,demo1,1
2026-06-14 03:33:18.446,mc3,demo1,1
2026-06-14 03:38:18.973,mc3,demo1,1
2026-06-14 03:43:18.723,mc3,demo1,1
2026-06-14 03:48:19.135,mc3,demo1,1
2026-06-14 03:53:18.249,mc3,demo1,1
2026-06-14 03:58:18.480,mc3,demo1,1
2026-06-14 04:03:18.941,mc3,demo1,1
2026-06-14 04:08:18.641,mc3,demo1,1
2026-06-14 04:13:18.691,mc3,demo1,1
2026-06-14 04:18:18.627,mc3,demo1,1
2026-06-14 04:23:18.413,mc3,demo1,1
2026-06-14 04:28:18.364,mc3,demo1,1
2026-06-14 04:33:18.732,mc3,demo1,1
2026-06-14 04:38:18.650,mc3,demo1,1
2026-06-14 04:43:19.149,mc3,demo1,1
2026-06-14 04:48:19.145,mc3,demo1,1
2026-06-14 04:53:18.566,mc3,demo1,1
2026-06-14 04:58:18.266,mc3,demo1,1
2026-06-14 05:03:18.023,mc3,demo1,1
2026-06-14 05:08:18.263,mc3,demo1,1
2026-06-14 05:13:18.653,mc3,demo1,1
2026-06-14 05:18:18.860,mc3,demo1,1
2026-06-14 05:23:18.718,mc3,demo1,1
2026-06-14 05:28:19.292,mc3,demo1,1
2026-06-14 05:33:18.419,mc3,demo1,1
2026-06-14 05:38:19.663,mc3,demo1,1
2026-06-14 05:43:18.388,mc3,demo1,1
2026-06-14 05:48:18.861,mc3,demo1,1
2026-06-14 05:53:18.668,mc3,demo1,1
2026-06-14 05:58:18.457,mc3,demo1,1
2026-06-14 06:03:18.689,mc3,demo1,1
2026-06-14 06:08:18.917,mc3,demo1,1
2026-06-14 06:13:18.780,mc3,demo1,1
2026-06-14 06:18:18.133,mc3,demo1,1
2026-06-14 06:23:18.336,mc3,demo1,1
2026-06-14 06:28:19.003,mc3,demo1,1
2026-06-14 06:33:18.289,mc3,demo1,1
2026-06-14 06:38:19.018,mc3,demo1,1
2026-06-14 06:43:18.706,mc3,demo1,1
2026-06-14 06:48:18.700,mc3,demo1,1
2026-06-14 06:53:19.084,mc3,demo1,1
2026-06-14 06:58:18.768,mc3,demo1,1
2026-06-14 07:03:18.390,mc3,demo1,1
2026-06-14 07:08:19.028,mc3,demo1,1
2026-06-14 07:13:18.703,mc3,demo1,1
2026-06-14 07:18:18.235,mc3,demo1,1
2026-06-14 07:23:18.512,mc3,demo1,1
2026-06-14 07:28:18.863,mc3,demo1,1
2026-06-14 07:33:18.195,mc3,demo1,1
2026-06-14 07:38:18.540,mc3,demo1,1
2026-06-14 07:43:18.959,mc3,demo1,1
2026-06-14 07:48:18.764,mc3,demo1,1
2026-06-14 07:53:18.362,mc3,demo1,1
2026-06-14 07:58:18.961,mc3,demo1,1
2026-06-14 08:03:18.616,mc3,demo1,1
2026-06-14 08:08:18.473,mc3,demo1,1
2026-06-14 08:13:18.812,mc3,demo1,1
2026-06-14 08:18:18.854,mc3,demo1,1
2026-06-14 08:23:18.610,mc3,demo1,1
2026-06-14 08:28:18.343,mc3,demo1,1
2026-06-14 08:33:18.665,mc3,demo1,1
2026-06-14 08:38:19.199,mc3,demo1,1
2026-06-14 08:43:18.812,mc3,demo1,1
2026-06-14 08:48:18.139,mc3,demo1,1
2026-06-14 08:53:18.364,mc3,demo1,1
2026-06-14 08:58:19.002,mc3,demo1,1
2026-06-14 09:03:18.681,mc3,demo1,1
2026-06-14 09:08:19.175,mc3,demo1,1
2026-06-14 09:13:19.426,mc3,demo1,1
2026-06-14 09:18:18.215,mc3,demo1,1
2026-06-14 09:23:18.722,mc3,demo1,1
2026-06-14 09:28:18.899,mc3,demo1,1
2026-06-14 09:33:18.980,mc3,demo1,1
2026-06-14 09:38:18.250,mc3,demo1,1
2026-06-14 09:43:19.243,mc3,demo1,1
2026-06-14 09:48:19.273,mc3,demo1,1
2026-06-14 09:53:18.908,mc3,demo1,1
2026-06-14 09:58:18.453,mc3,demo1,1
2026-06-14 10:03:18.591,mc3,demo1,1
2026-06-14 10:08:18.237,mc3,demo1,1
2026-06-14 10:13:18.905,mc3,demo1,1
2026-06-14 10:18:19.448,mc3,demo1,1
2026-06-14 10:23:18.930,mc3,demo1,1
2026-06-14 10:28:18.904,mc3,demo1,1
2026-06-14 10:33:18.634,mc3,demo1,1
2026-06-14 10:38:18.265,mc3,demo1,1
2026-06-14 10:43:18.759,mc3,demo1,1
2026-06-14 10:48:19.289,mc3,demo1,1
2026-06-14 10:53:18.255,mc3,demo1,1
2026-06-14 10:58:18.933,mc3,demo1,1
2026-06-14 11:03:18.648,mc3,demo1,1
2026-06-14 11:08:18.764,mc3,demo1,1
2026-06-14 11:13:18.645,mc3,demo1,1
2026-06-14 11:18:18.919,mc3,demo1,1
2026-06-14 11:23:19.107,mc3,demo1,1
2026-06-14 11:28:19.440,mc3,demo1,1
2026-06-14 11:33:19.072,mc3,demo1,1
2026-06-14 11:38:18.273,mc3,demo1,1
2026-06-14 11:43:18.336,mc3,demo1,1
2026-06-14 11:48:18.674,mc3,demo1,1
2026-06-14 11:53:18.519,mc3,demo1,1
2026-06-14 11:58:19.019,mc3,demo1,1
2026-06-14 12:03:18.607,mc3,demo1,1
2026-06-14 12:08:19.641,mc3,demo1,1
2026-06-14 12:13:18.685,mc3,demo1,1
2026-06-14 12:18:18.748,mc3,demo1,1
2026-06-14 12:23:18.582,mc3,demo1,1
2026-06-14 12:28:18.486,mc3,demo1,1
2026-06-14 12:33:18.699,mc3,demo1,1
2026-06-14 12:38:18.804,mc3,demo1,1
2026-06-14 12:43:18.850,mc3,demo1,1
2026-06-14 12:48:18.131,mc3,demo1,1
2026-06-14 12:53:18.312,mc3,demo1,1
2026-06-14 12:58:18.772,mc3,demo1,1
2026-06-14 13:03:18.421,mc3,demo1,1
2026-06-14 13:08:18.760,mc3,demo1,1
2026-06-14 13:13:18.779,mc3,demo1,1
2026-06-14 13:18:18.854,mc3,demo1,1
2026-06-14 13:23:18.689,mc3,demo1,1
2026-06-14 13:28:18.712,mc3,demo1,1
2026-06-14 13:33:18.826,mc3,demo1,1
2026-06-14 13:38:18.231,mc3,demo1,1
2026-06-14 13:43:19.934,mc3,demo1,1
2026-06-14 13:48:18.919,mc3,demo1,1
2026-06-14 13:53:18.933,mc3,demo1,1
2026-06-14 13:58:19.426,mc3,demo1,1
2026-06-14 14:03:18.592,mc3,demo1,1
2026-06-14 14:08:18.921,mc3,demo1,1
2026-06-14 14:13:19.384,mc3,demo1,1
2026-06-14 14:18:18.402,mc3,demo1,1
2026-06-14 14:23:18.371,mc3,demo1,1
2026-06-14 14:28:19.008,mc3,demo1,1
2026-06-14 14:33:18.478,mc3,demo1,1
2026-06-14 14:38:18.905,mc3,demo1,1
2026-06-14 14:43:18.936,mc3,demo1,1
2026-06-14 14:48:18.980,mc3,demo1,1
2026-06-14 14:53:18.941,mc3,demo1,1
2026-06-14 14:58:18.768,mc3,demo1,1
2026-06-14 15:03:18.901,mc3,demo1,1
2026-06-14 15:08:19.319,mc3,demo1,1
2026-06-14 15:13:18.932,mc3,demo1,1
2026-06-14 15:18:18.355,mc3,demo1,1
2026-06-14 15:23:18.417,mc3,demo1,1
2026-06-14 15:28:18.936,mc3,demo1,1
2026-06-14 15:33:18.502,mc3,demo1,1
2026-06-14 15:38:18.883,mc3,demo1,1
2026-06-14 15:43:19.037,mc3,demo1,1
2026-06-14 15:48:18.664,mc3,demo1,1
2026-06-14 15:53:19.401,mc3,demo1,1
2026-06-14 15:58:18.703,mc3,demo1,1
2026-06-14 16:03:19.024,mc3,demo1,1
2026-06-14 16:08:19.078,mc3,demo1,1
2026-06-14 16:13:18.852,mc3,demo1,1
2026-06-14 16:18:19.140,mc3,demo1,1
2026-06-14 16:23:18.926,mc3,demo1,1
2026-06-14 16:28:18.693,mc3,demo1,1
2026-06-14 16:33:19.063,mc3,demo1,1
2026-06-14 16:38:18.138,mc3,demo1,1
2026-06-14 16:43:18.785,mc3,demo1,1
2026-06-14 16:48:18.581,mc3,demo1,1
2026-06-14 16:53:18.776,mc3,demo1,1
2026-06-14 16:58:18.716,mc3,demo1,1
2026-06-14 17:03:18.744,mc3,demo1,1
2026-06-14 17:08:18.614,mc3,demo1,1
2026-06-14 17:13:18.696,mc3,demo1,1
2026-06-14 17:18:18.762,mc3,demo1,1
2026-06-14 17:23:18.212,mc3,demo1,1
2026-06-14 17:28:18.771,mc3,demo1,1
2026-06-14 17:33:19.082,mc3,demo1,1
2026-06-14 17:38:18.661,mc3,demo1,1
2026-06-14 17:43:18.228,mc3,demo1,1
2026-06-14 17:48:19.383,mc3,demo1,1
2026-06-14 17:53:18.740,mc3,demo1,1
2026-06-14 17:58:19.064,mc3,demo1,1
2026-06-14 18:03:18.352,mc3,demo1,1
2026-06-14 18:08:19.061,mc3,demo1,1
2026-06-14 18:13:19.204,mc3,demo1,1
2026-06-14 18:18:18.987,mc3,demo1,1
2026-06-14 18:23:18.254,mc3,demo1,1
2026-06-14 18:28:19.010,mc3,demo1,1
2026-06-14 18:33:18.931,mc3,demo1,1
2026-06-14 18:38:18.817,mc3,demo1,1
2026-06-14 18:43:18.819,mc3,demo1,1
2026-06-14 18:48:18.425,mc3,demo1,1
2026-06-14 18:53:18.791,mc3,demo1,1
2026-06-14 18:58:18.694,mc3,demo1,1
2026-06-14 19:03:19.137,mc3,demo1,1
2026-06-14 19:08:18.880,mc3,demo1,1
2026-06-14 19:13:18.414,mc3,demo1,1
2026-06-14 19:18:18.838,mc3,demo1,1
2026-06-14 19:23:18.644,mc3,demo1,1
2026-06-14 19:28:18.358,mc3,demo1,1
2026-06-14 19:33:18.786,mc3,demo1,1
2026-06-14 19:38:18.487,mc3,demo1,1
2026-06-14 19:43:18.237,mc3,demo1,1
2026-06-14 19:48:18.500,mc3,demo1,1
2026-06-14 19:53:18.286,mc3,demo1,1
2026-06-14 19:58:18.489,mc3,demo1,1
2026-06-14 20:03:18.212,mc3,demo1,1
2026-06-14 20:08:19.070,mc3,demo1,1
2026-06-14 20:13:19.077,mc3,demo1,1
2026-06-14 20:18:18.502,mc3,demo1,1
2026-06-14 20:23:18.435,mc3,demo1,1
2026-06-14 20:28:19.049,mc3,demo1,1
2026-06-14 20:33:18.624,mc3,demo1,1
2026-06-14 20:38:18.659,mc3,demo1,1
2026-06-14 20:43:18.313,mc3,demo1,1
2026-06-14 20:48:18.991,mc3,demo1,1
2026-06-14 20:53:19.074,mc3,demo1,1
2026-06-14 20:58:19.073,mc3,demo1,1
2026-06-14 21:03:18.047,mc3,demo1,1
2026-06-14 21:08:18.996,mc3,demo1,1
2026-06-14 21:13:18.137,mc3,demo1,1
2026-06-14 21:18:18.692,mc3,demo1,1
2026-06-14 21:23:19.335,mc3,demo1,1
2026-06-14 21:28:19.129,mc3,demo1,1
2026-06-14 21:33:18.696,mc3,demo1,1
2026-06-14 21:38:19.007,mc3,demo1,1
2026-06-14 21:43:19.170,mc3,demo1,1
2026-06-14 21:48:18.579,mc3,demo1,1
2026-06-14 21:53:18.665,mc3,demo1,1
2026-06-14 21:58:18.926,mc3,demo1,1
2026-06-14 22:03:19.470,mc3,demo1,1
2026-06-14 22:08:18.582,mc3,demo1,1
2026-06-14 22:13:18.172,mc3,demo1,1
2026-06-14 22:18:18.461,mc3,demo1,1
2026-06-14 22:23:18.525,mc3,demo1,1
2026-06-14 22:28:18.687,mc3,demo1,1
2026-06-14 22:33:19.245,mc3,demo1,1
2026-06-14 22:38:18.529,mc3,demo1,1
2026-06-14 22:43:18.963,mc3,demo1,1
2026-06-14 22:48:18.849,mc3,demo1,1
2026-06-14 22:53:19.436,mc3,demo1,1
2026-06-14 22:58:19.514,mc3,demo1,1
2026-06-14 23:03:18.638,mc3,demo1,1
2026-06-14 23:08:18.798,mc3,demo1,1
2026-06-14 23:13:18.648,mc3,demo1,1
2026-06-14 23:18:18.236,mc3,demo1,1
2026-06-14 23:23:18.690,mc3,demo1,1
2026-06-14 23:28:18.173,mc3,demo1,1
2026-06-14 23:33:18.871,mc3,demo1,1
2026-06-14 23:38:18.479,mc3,demo1,1
2026-06-14 23:43:18.891,mc3,demo1,1
2026-06-14 23:48:18.744,mc3,demo1,1
2026-06-14 23:53:18.344,mc3,demo1,1
2026-06-14 23:58:19.086,mc3,demo1,1
2026-06-15 00:03:18.872,mc3,demo1,1
2026-06-15 00:08:19.290,mc3,demo1,1
2026-06-15 00:13:19.151,mc3,demo1,1
2026-06-15 00:18:18.760,mc3,demo1,1
2026-06-15 00:23:18.358,mc3,demo1,1
2026-06-15 00:28:18.583,mc3,demo1,1
2026-06-15 00:33:18.871,mc3,demo1,1
2026-06-15 00:38:18.550,mc3,demo1,1
2026-06-15 00:43:18.159,mc3,demo1,1
2026-06-15 00:48:18.703,mc3,demo1,1
2026-06-15 00:53:18.854,mc3,demo1,1
2026-06-15 00:58:19.808,mc3,demo1,1
2026-06-15 01:03:18.542,mc3,demo1,1
2026-06-15 01:08:18.922,mc3,demo1,1
2026-06-15 01:13:18.434,mc3,demo1,1
2026-06-15 01:18:18.851,mc3,demo1,1
2026-06-15 01:23:18.364,mc3,demo1,1
2026-06-15 01:28:18.708,mc3,demo1,1
2026-06-15 01:33:18.838,mc3,demo1,1
2026-06-15 01:38:18.328,mc3,demo1,1
2026-06-15 01:43:18.644,mc3,demo1,1
2026-06-15 01:48:18.801,mc3,demo1,1
2026-06-15 01:53:18.690,mc3,demo1,1
2026-06-15 01:58:18.932,mc3,demo1,1
2026-06-15 02:03:19.485,mc3,demo1,1
2026-06-15 02:08:18.970,mc3,demo1,1
2026-06-15 02:13:18.696,mc3,demo1,1
2026-06-15 02:18:18.417,mc3,demo1,1
2026-06-15 02:23:18.842,mc3,demo1,1
2026-06-15 02:28:18.562,mc3,demo1,1
2026-06-15 02:33:18.878,mc3,demo1,1
2026-06-15 02:38:19.109,mc3,demo1,1
2026-06-15 02:43:18.618,mc3,demo1,1
2026-06-15 02:48:18.247,mc3,demo1,1
2026-06-15 02:53:18.754,mc3,demo1,1
2026-06-15 02:58:18.679,mc3,demo1,1
2026-06-15 03:03:18.834,mc3,demo1,1
2026-06-15 03:08:19.688,mc3,demo1,1
2026-06-15 03:13:18.790,mc3,demo1,1
2026-06-15 03:18:19.393,mc3,demo1,1
2026-06-15 03:23:18.484,mc3,demo1,1
2026-06-15 03:28:18.585,mc3,demo1,1
2026-06-15 03:33:18.897,mc3,demo1,1
2026-06-15 03:38:18.893,mc3,demo1,1
2026-06-15 03:43:19.032,mc3,demo1,1
2026-06-15 03:48:18.918,mc3,demo1,1
2026-06-15 03:53:18.543,mc3,demo1,1
2026-06-15 03:58:18.820,mc3,demo1,1
2026-06-15 04:03:18.107,mc3,demo1,1
2026-06-15 04:08:19.003,mc3,demo1,1
2026-06-15 04:13:18.740,mc3,demo1,1
2026-06-15 04:18:18.647,mc3,demo1,1
2026-06-15 04:23:19.291,mc3,demo1,1
2026-06-15 04:28:18.569,mc3,demo1,1
2026-06-15 04:33:18.319,mc3,demo1,1
2026-06-15 04:38:18.968,mc3,demo1,1
2026-06-15 04:43:18.973,mc3,demo1,1
2026-06-15 04:48:18.830,mc3,demo1,1
2026-06-15 04:53:19.029,mc3,demo1,1
2026-06-15 04:58:18.232,mc3,demo1,1
2026-06-15 05:03:18.629,mc3,demo1,1
2026-06-15 05:08:19.222,mc3,demo1,1
2026-06-15 05:13:18.458,mc3,demo1,1
2026-06-15 05:18:18.817,mc3,demo1,1
2026-06-15 05:23:19.159,mc3,demo1,1
2026-06-15 05:28:18.892,mc3,demo1,1
2026-06-15 05:33:18.372,mc3,demo1,1
2026-06-15 05:38:19.205,mc3,demo1,1
2026-06-15 05:43:18.743,mc3,demo1,1
2026-06-15 05:48:18.952,mc3,demo1,1
2026-06-15 05:53:19.041,mc3,demo1,1
2026-06-15 05:58:18.887,mc3,demo1,1
2026-06-15 06:03:19.194,mc3,demo1,1
2026-06-15 06:08:18.952,mc3,demo1,1
2026-06-15 06:13:18.528,mc3,demo1,1
2026-06-15 06:18:18.852,mc3,demo1,1
2026-06-15 06:23:18.458,mc3,demo1,1
2026-06-15 06:28:18.829,mc3,demo1,1
2026-06-15 06:33:18.705,mc3,demo1,1
2026-06-15 06:38:19.175,mc3,demo1,1
2026-06-15 06:43:19.383,mc3,demo1,1
2026-06-15 06:48:19.186,mc3,demo1,1
2026-06-15 06:53:18.665,mc3,demo1,1
2026-06-15 06:58:18.858,mc3,demo1,1
2026-06-15 07:03:18.705,mc3,demo1,1
2026-06-15 07:08:19.521,mc3,demo1,1
2026-06-15 07:13:18.275,mc3,demo1,1
2026-06-15 07:18:19.295,mc3,demo1,1
2026-06-15 07:23:18.563,mc3,demo1,1
2026-06-15 07:28:18.735,mc3,demo1,1
2026-06-15 07:33:18.835,mc3,demo1,1
2026-06-15 07:38:19.182,mc3,demo1,1
2026-06-15 07:43:18.906,mc3,demo1,1
2026-06-15 07:48:19.544,mc3,demo1,1
2026-06-15 07:53:18.698,mc3,demo1,1
2026-06-15 07:58:18.539,mc3,demo1,1
2026-06-15 08:03:18.648,mc3,demo1,1
2026-06-15 08:08:18.698,mc3,demo1,1
2026-06-15 08:13:19.167,mc3,demo1,1
2026-06-15 08:18:19.771,mc3,demo1,1
2026-06-15 08:23:18.765,mc3,demo1,1
2026-06-15 08:28:19.038,mc3,demo1,1
2026-06-15 08:33:18.580,mc3,demo1,1
2026-06-15 08:38:19.069,mc3,demo1,1
2026-06-15 08:43:18.912,mc3,demo1,1
2026-06-15 08:48:18.899,mc3,demo1,1
2026-06-15 08:53:18.902,mc3,demo1,1
2026-06-15 08:58:19.334,mc3,demo1,1
2026-06-15 09:03:19.098,mc3,demo1,1
2026-06-15 09:08:18.584,mc3,demo1,1
2026-06-15 09:13:19.035,mc3,demo1,1
2026-06-15 09:18:18.845,mc3,demo1,1
2026-06-15 09:23:18.814,mc3,demo1,1
2026-06-15 09:28:18.644,mc3,demo1,1
2026-06-15 09:33:18.936,mc3,demo1,1
2026-06-15 09:38:18.461,mc3,demo1,1
2026-06-15 09:43:18.666,mc3,demo1,1
2026-06-15 09:48:18.665,mc3,demo1,1
2026-06-15 09:53:19.011,mc3,demo1,1
2026-06-15 09:58:19.105,mc3,demo1,1
2026-06-15 10:03:18.930,mc3,demo1,1
2026-06-15 10:08:18.125,mc3,demo1,1
2026-06-15 10:13:18.702,mc3,demo1,1
2026-06-15 10:18:19.178,mc3,demo1,1
2026-06-15 10:23:18.331,mc3,demo1,1
2026-06-15 10:28:18.201,mc3,demo1,1
2026-06-15 10:33:18.329,mc3,demo1,1
2026-06-15 10:38:19.062,mc3,demo1,1
2026-06-15 10:43:18.193,mc3,demo1,1
2026-06-15 10:48:18.503,mc3,demo1,1
2026-06-15 10:53:18.372,mc3,demo1,1
2026-06-15 10:58:19.063,mc3,demo1,1
2026-06-15 11:03:18.427,mc3,demo1,1
2026-06-15 11:08:19.035,mc3,demo1,1
2026-06-15 11:13:19.340,mc3,demo1,1
2026-06-15 11:18:18.887,mc3,demo1,1
2026-06-15 11:23:18.256,mc3,demo1,1
2026-06-15 11:28:18.773,mc3,demo1,1
2026-06-15 11:33:19.263,mc3,demo1,1
2026-06-15 11:38:19.174,mc3,demo1,1
2026-06-15 11:43:18.444,mc3,demo1,1
2026-06-15 11:48:19.027,mc3,demo1,1
2026-06-15 11:53:18.376,mc3,demo1,1
2026-06-15 11:58:18.836,mc3,demo1,1
2026-06-15 12:03:18.320,mc3,demo1,1
2026-06-15 12:08:18.816,mc3,demo1,1
2026-06-15 12:13:19.603,mc3,demo1,1
2026-06-15 12:18:18.641,mc3,demo1,1
2026-06-15 12:23:18.349,mc3,demo1,1
2026-06-15 12:28:18.507,mc3,demo1,1
2026-06-15 12:33:18.655,mc3,demo1,1
2026-06-15 12:38:18.695,mc3,demo1,1
2026-06-15 12:43:18.564,mc3,demo1,1
2026-06-15 12:48:18.963,mc3,demo1,1
2026-06-15 12:53:18.376,mc3,demo1,1
2026-06-15 12:58:18.265,mc3,demo1,1
2026-06-15 13:03:19.247,mc3,demo1,1
2026-06-15 13:08:18.761,mc3,demo1,1
2026-06-15 13:13:18.358,mc3,demo1,1
2026-06-15 13:18:18.302,mc3,demo1,1
2026-06-15 13:23:18.756,mc3,demo1,1
2026-06-15 13:28:19.430,mc3,demo1,1
2026-06-15 13:33:18.883,mc3,demo1,1
2026-06-15 13:38:18.602,mc3,demo1,1
2026-06-15 13:43:19.117,mc3,demo1,1
2026-06-15 13:48:18.918,mc3,demo1,1
2026-06-15 13:53:19.140,mc3,demo1,1
2026-06-15 13:58:18.848,mc3,demo1,1
2026-06-15 14:03:18.765,mc3,demo1,1
2026-06-15 14:08:18.699,mc3,demo1,1
2026-06-15 14:13:18.814,mc3,demo1,1
2026-06-15 14:18:18.483,mc3,demo1,1
2026-06-15 14:23:18.119,mc3,demo1,1
2026-06-15 14:28:18.900,mc3,demo1,1
2026-06-15 14:33:18.474,mc3,demo1,1
2026-06-15 14:38:20.199,mc3,demo1,1
2026-06-15 14:43:18.435,mc3,demo1,1
2026-06-15 14:48:18.844,mc3,demo1,1
2026-06-15 14:53:18.198,mc3,demo1,1
2026-06-15 14:58:19.171,mc3,demo1,1
2026-06-15 15:03:18.422,mc3,demo1,1
2026-06-15 15:08:19.127,mc3,demo1,1
2026-06-15 15:13:19.091,mc3,demo1,1
2026-06-15 15:18:18.930,mc3,demo1,1
2026-06-15 15:23:18.936,mc3,demo1,1
2026-06-15 15:28:18.390,mc3,demo1,1
2026-06-15 15:33:18.846,mc3,demo1,1
2026-06-15 15:38:19.889,mc3,demo1,1
2026-06-15 15:43:18.964,mc3,demo1,1
2026-06-15 15:48:18.862,mc3,demo1,1
2026-06-15 15:53:18.951,mc3,demo1,1
2026-06-15 15:58:18.824,mc3,demo1,1
2026-06-15 16:03:18.742,mc3,demo1,1
2026-06-15 16:08:18.689,mc3,demo1,1
2026-06-15 16:13:19.053,mc3,demo1,1
2026-06-15 16:18:18.331,mc3,demo1,1
2026-06-15 16:23:18.873,mc3,demo1,1
2026-06-15 16:28:18.515,mc3,demo1,1
2026-06-15 16:33:18.932,mc3,demo1,1
2026-06-15 16:38:18.929,mc3,demo1,1
2026-06-15 16:43:18.841,mc3,demo1,1
2026-06-15 16:48:19.496,mc3,demo1,1
2026-06-15 16:53:18.516,mc3,demo1,1
2026-06-15 16:58:18.776,mc3,demo1,1
2026-06-15 17:03:18.566,mc3,demo1,1
2026-06-15 17:08:18.351,mc3,demo1,1
2026-06-15 17:13:18.889,mc3,demo1,1
2026-06-15 17:18:18.439,mc3,demo1,1
2026-06-15 17:23:18.920,mc3,demo1,1
2026-06-15 17:28:18.853,mc3,demo1,1
2026-06-15 17:33:18.672,mc3,demo1,1
2026-06-15 17:38:18.923,mc3,demo1,1
2026-06-15 17:43:19.046,mc3,demo1,1
2026-06-15 17:48:18.651,mc3,demo1,1
2026-06-15 17:53:18.818,mc3,demo1,1
2026-06-15 17:58:19.193,mc3,demo1,1
2026-06-15 18:03:18.665,mc3,demo1,1
2026-06-15 18:08:18.933,mc3,demo1,1
2026-06-15 18:13:18.910,mc3,demo1,1
2026-06-15 18:18:18.352,mc3,demo1,1
2026-06-15 18:23:18.406,mc3,demo1,1
2026-06-15 18:28:18.161,mc3,demo1,1
2026-06-15 18:33:18.896,mc3,demo1,1
2026-06-15 18:38:19.323,mc3,demo1,1
2026-06-15 18:43:18.702,mc3,demo1,1
2026-06-15 18:48:18.912,mc3,demo1,1
2026-06-15 18:53:19.102,mc3,demo1,1
2026-06-15 18:58:18.263,mc3,demo1,1
2026-06-15 19:03:18.933,mc3,demo1,1
2026-06-15 19:08:19.823,mc3,demo1,1
2026-06-15 19:13:18.737,mc3,demo1,1
2026-06-15 19:18:18.849,mc3,demo1,1
2026-06-15 19:23:18.312,mc3,demo1,1
2026-06-15 19:28:18.181,mc3,demo1,1
2026-06-15 19:33:18.330,mc3,demo1,1
2026-06-15 19:38:18.960,mc3,demo1,1
2026-06-15 19:43:19.070,mc3,demo1,1
2026-06-15 19:48:18.897,mc3,demo1,1
2026-06-15 19:53:19.034,mc3,demo1,1
2026-06-15 19:58:19.020,mc3,demo1,1
2026-06-15 20:03:18.264,mc3,demo1,1
2026-06-15 20:08:18.879,mc3,demo1,1
2026-06-15 20:13:18.723,mc3,demo1,1
2026-06-15 20:18:19.337,mc3,demo1,1
2026-06-15 20:23:18.210,mc3,demo1,1
2026-06-15 20:28:18.376,mc3,demo1,1
2026-06-15 20:33:18.518,mc3,demo1,1
2026-06-15 20:38:18.425,mc3,demo1,1
2026-06-15 20:43:18.656,mc3,demo1,1
2026-06-15 20:48:18.686,mc3,demo1,1
2026-06-15 20:53:18.167,mc3,demo1,1
2026-06-15 20:58:19.021,mc3,demo1,1
2026-06-15 21:03:18.717,mc3,demo1,1
2026-06-15 21:08:18.301,mc3,demo1,1
2026-06-15 21:13:18.235,mc3,demo1,1
2026-06-15 21:18:19.040,mc3,demo1,1
2026-06-15 21:23:18.610,mc3,demo1,1
2026-06-15 21:28:18.711,mc3,demo1,1
2026-06-15 21:33:18.244,mc3,demo1,1
2026-06-15 21:38:18.596,mc3,demo1,1
2026-06-15 21:43:18.634,mc3,demo1,1
2026-06-15 21:48:18.572,mc3,demo1,1
2026-06-15 21:53:18.175,mc3,demo1,1
2026-06-15 21:58:18.490,mc3,demo1,1
2026-06-15 22:03:19.034,mc3,demo1,1
2026-06-15 22:08:19.075,mc3,demo1,1
2026-06-15 22:13:18.788,mc3,demo1,1
2026-06-15 22:18:18.489,mc3,demo1,1
2026-06-15 22:23:18.767,mc3,demo1,1
2026-06-15 22:28:18.391,mc3,demo1,1
2026-06-15 22:33:18.836,mc3,demo1,1
2026-06-15 22:38:19.320,mc3,demo1,1
2026-06-15 22:43:18.723,mc3,demo1,1
2026-06-15 22:48:18.933,mc3,demo1,1
2026-06-15 22:53:18.480,mc3,demo1,1
2026-06-15 22:58:18.871,mc3,demo1,1
2026-06-15 23:03:18.662,mc3,demo1,1
2026-06-15 23:08:18.332,mc3,demo1,1
2026-06-15 23:13:18.677,mc3,demo1,1
2026-06-15 23:18:18.743,mc3,demo1,1
2026-06-15 23:23:18.525,mc3,demo1,1
2026-06-15 23:28:18.877,mc3,demo1,1
2026-06-15 23:33:18.478,mc3,demo1,1
2026-06-15 23:38:18.364,mc3,demo1,1
2026-06-15 23:43:18.688,mc3,demo1,1
2026-06-15 23:48:18.244,mc3,demo1,1
2026-06-15 23:53:18.341,mc3,demo1,1
2026-06-15 23:58:18.958,mc3,demo1,1
2026-06-16 00:03:19.004,mc3,demo1,1
2026-06-16 00:08:18.707,mc3,demo1,1
2026-06-16 00:13:18.248,mc3,demo1,1
2026-06-16 00:18:18.337,mc3,demo1,1
2026-06-16 00:23:18.880,mc3,demo1,1
2026-06-16 00:28:18.807,mc3,demo1,1
2026-06-16 00:33:19.087,mc3,demo1,1
2026-06-16 00:38:18.958,mc3,demo1,1
2026-06-16 00:43:19.386,mc3,demo1,1
2026-06-16 00:48:18.300,mc3,demo1,1
2026-06-16 00:53:19.107,mc3,demo1,1
2026-06-16 00:58:18.908,mc3,demo1,1
2026-06-16 01:03:18.745,mc3,demo1,1
2026-06-16 01:08:18.977,mc3,demo1,1
2026-06-16 01:13:18.837,mc3,demo1,1
2026-06-16 01:18:18.301,mc3,demo1,1
2026-06-16 01:23:18.755,mc3,demo1,1
2026-06-16 01:28:18.494,mc3,demo1,1
2026-06-16 01:33:18.245,mc3,demo1,1
2026-06-16 01:38:18.502,mc3,demo1,1
2026-06-16 01:43:18.432,mc3,demo1,1
2026-06-16 01:48:19.002,mc3,demo1,1
2026-06-16 01:53:18.950,mc3,demo1,1
2026-06-16 01:58:18.413,mc3,demo1,1
2026-06-16 02:03:20.122,mc3,demo1,1
2026-06-16 02:08:18.563,mc3,demo1,1
2026-06-16 02:13:18.388,mc3,demo1,1
2026-06-16 02:18:18.707,mc3,demo1,1
2026-06-16 02:23:18.403,mc3,demo1,1
2026-06-16 02:28:18.360,mc3,demo1,1
2026-06-16 02:33:18.556,mc3,demo1,1
2026-06-16 02:38:18.953,mc3,demo1,1
2026-06-16 02:43:18.450,mc3,demo1,1
2026-06-16 02:48:18.617,mc3,demo1,1
2026-06-16 02:53:18.228,mc3,demo1,1
2026-06-16 02:58:18.886,mc3,demo1,1
2026-06-16 03:03:18.818,mc3,demo1,1
2026-06-16 03:08:19.217,mc3,demo1,1
2026-06-16 03:13:19.445,mc3,demo1,1
2026-06-16 03:18:18.842,mc3,demo1,1
2026-06-16 03:23:18.767,mc3,demo1,1
2026-06-16 03:28:18.917,mc3,demo1,1
2026-06-16 03:33:18.845,mc3,demo1,1
2026-06-16 03:38:18.726,mc3,demo1,1
2026-06-16 03:43:18.669,mc3,demo1,1
2026-06-16 03:48:19.157,mc3,demo1,1
2026-06-16 03:53:18.739,mc3,demo1,1
2026-06-16 03:58:18.789,mc3,demo1,1
2026-06-16 04:03:18.416,mc3,demo1,1
2026-06-16 04:08:18.707,mc3,demo1,1
2026-06-16 04:13:18.704,mc3,demo1,1
2026-06-16 04:18:18.731,mc3,demo1,1
2026-06-16 04:23:19.421,mc3,demo1,1
2026-06-16 04:28:19.058,mc3,demo1,1
2026-06-16 04:33:18.800,mc3,demo1,1
2026-06-16 04:38:18.487,mc3,demo1,1
2026-06-16 04:43:19.182,mc3,demo1,1
2026-06-16 04:48:18.458,mc3,demo1,1
2026-06-16 04:53:18.784,mc3,demo1,1
2026-06-16 04:58:18.635,mc3,demo1,1
2026-06-16 05:03:18.847,mc3,demo1,1
2026-06-16 05:08:18.884,mc3,demo1,1
2026-06-16 05:13:19.069,mc3,demo1,1
2026-06-16 05:18:19.084,mc3,demo1,1
2026-06-16 05:23:18.629,mc3,demo1,1
2026-06-16 05:28:18.572,mc3,demo1,1
2026-06-16 05:33:19.527,mc3,demo1,1
2026-06-16 05:38:18.977,mc3,demo1,1
2026-06-16 05:43:18.681,mc3,demo1,1
2026-06-16 05:48:18.324,mc3,demo1,1
2026-06-16 05:53:18.302,mc3,demo1,1
2026-06-16 05:58:18.516,mc3,demo1,1
2026-06-16 06:03:19.105,mc3,demo1,1
2026-06-16 06:08:19.489,mc3,demo1,1
2026-06-16 06:13:18.723,mc3,demo1,1
2026-06-16 06:18:18.426,mc3,demo1,1
2026-06-16 06:23:18.145,mc3,demo1,1
2026-06-16 06:28:18.891,mc3,demo1,1
2026-06-16 06:33:18.785,mc3,demo1,1
2026-06-16 06:38:18.741,mc3,demo1,1
2026-06-16 06:43:18.773,mc3,demo1,1
2026-06-16 06:48:18.702,mc3,demo1,1
2026-06-16 06:53:18.934,mc3,demo1,1
2026-06-16 06:58:19.726,mc3,demo1,1
2026-06-16 07:03:18.513,mc3,demo1,1
2026-06-16 07:08:18.969,mc3,demo1,1
2026-06-16 07:13:18.514,mc3,demo1,1
2026-06-16 07:18:18.555,mc3,demo1,1
2026-06-16 07:23:18.384,mc3,demo1,1
2026-06-16 07:28:18.953,mc3,demo1,1
2026-06-16 07:33:19.150,mc3,demo1,1
2026-06-16 07:38:18.847,mc3,demo1,1
2026-06-16 07:43:18.345,mc3,demo1,1
2026-06-16 07:48:18.192,mc3,demo1,1
2026-06-16 07:53:18.825,mc3,demo1,1
2026-06-16 07:58:18.680,mc3,demo1,1
2026-06-16 08:03:18.182,mc3,demo1,1
2026-06-16 08:08:18.602,mc3,demo1,1
2026-06-16 08:13:18.862,mc3,demo1,1
2026-06-16 08:18:18.834,mc3,demo1,1
2026-06-16 08:23:19.006,mc3,demo1,1
2026-06-16 08:28:18.954,mc3,demo1,1
2026-06-16 08:33:19.177,mc3,demo1,1
2026-06-16 08:38:18.825,mc3,demo1,1
2026-06-16 08:43:18.421,mc3,demo1,1
2026-06-16 08:48:18.829,mc3,demo1,1
2026-06-16 08:53:18.313,mc3,demo1,1
2026-06-16 08:58:18.730,mc3,demo1,1
2026-06-16 09:03:18.989,mc3,demo1,1
2026-06-16 09:08:18.267,mc3,demo1,1
2026-06-16 09:13:19.090,mc3,demo1,1
2026-06-16 09:18:18.419,mc3,demo1,1
2026-06-16 09:23:19.140,mc3,demo1,1
2026-06-16 09:28:18.898,mc3,demo1,1
2026-06-16 09:33:18.399,mc3,demo1,1
2026-06-16 09:38:18.309,mc3,demo1,1
2026-06-16 09:43:18.664,mc3,demo1,1
2026-06-16 09:48:18.267,mc3,demo1,1
2026-06-16 09:53:18.372,mc3,demo1,1
2026-06-16 09:58:18.363,mc3,demo1,1
2026-06-16 10:03:18.446,mc3,demo1,1
2026-06-16 10:08:18.470,mc3,demo1,1
2026-06-16 10:13:19.453,mc3,demo1,1
2026-06-16 10:18:19.066,mc3,demo1,1
2026-06-16 10:23:18.327,mc3,demo1,1
2026-06-16 10:28:18.619,mc3,demo1,1
2026-06-16 10:33:18.932,mc3,demo1,1
2026-06-16 10:38:18.507,mc3,demo1,1
2026-06-16 10:43:18.626,mc3,demo1,1
2026-06-16 10:48:18.261,mc3,demo1,1
2026-06-16 10:53:18.871,mc3,demo1,1
2026-06-16 10:58:18.877,mc3,demo1,1
2026-06-16 11:03:19.977,mc3,demo1,1
2026-06-16 11:08:18.658,mc3,demo1,1
2026-06-16 11:13:18.933,mc3,demo1,1
2026-06-16 11:18:18.772,mc3,demo1,1
2026-06-16 11:23:18.899,mc3,demo1,1
2026-06-16 11:28:19.055,mc3,demo1,1
2026-06-16 11:33:18.942,mc3,demo1,1
2026-06-16 11:38:19.529,mc3,demo1,1
2026-06-16 11:43:18.447,mc3,demo1,1
2026-06-16 11:48:18.873,mc3,demo1,1
2026-06-16 11:53:18.482,mc3,demo1,1
2026-06-16 11:58:18.110,mc3,demo1,1
2026-06-16 12:03:18.674,mc3,demo1,1
2026-06-16 12:08:19.254,mc3,demo1,1
2026-06-16 12:13:18.454,mc3,demo1,1
2026-06-16 12:18:18.784,mc3,demo1,1
2026-06-16 12:23:18.992,mc3,demo1,1
2026-06-16 12:28:18.936,mc3,demo1,1
2026-06-16 12:33:19.088,mc3,demo1,1
2026-06-16 12:38:18.370,mc3,demo1,1
2026-06-16 12:43:18.827,mc3,demo1,1
2026-06-16 12:48:19.202,mc3,demo1,1
2026-06-16 12:53:18.957,mc3,demo1,1
2026-06-16 12:58:18.186,mc3,demo1,1
2026-06-16 13:03:18.322,mc3,demo1,1
2026-06-16 13:08:18.236,mc3,demo1,1
2026-06-16 13:13:19.184,mc3,demo1,1
2026-06-16 13:18:18.328,mc3,demo1,1
2026-06-16 13:23:18.599,mc3,demo1,1
2026-06-16 13:28:18.802,mc3,demo1,1
2026-06-16 13:33:18.942,mc3,demo1,1
2026-06-16 13:38:19.306,mc3,demo1,1
2026-06-16 13:43:18.501,mc3,demo1,1
2026-06-16 13:48:19.194,mc3,demo1,1
2026-06-16 13:53:18.417,mc3,demo1,1
2026-06-16 13:58:18.191,mc3,demo1,1
2026-06-16 14:03:18.587,mc3,demo1,1
2026-06-16 14:08:19.295,mc3,demo1,1
2026-06-16 14:13:18.721,mc3,demo1,1
2026-06-16 14:18:18.200,mc3,demo1,1
2026-06-16 14:23:19.626,mc3,demo1,1
2026-06-16 14:28:18.708,mc3,demo1,1
2026-06-16 14:33:18.317,mc3,demo1,1
2026-06-16 14:38:18.961,mc3,demo1,1
2026-06-16 14:43:18.426,mc3,demo1,1
2026-06-16 14:48:18.417,mc3,demo1,1
2026-06-16 14:58:18.680,mc3,demo1,0
2026-06-16 14:58:18.680,mc3,demo1,1
2026-06-16 14:58:18.680,mc3,demo1,1
2026-06-16 15:03:18.518,mc3,demo1,1
2026-06-16 15:03:18.518,mc3,demo1,1
2026-06-16 15:03:18.518,mc3,demo1,1
2026-06-16 15:08:18.889,mc3,demo1,1
2026-06-16 15:08:18.889,mc3,demo1,1
2026-06-16 15:13:19.209,mc3,demo1,1
2026-06-16 15:18:18.226,mc3,demo1,1
2026-06-16 15:23:18.156,mc3,demo1,1
2026-06-16 15:28:18.929,mc3,demo1,1
2026-06-16 15:33:19.070,mc3,demo1,1
2026-06-16 15:38:18.749,mc3,demo1,1
2026-06-16 15:43:19.417,mc3,demo1,1
2026-06-16 15:48:18.927,mc3,demo1,1
2026-06-16 15:53:18.251,mc3,demo1,1
2026-06-16 15:58:18.477,mc3,demo1,1
2026-06-16 16:03:18.304,mc3,demo1,1
2026-06-16 16:08:19.147,mc3,demo1,1
2026-06-16 16:13:19.014,mc3,demo1,1
2026-06-16 16:18:19.268,mc3,demo1,1
2026-06-16 16:23:18.514,mc3,demo1,1
2026-06-16 16:28:18.302,mc3,demo1,1
2026-06-16 16:33:18.854,mc3,demo1,1
2026-06-16 16:38:18.480,mc3,demo1,1
2026-06-16 16:43:18.844,mc3,demo1,1
2026-06-16 16:48:18.905,mc3,demo1,1
2026-06-12 14:18:18.759,mc4,demo1,0
2026-06-12 14:23:19.033,mc4,demo1,1
2026-06-12 14:28:19.228,mc4,demo1,1
2026-06-12 14:33:18.354,mc4,demo1,1
2026-06-12 14:38:18.279,mc4,demo1,1
2026-06-12 14:43:18.366,mc4,demo1,1
2026-06-12 14:48:18.089,mc4,demo1,1
2026-06-12 14:53:18.148,mc4,demo1,1
2026-06-12 14:58:19.206,mc4,demo1,1
2026-06-12 15:03:18.375,mc4,demo1,1
2026-06-12 15:08:18.511,mc4,demo1,1
2026-06-12 15:13:18.819,mc4,demo1,1
2026-06-12 15:18:19.047,mc4,demo1,1
2026-06-12 15:23:18.910,mc4,demo1,1
2026-06-12 15:28:18.152,mc4,demo1,1
2026-06-12 15:33:18.779,mc4,demo1,1
2026-06-12 15:38:19.500,mc4,demo1,1
2026-06-12 15:43:18.801,mc4,demo1,1
2026-06-12 15:48:18.834,mc4,demo1,1
2026-06-12 15:53:18.819,mc4,demo1,1
2026-06-12 15:58:18.894,mc4,demo1,1
2026-06-12 16:03:19.192,mc4,demo1,1
2026-06-12 16:08:19.968,mc4,demo1,1
2026-06-12 16:13:18.577,mc4,demo1,1
2026-06-12 16:18:18.794,mc4,demo1,1
2026-06-12 16:23:18.663,mc4,demo1,1
2026-06-12 16:28:19.109,mc4,demo1,1
2026-06-12 16:33:19.059,mc4,demo1,1
2026-06-12 16:38:18.691,mc4,demo1,1
2026-06-12 16:43:19.069,mc4,demo1,1
2026-06-12 16:48:18.573,mc4,demo1,1
2026-06-12 16:53:18.478,mc4,demo1,1
2026-06-12 16:58:19.146,mc4,demo1,1
2026-06-12 17:03:18.632,mc4,demo1,1
2026-06-12 17:08:18.693,mc4,demo1,1
2026-06-12 17:13:19.650,mc4,demo1,1
2026-06-12 17:18:18.193,mc4,demo1,1
2026-06-12 17:23:18.898,mc4,demo1,1
2026-06-12 17:28:18.453,mc4,demo1,1
2026-06-12 17:33:18.682,mc4,demo1,1
2026-06-12 17:38:18.997,mc4,demo1,1
2026-06-12 17:43:19.142,mc4,demo1,1
2026-06-12 17:48:18.789,mc4,demo1,1
2026-06-12 17:53:18.287,mc4,demo1,1
2026-06-12 17:58:19.370,mc4,demo1,1
2026-06-12 18:03:18.471,mc4,demo1,1
2026-06-12 18:08:18.500,mc4,demo1,1
2026-06-12 18:13:18.242,mc4,demo1,1
2026-06-12 18:18:19.294,mc4,demo1,1
2026-06-12 18:23:19.372,mc4,demo1,1
2026-06-12 18:28:19.542,mc4,demo1,1
2026-06-12 18:33:18.430,mc4,demo1,1
2026-06-12 18:38:19.064,mc4,demo1,1
2026-06-12 18:43:19.438,mc4,demo1,1
2026-06-12 18:48:18.397,mc4,demo1,1
2026-06-12 18:53:18.875,mc4,demo1,1
2026-06-12 18:58:18.219,mc4,demo1,1
2026-06-12 19:03:18.346,mc4,demo1,1
2026-06-12 19:08:18.910,mc4,demo1,1
2026-06-12 19:13:18.640,mc4,demo1,1
2026-06-12 19:18:19.098,mc4,demo1,1
2026-06-12 19:23:18.312,mc4,demo1,1
2026-06-12 19:28:18.828,mc4,demo1,1
2026-06-12 19:33:18.700,mc4,demo1,1
2026-06-12 19:38:18.241,mc4,demo1,1
2026-06-12 19:43:19.213,mc4,demo1,1
2026-06-12 19:48:18.890,mc4,demo1,1
2026-06-12 19:53:18.636,mc4,demo1,1
2026-06-12 19:58:18.911,mc4,demo1,1
2026-06-12 20:03:19.388,mc4,demo1,1
2026-06-12 20:08:18.894,mc4,demo1,1
2026-06-12 20:13:18.472,mc4,demo1,1
2026-06-12 20:18:19.056,mc4,demo1,1
2026-06-12 20:23:18.274,mc4,demo1,1
2026-06-12 20:28:18.236,mc4,demo1,1
2026-06-12 20:33:18.840,mc4,demo1,1
2026-06-12 20:38:18.226,mc4,demo1,1
2026-06-12 20:43:18.192,mc4,demo1,1
2026-06-12 20:48:18.651,mc4,demo1,1
2026-06-12 20:53:20.901,mc4,demo1,1
2026-06-12 20:58:18.825,mc4,demo1,1
2026-06-12 21:03:19.082,mc4,demo1,1
2026-06-12 21:08:18.259,mc4,demo1,1
2026-06-12 21:13:18.534,mc4,demo1,1
2026-06-12 21:18:18.603,mc4,demo1,1
2026-06-12 21:23:18.157,mc4,demo1,1
2026-06-12 21:28:18.867,mc4,demo1,1
2026-06-12 21:33:18.273,mc4,demo1,1
2026-06-12 21:38:18.895,mc4,demo1,1
2026-06-12 21:43:18.905,mc4,demo1,1
2026-06-12 21:48:18.876,mc4,demo1,1
2026-06-12 21:53:18.877,mc4,demo1,1
2026-06-12 21:58:18.723,mc4,demo1,1
2026-06-12 22:03:19.172,mc4,demo1,1
2026-06-12 22:08:19.248,mc4,demo1,1
2026-06-12 22:13:18.955,mc4,demo1,1
2026-06-12 22:18:18.515,mc4,demo1,1
2026-06-12 22:23:18.631,mc4,demo1,1
2026-06-12 22:28:19.044,mc4,demo1,1
2026-06-12 22:33:18.824,mc4,demo1,1
2026-06-12 22:38:18.554,mc4,demo1,1
2026-06-12 22:43:18.375,mc4,demo1,1
2026-06-12 22:48:18.946,mc4,demo1,1
2026-06-12 22:53:18.487,mc4,demo1,1
2026-06-12 22:58:19.669,mc4,demo1,1
2026-06-12 23:03:18.230,mc4,demo1,1
2026-06-12 23:08:18.944,mc4,demo1,1
2026-06-12 23:13:19.110,mc4,demo1,1
2026-06-12 23:18:19.032,mc4,demo1,1
2026-06-12 23:23:19.061,mc4,demo1,1
2026-06-12 23:28:18.295,mc4,demo1,1
2026-06-12 23:33:19.194,mc4,demo1,1
2026-06-12 23:38:18.511,mc4,demo1,1
2026-06-12 23:43:18.299,mc4,demo1,1
2026-06-12 23:48:18.735,mc4,demo1,1
2026-06-12 23:53:18.534,mc4,demo1,1
2026-06-12 23:58:18.386,mc4,demo1,1
2026-06-13 00:03:18.814,mc4,demo1,1
2026-06-13 00:08:18.748,mc4,demo1,1
2026-06-13 00:13:19.015,mc4,demo1,1
2026-06-13 00:18:18.890,mc4,demo1,1
2026-06-13 00:23:18.805,mc4,demo1,1
2026-06-13 00:28:18.807,mc4,demo1,1
2026-06-13 00:33:18.937,mc4,demo1,1
2026-06-13 00:38:18.760,mc4,demo1,1
2026-06-13 00:43:19.064,mc4,demo1,1
2026-06-13 00:48:18.838,mc4,demo1,1
2026-06-13 00:53:19.230,mc4,demo1,1
2026-06-13 00:58:18.241,mc4,demo1,1
2026-06-13 01:03:18.815,mc4,demo1,1
2026-06-13 01:08:18.476,mc4,demo1,1
2026-06-13 01:13:19.021,mc4,demo1,1
2026-06-13 01:18:19.111,mc4,demo1,1
2026-06-13 01:23:18.420,mc4,demo1,1
2026-06-13 01:28:18.860,mc4,demo1,1
2026-06-13 01:33:18.357,mc4,demo1,1
2026-06-13 01:38:18.325,mc4,demo1,1
2026-06-13 01:43:18.320,mc4,demo1,1
2026-06-13 01:48:18.217,mc4,demo1,1
2026-06-13 01:53:18.784,mc4,demo1,1
2026-06-13 01:58:18.282,mc4,demo1,1
2026-06-13 02:03:19.037,mc4,demo1,1
2026-06-13 02:08:18.310,mc4,demo1,1
2026-06-13 02:13:18.800,mc4,demo1,1
2026-06-13 02:18:19.004,mc4,demo1,1
2026-06-13 02:23:18.749,mc4,demo1,1
2026-06-13 02:28:18.269,mc4,demo1,1
2026-06-13 02:33:19.232,mc4,demo1,1
2026-06-13 02:38:18.557,mc4,demo1,1
2026-06-13 02:43:18.812,mc4,demo1,1
2026-06-13 02:48:18.423,mc4,demo1,1
2026-06-13 02:53:18.560,mc4,demo1,1
2026-06-13 02:58:19.187,mc4,demo1,1
2026-06-13 03:03:18.892,mc4,demo1,1
2026-06-13 03:08:19.274,mc4,demo1,1
2026-06-13 03:13:18.800,mc4,demo1,1
2026-06-13 03:18:19.408,mc4,demo1,1
2026-06-13 03:23:18.448,mc4,demo1,1
2026-06-13 03:28:18.427,mc4,demo1,1
2026-06-13 03:33:18.823,mc4,demo1,1
2026-06-13 03:38:19.012,mc4,demo1,1
2026-06-13 03:43:19.152,mc4,demo1,1
2026-06-13 03:48:19.094,mc4,demo1,1
2026-06-13 03:53:18.472,mc4,demo1,1
2026-06-13 03:58:18.187,mc4,demo1,1
2026-06-13 04:03:18.608,mc4,demo1,1
2026-06-13 04:08:18.841,mc4,demo1,1
2026-06-13 04:13:18.375,mc4,demo1,1
2026-06-13 04:18:18.426,mc4,demo1,1
2026-06-13 04:23:18.602,mc4,demo1,1
2026-06-13 04:28:19.184,mc4,demo1,1
2026-06-13 04:33:18.938,mc4,demo1,1
2026-06-13 04:38:19.279,mc4,demo1,1
2026-06-13 04:43:19.596,mc4,demo1,1
2026-06-13 04:48:18.365,mc4,demo1,1
2026-06-13 04:53:18.386,mc4,demo1,1
2026-06-13 04:58:18.934,mc4,demo1,1
2026-06-13 05:03:18.304,mc4,demo1,1
2026-06-13 05:08:18.954,mc4,demo1,1
2026-06-13 05:13:19.003,mc4,demo1,1
2026-06-13 05:18:18.934,mc4,demo1,1
2026-06-13 05:23:19.009,mc4,demo1,1
2026-06-13 05:28:18.682,mc4,demo1,1
2026-06-13 05:33:18.819,mc4,demo1,1
2026-06-13 05:38:18.465,mc4,demo1,1
2026-06-13 05:43:18.897,mc4,demo1,1
2026-06-13 05:48:18.612,mc4,demo1,1
2026-06-13 05:53:20.315,mc4,demo1,1
2026-06-13 05:58:18.668,mc4,demo1,1
2026-06-13 06:03:18.659,mc4,demo1,1
2026-06-13 06:08:19.076,mc4,demo1,1
2026-06-13 06:13:18.540,mc4,demo1,1
2026-06-13 06:18:18.501,mc4,demo1,1
2026-06-13 06:23:18.818,mc4,demo1,1
2026-06-13 06:28:18.711,mc4,demo1,1
2026-06-13 06:33:18.869,mc4,demo1,1
2026-06-13 06:38:18.770,mc4,demo1,1
2026-06-13 06:43:19.641,mc4,demo1,1
2026-06-13 06:48:18.658,mc4,demo1,1
2026-06-13 06:53:18.279,mc4,demo1,1
2026-06-13 06:58:19.003,mc4,demo1,1
2026-06-13 07:03:19.930,mc4,demo1,1
2026-06-13 07:08:18.323,mc4,demo1,1
2026-06-13 07:13:18.466,mc4,demo1,1
2026-06-13 07:18:19.071,mc4,demo1,1
2026-06-13 07:23:18.745,mc4,demo1,1
2026-06-13 07:28:18.970,mc4,demo1,1
2026-06-13 07:33:18.576,mc4,demo1,1
2026-06-13 07:38:18.619,mc4,demo1,1
2026-06-13 07:43:18.871,mc4,demo1,1
2026-06-13 07:48:18.312,mc4,demo1,1
2026-06-13 07:53:18.393,mc4,demo1,1
2026-06-13 07:58:18.787,mc4,demo1,1
2026-06-13 08:03:18.447,mc4,demo1,1
2026-06-13 08:08:18.843,mc4,demo1,1
2026-06-13 08:13:18.367,mc4,demo1,1
2026-06-13 08:18:20.402,mc4,demo1,1
2026-06-13 08:23:18.373,mc4,demo1,1
2026-06-13 08:28:18.515,mc4,demo1,1
2026-06-13 08:33:18.765,mc4,demo1,1
2026-06-13 08:38:18.800,mc4,demo1,1
2026-06-13 08:43:18.613,mc4,demo1,1
2026-06-13 08:48:19.270,mc4,demo1,1
2026-06-13 08:53:18.976,mc4,demo1,1
2026-06-13 08:58:19.099,mc4,demo1,1
2026-06-13 09:03:18.367,mc4,demo1,1
2026-06-13 09:08:18.944,mc4,demo1,1
2026-06-13 09:13:18.575,mc4,demo1,1
2026-06-13 09:18:18.072,mc4,demo1,1
2026-06-13 09:23:19.044,mc4,demo1,1
2026-06-13 09:28:19.819,mc4,demo1,1
2026-06-13 09:33:18.944,mc4,demo1,1
2026-06-13 09:38:18.413,mc4,demo1,1
2026-06-13 09:43:18.878,mc4,demo1,1
2026-06-13 09:48:19.551,mc4,demo1,1
2026-06-13 09:53:18.952,mc4,demo1,1
2026-06-13 09:58:18.905,mc4,demo1,1
2026-06-13 10:03:19.074,mc4,demo1,1
2026-06-13 10:08:18.458,mc4,demo1,1
2026-06-13 10:13:18.848,mc4,demo1,1
2026-06-13 10:18:19.449,mc4,demo1,1
2026-06-13 10:23:18.915,mc4,demo1,1
2026-06-13 10:28:19.463,mc4,demo1,1
2026-06-13 10:33:20.421,mc4,demo1,1
2026-06-13 10:38:18.652,mc4,demo1,1
2026-06-13 10:43:18.735,mc4,demo1,1
2026-06-13 10:48:19.826,mc4,demo1,1
2026-06-13 10:53:18.322,mc4,demo1,1
2026-06-13 10:58:18.924,mc4,demo1,1
2026-06-13 11:03:18.800,mc4,demo1,1
2026-06-13 11:08:18.670,mc4,demo1,1
2026-06-13 11:13:19.253,mc4,demo1,1
2026-06-13 11:18:18.810,mc4,demo1,1
2026-06-13 11:23:18.775,mc4,demo1,1
2026-06-13 11:28:18.912,mc4,demo1,1
2026-06-13 11:33:18.710,mc4,demo1,1
2026-06-13 11:38:18.606,mc4,demo1,1
2026-06-13 11:43:18.126,mc4,demo1,1
2026-06-13 11:48:18.186,mc4,demo1,1
2026-06-13 11:53:19.506,mc4,demo1,1
2026-06-13 11:58:19.044,mc4,demo1,1
2026-06-13 12:03:18.972,mc4,demo1,1
2026-06-13 12:08:18.899,mc4,demo1,1
2026-06-13 12:13:18.917,mc4,demo1,1
2026-06-13 12:18:19.493,mc4,demo1,1
2026-06-13 12:23:19.158,mc4,demo1,1
2026-06-13 12:28:18.581,mc4,demo1,1
2026-06-13 12:33:19.023,mc4,demo1,1
2026-06-13 12:38:19.126,mc4,demo1,1
2026-06-13 12:43:18.925,mc4,demo1,1
2026-06-13 12:48:18.555,mc4,demo1,1
2026-06-13 12:53:19.693,mc4,demo1,1
2026-06-13 12:58:18.899,mc4,demo1,1
2026-06-13 13:03:18.688,mc4,demo1,1
2026-06-13 13:08:18.918,mc4,demo1,1
2026-06-13 13:13:18.726,mc4,demo1,1
2026-06-13 13:18:18.032,mc4,demo1,1
2026-06-13 13:23:18.610,mc4,demo1,1
2026-06-13 13:28:18.151,mc4,demo1,1
2026-06-13 13:33:18.222,mc4,demo1,1
2026-06-13 13:38:18.884,mc4,demo1,1
2026-06-13 13:43:18.473,mc4,demo1,1
2026-06-13 13:48:19.388,mc4,demo1,1
2026-06-13 13:53:19.150,mc4,demo1,1
2026-06-13 13:58:18.742,mc4,demo1,1
2026-06-13 14:03:19.528,mc4,demo1,1
2026-06-13 14:08:18.806,mc4,demo1,1
2026-06-13 14:13:18.463,mc4,demo1,1
2026-06-13 14:18:18.431,mc4,demo1,1
2026-06-13 14:23:18.986,mc4,demo1,1
2026-06-13 14:28:19.098,mc4,demo1,1
2026-06-13 14:33:19.644,mc4,demo1,1
2026-06-13 14:38:18.745,mc4,demo1,1
2026-06-13 14:43:19.108,mc4,demo1,1
2026-06-13 14:48:18.764,mc4,demo1,1
2026-06-13 14:53:18.532,mc4,demo1,1
2026-06-13 14:58:19.445,mc4,demo1,1
2026-06-13 15:03:18.474,mc4,demo1,1
2026-06-13 15:08:19.109,mc4,demo1,1
2026-06-13 15:13:18.750,mc4,demo1,1
2026-06-13 15:18:18.406,mc4,demo1,1
2026-06-13 15:23:18.702,mc4,demo1,1
2026-06-13 15:28:18.545,mc4,demo1,1
2026-06-13 15:33:18.383,mc4,demo1,1
2026-06-13 15:38:19.091,mc4,demo1,1
2026-06-13 15:43:18.543,mc4,demo1,1
2026-06-13 15:48:19.008,mc4,demo1,1
2026-06-13 15:53:18.984,mc4,demo1,1
2026-06-13 15:58:19.027,mc4,demo1,1
2026-06-13 16:03:19.171,mc4,demo1,1
2026-06-13 16:08:19.351,mc4,demo1,1
2026-06-13 16:13:18.908,mc4,demo1,1
2026-06-13 16:18:19.006,mc4,demo1,1
2026-06-13 16:23:19.307,mc4,demo1,1
2026-06-13 16:28:18.832,mc4,demo1,1
2026-06-13 16:33:18.870,mc4,demo1,1
2026-06-13 16:38:19.153,mc4,demo1,1
2026-06-13 16:43:18.317,mc4,demo1,1
2026-06-13 16:48:18.798,mc4,demo1,1
2026-06-13 16:53:18.325,mc4,demo1,1
2026-06-13 16:58:19.060,mc4,demo1,1
2026-06-13 17:03:18.531,mc4,demo1,1
2026-06-13 17:08:19.088,mc4,demo1,1
2026-06-13 17:13:18.626,mc4,demo1,1
2026-06-13 17:18:18.714,mc4,demo1,1
2026-06-13 17:23:18.854,mc4,demo1,1
2026-06-13 17:28:19.798,mc4,demo1,1
2026-06-13 17:33:18.956,mc4,demo1,1
2026-06-13 17:38:19.054,mc4,demo1,1
2026-06-13 17:43:19.373,mc4,demo1,1
2026-06-13 17:48:18.976,mc4,demo1,1
2026-06-13 17:53:18.731,mc4,demo1,1
2026-06-13 17:58:19.452,mc4,demo1,1
2026-06-13 18:03:19.155,mc4,demo1,1
2026-06-13 18:08:19.253,mc4,demo1,1
2026-06-13 18:13:18.579,mc4,demo1,1
2026-06-13 18:18:18.381,mc4,demo1,1
2026-06-13 18:23:19.199,mc4,demo1,1
2026-06-13 18:28:18.990,mc4,demo1,1
2026-06-13 18:33:19.051,mc4,demo1,1
2026-06-13 18:38:18.942,mc4,demo1,1
2026-06-13 18:43:18.740,mc4,demo1,1
2026-06-13 18:48:19.532,mc4,demo1,1
2026-06-13 18:53:18.481,mc4,demo1,1
2026-06-13 18:58:18.630,mc4,demo1,1
2026-06-13 19:03:18.801,mc4,demo1,1
2026-06-13 19:08:19.256,mc4,demo1,1
2026-06-13 19:13:18.879,mc4,demo1,1
2026-06-13 19:18:18.714,mc4,demo1,1
2026-06-13 19:23:19.020,mc4,demo1,1
2026-06-13 19:28:18.638,mc4,demo1,1
2026-06-13 19:33:19.455,mc4,demo1,1
2026-06-13 19:38:19.079,mc4,demo1,1
2026-06-13 19:43:19.461,mc4,demo1,1
2026-06-13 19:48:19.557,mc4,demo1,1
2026-06-13 19:53:19.311,mc4,demo1,1
2026-06-13 19:58:19.218,mc4,demo1,1
2026-06-13 20:03:18.534,mc4,demo1,1
2026-06-13 20:08:19.208,mc4,demo1,1
2026-06-13 20:13:19.535,mc4,demo1,1
2026-06-13 20:18:18.780,mc4,demo1,1
2026-06-13 20:23:18.882,mc4,demo1,1
2026-06-13 20:28:18.688,mc4,demo1,1
2026-06-13 20:33:18.953,mc4,demo1,1
2026-06-13 20:38:20.510,mc4,demo1,1
2026-06-13 20:43:18.871,mc4,demo1,1
2026-06-13 20:48:18.888,mc4,demo1,1
2026-06-13 20:53:18.809,mc4,demo1,1
2026-06-13 20:58:19.092,mc4,demo1,1
2026-06-13 21:03:18.384,mc4,demo1,1
2026-06-13 21:08:18.566,mc4,demo1,1
2026-06-13 21:13:19.396,mc4,demo1,1
2026-06-13 21:18:18.710,mc4,demo1,1
2026-06-13 21:23:18.989,mc4,demo1,1
2026-06-13 21:28:19.203,mc4,demo1,1
2026-06-13 21:33:19.224,mc4,demo1,1
2026-06-13 21:38:18.827,mc4,demo1,1
2026-06-13 21:43:20.399,mc4,demo1,1
2026-06-13 21:48:18.749,mc4,demo1,1
2026-06-13 21:53:19.074,mc4,demo1,1
2026-06-13 21:58:18.538,mc4,demo1,1
2026-06-13 22:03:18.612,mc4,demo1,1
2026-06-13 22:08:18.896,mc4,demo1,1
2026-06-13 22:13:18.327,mc4,demo1,1
2026-06-13 22:18:18.643,mc4,demo1,1
2026-06-13 22:23:18.871,mc4,demo1,1
2026-06-13 22:28:18.817,mc4,demo1,1
2026-06-13 22:33:18.151,mc4,demo1,1
2026-06-13 22:38:18.870,mc4,demo1,1
2026-06-13 22:43:18.903,mc4,demo1,1
2026-06-13 22:48:18.915,mc4,demo1,1
2026-06-13 22:53:19.001,mc4,demo1,1
2026-06-13 22:58:18.175,mc4,demo1,1
2026-06-13 23:03:18.642,mc4,demo1,1
2026-06-13 23:08:18.483,mc4,demo1,1
2026-06-13 23:13:19.060,mc4,demo1,1
2026-06-13 23:18:19.510,mc4,demo1,1
2026-06-13 23:23:18.869,mc4,demo1,1
2026-06-13 23:28:18.701,mc4,demo1,1
2026-06-13 23:33:18.932,mc4,demo1,1
2026-06-13 23:38:19.599,mc4,demo1,1
2026-06-13 23:43:18.623,mc4,demo1,1
2026-06-13 23:48:18.787,mc4,demo1,1
2026-06-13 23:53:18.610,mc4,demo1,1
2026-06-13 23:58:18.717,mc4,demo1,1
2026-06-14 00:03:18.769,mc4,demo1,1
2026-06-14 00:08:19.197,mc4,demo1,1
2026-06-14 00:13:19.043,mc4,demo1,1
2026-06-14 00:18:19.078,mc4,demo1,1
2026-06-14 00:23:18.931,mc4,demo1,1
2026-06-14 00:28:19.289,mc4,demo1,1
2026-06-14 00:33:18.794,mc4,demo1,1
2026-06-14 00:38:18.541,mc4,demo1,1
2026-06-14 00:43:18.935,mc4,demo1,1
2026-06-14 00:48:18.292,mc4,demo1,1
2026-06-14 00:53:18.008,mc4,demo1,1
2026-06-14 00:58:18.947,mc4,demo1,1
2026-06-14 01:03:18.576,mc4,demo1,1
2026-06-14 01:08:18.491,mc4,demo1,1
2026-06-14 01:13:18.981,mc4,demo1,1
2026-06-14 01:18:19.236,mc4,demo1,1
2026-06-14 01:23:19.043,mc4,demo1,1
2026-06-14 01:28:18.269,mc4,demo1,1
2026-06-14 01:33:19.101,mc4,demo1,1
2026-06-14 01:38:18.273,mc4,demo1,1
2026-06-14 01:43:18.352,mc4,demo1,1
2026-06-14 01:48:18.304,mc4,demo1,1
2026-06-14 01:53:18.832,mc4,demo1,1
2026-06-14 01:58:18.722,mc4,demo1,1
2026-06-14 02:03:18.647,mc4,demo1,1
2026-06-14 02:08:19.121,mc4,demo1,1
2026-06-14 02:13:18.339,mc4,demo1,1
2026-06-14 02:18:19.070,mc4,demo1,1
2026-06-14 02:23:19.179,mc4,demo1,1
2026-06-14 02:28:18.589,mc4,demo1,1
2026-06-14 02:33:18.716,mc4,demo1,1
2026-06-14 02:38:18.485,mc4,demo1,1
2026-06-14 02:43:18.624,mc4,demo1,1
2026-06-14 02:48:18.454,mc4,demo1,1
2026-06-14 02:53:18.396,mc4,demo1,1
2026-06-14 02:58:18.708,mc4,demo1,1
2026-06-14 03:03:18.364,mc4,demo1,1
2026-06-14 03:08:18.617,mc4,demo1,1
2026-06-14 03:13:18.105,mc4,demo1,1
2026-06-14 03:18:18.262,mc4,demo1,1
2026-06-14 03:23:19.138,mc4,demo1,1
2026-06-14 03:28:18.757,mc4,demo1,1
2026-06-14 03:33:18.446,mc4,demo1,1
2026-06-14 03:38:18.973,mc4,demo1,1
2026-06-14 03:43:18.723,mc4,demo1,1
2026-06-14 03:48:19.135,mc4,demo1,1
2026-06-14 03:53:18.249,mc4,demo1,1
2026-06-14 03:58:18.480,mc4,demo1,1
2026-06-14 04:03:18.941,mc4,demo1,1
2026-06-14 04:08:18.641,mc4,demo1,1
2026-06-14 04:13:18.691,mc4,demo1,1
2026-06-14 04:18:18.627,mc4,demo1,1
2026-06-14 04:23:18.413,mc4,demo1,1
2026-06-14 04:28:18.364,mc4,demo1,1
2026-06-14 04:33:18.732,mc4,demo1,1
2026-06-14 04:38:18.650,mc4,demo1,1
2026-06-14 04:43:19.149,mc4,demo1,1
2026-06-14 04:48:19.145,mc4,demo1,1
2026-06-14 04:53:18.566,mc4,demo1,1
2026-06-14 04:58:18.266,mc4,demo1,1
2026-06-14 05:03:18.023,mc4,demo1,1
2026-06-14 05:08:18.263,mc4,demo1,1
2026-06-14 05:13:18.653,mc4,demo1,1
2026-06-14 05:18:18.860,mc4,demo1,1
2026-06-14 05:23:18.718,mc4,demo1,1
2026-06-14 05:28:19.292,mc4,demo1,1
2026-06-14 05:33:18.419,mc4,demo1,1
2026-06-14 05:38:19.663,mc4,demo1,1
2026-06-14 05:43:18.388,mc4,demo1,1
2026-06-14 05:48:18.861,mc4,demo1,1
2026-06-14 05:53:18.668,mc4,demo1,1
2026-06-14 05:58:18.457,mc4,demo1,1
2026-06-14 06:03:18.689,mc4,demo1,1
2026-06-14 06:08:18.917,mc4,demo1,1
2026-06-14 06:13:18.780,mc4,demo1,1
2026-06-14 06:18:18.133,mc4,demo1,1
2026-06-14 06:23:18.336,mc4,demo1,1
2026-06-14 06:28:19.003,mc4,demo1,1
2026-06-14 06:33:18.289,mc4,demo1,1
2026-06-14 06:38:19.018,mc4,demo1,1
2026-06-14 06:43:18.706,mc4,demo1,1
2026-06-14 06:48:18.700,mc4,demo1,1
2026-06-14 06:53:19.084,mc4,demo1,1
2026-06-14 06:58:18.768,mc4,demo1,1
2026-06-14 07:03:18.390,mc4,demo1,1
2026-06-14 07:08:19.028,mc4,demo1,1
2026-06-14 07:13:18.703,mc4,demo1,1
2026-06-14 07:18:18.235,mc4,demo1,1
2026-06-14 07:23:18.512,mc4,demo1,1
2026-06-14 07:28:18.863,mc4,demo1,1
2026-06-14 07:33:18.195,mc4,demo1,1
2026-06-14 07:38:18.540,mc4,demo1,1
2026-06-14 07:43:18.959,mc4,demo1,1
2026-06-14 07:48:18.764,mc4,demo1,1
2026-06-14 07:53:18.362,mc4,demo1,1
2026-06-14 07:58:18.961,mc4,demo1,1
2026-06-14 08:03:18.616,mc4,demo1,1
2026-06-14 08:08:18.473,mc4,demo1,1
2026-06-14 08:13:18.812,mc4,demo1,1
2026-06-14 08:18:18.854,mc4,demo1,1
2026-06-14 08:23:18.610,mc4,demo1,1
2026-06-14 08:28:18.343,mc4,demo1,1
2026-06-14 08:33:18.665,mc4,demo1,1
2026-06-14 08:38:19.199,mc4,demo1,1
2026-06-14 08:43:18.812,mc4,demo1,1
2026-06-14 08:48:18.139,mc4,demo1,1
2026-06-14 08:53:18.364,mc4,demo1,1
2026-06-14 08:58:19.002,mc4,demo1,1
2026-06-14 09:03:18.681,mc4,demo1,1
2026-06-14 09:08:19.175,mc4,demo1,1
2026-06-14 09:13:19.426,mc4,demo1,1
2026-06-14 09:18:18.215,mc4,demo1,1
2026-06-14 09:23:18.722,mc4,demo1,1
2026-06-14 09:28:18.899,mc4,demo1,1
2026-06-14 09:33:18.980,mc4,demo1,1
2026-06-14 09:38:18.250,mc4,demo1,1
2026-06-14 09:43:19.243,mc4,demo1,1
2026-06-14 09:48:19.273,mc4,demo1,1
2026-06-14 09:53:18.908,mc4,demo1,1
2026-06-14 09:58:18.453,mc4,demo1,1
2026-06-14 10:03:18.591,mc4,demo1,1
2026-06-14 10:08:18.237,mc4,demo1,1
2026-06-14 10:13:18.905,mc4,demo1,1
2026-06-14 10:18:19.448,mc4,demo1,1
2026-06-14 10:23:18.930,mc4,demo1,1
2026-06-14 10:28:18.904,mc4,demo1,1
2026-06-14 10:33:18.634,mc4,demo1,1
2026-06-14 10:38:18.265,mc4,demo1,1
2026-06-14 10:43:18.759,mc4,demo1,1
2026-06-14 10:48:19.289,mc4,demo1,1
2026-06-14 10:53:18.255,mc4,demo1,1
2026-06-14 10:58:18.933,mc4,demo1,1
2026-06-14 11:03:18.648,mc4,demo1,1
2026-06-14 11:08:18.764,mc4,demo1,1
2026-06-14 11:13:18.645,mc4,demo1,1
2026-06-14 11:18:18.919,mc4,demo1,1
2026-06-14 11:23:19.107,mc4,demo1,1
2026-06-14 11:28:19.440,mc4,demo1,1
2026-06-14 11:33:19.072,mc4,demo1,1
2026-06-14 11:38:18.273,mc4,demo1,1
2026-06-14 11:43:18.336,mc4,demo1,1
2026-06-14 11:48:18.674,mc4,demo1,1
2026-06-14 11:53:18.519,mc4,demo1,1
2026-06-14 11:58:19.019,mc4,demo1,1
2026-06-14 12:03:18.607,mc4,demo1,1
2026-06-14 12:08:19.641,mc4,demo1,1
2026-06-14 12:13:18.685,mc4,demo1,1
2026-06-14 12:18:18.748,mc4,demo1,1
2026-06-14 12:23:18.582,mc4,demo1,1
2026-06-14 12:28:18.486,mc4,demo1,1
2026-06-14 12:33:18.699,mc4,demo1,1
2026-06-14 12:38:18.804,mc4,demo1,1
2026-06-14 12:43:18.850,mc4,demo1,1
2026-06-14 12:48:18.131,mc4,demo1,1
2026-06-14 12:53:18.312,mc4,demo1,1
2026-06-14 12:58:18.772,mc4,demo1,1
2026-06-14 13:03:18.421,mc4,demo1,1
2026-06-14 13:08:18.760,mc4,demo1,1
2026-06-14 13:13:18.779,mc4,demo1,1
2026-06-14 13:18:18.854,mc4,demo1,1
2026-06-14 13:23:18.689,mc4,demo1,1
2026-06-14 13:28:18.712,mc4,demo1,1
2026-06-14 13:33:18.826,mc4,demo1,1
2026-06-14 13:38:18.231,mc4,demo1,1
2026-06-14 13:43:19.934,mc4,demo1,1
2026-06-14 13:48:18.919,mc4,demo1,1
2026-06-14 13:53:18.933,mc4,demo1,1
2026-06-14 13:58:19.426,mc4,demo1,1
2026-06-14 14:03:18.592,mc4,demo1,1
2026-06-14 14:08:18.921,mc4,demo1,1
2026-06-14 14:13:19.384,mc4,demo1,1
2026-06-14 14:18:18.402,mc4,demo1,1
2026-06-14 14:23:18.371,mc4,demo1,1
2026-06-14 14:28:19.008,mc4,demo1,1
2026-06-14 14:33:18.478,mc4,demo1,1
2026-06-14 14:38:18.905,mc4,demo1,1
2026-06-14 14:43:18.936,mc4,demo1,1
2026-06-14 14:48:18.980,mc4,demo1,1
2026-06-14 14:53:18.941,mc4,demo1,1
2026-06-14 14:58:18.768,mc4,demo1,1
2026-06-14 15:03:18.901,mc4,demo1,1
2026-06-14 15:08:19.319,mc4,demo1,1
2026-06-14 15:13:18.932,mc4,demo1,1
2026-06-14 15:18:18.355,mc4,demo1,1
2026-06-14 15:23:18.417,mc4,demo1,1
2026-06-14 15:28:18.936,mc4,demo1,1
2026-06-14 15:33:18.502,mc4,demo1,1
2026-06-14 15:38:18.883,mc4,demo1,1
2026-06-14 15:43:19.037,mc4,demo1,1
2026-06-14 15:48:18.664,mc4,demo1,1
2026-06-14 15:53:19.401,mc4,demo1,1
2026-06-14 15:58:18.703,mc4,demo1,1
2026-06-14 16:03:19.024,mc4,demo1,1
2026-06-14 16:08:19.078,mc4,demo1,1
2026-06-14 16:13:18.852,mc4,demo1,1
2026-06-14 16:18:19.140,mc4,demo1,1
2026-06-14 16:23:18.926,mc4,demo1,1
2026-06-14 16:28:18.693,mc4,demo1,1
2026-06-14 16:33:19.063,mc4,demo1,1
2026-06-14 16:38:18.138,mc4,demo1,1
2026-06-14 16:43:18.785,mc4,demo1,1
2026-06-14 16:48:18.581,mc4,demo1,1
2026-06-14 16:53:18.776,mc4,demo1,1
2026-06-14 16:58:18.716,mc4,demo1,1
2026-06-14 17:03:18.744,mc4,demo1,1
2026-06-14 17:08:18.614,mc4,demo1,1
2026-06-14 17:13:18.696,mc4,demo1,1
2026-06-14 17:18:18.762,mc4,demo1,1
2026-06-14 17:23:18.212,mc4,demo1,1
2026-06-14 17:28:18.771,mc4,demo1,1
2026-06-14 17:33:19.082,mc4,demo1,1
2026-06-14 17:38:18.661,mc4,demo1,1
2026-06-14 17:43:18.228,mc4,demo1,1
2026-06-14 17:48:19.383,mc4,demo1,1
2026-06-14 17:53:18.740,mc4,demo1,1
2026-06-14 17:58:19.064,mc4,demo1,1
2026-06-14 18:03:18.352,mc4,demo1,1
2026-06-14 18:08:19.061,mc4,demo1,1
2026-06-14 18:13:19.204,mc4,demo1,1
2026-06-14 18:18:18.987,mc4,demo1,1
2026-06-14 18:23:18.254,mc4,demo1,1
2026-06-14 18:28:19.010,mc4,demo1,1
2026-06-14 18:33:18.931,mc4,demo1,1
2026-06-14 18:38:18.817,mc4,demo1,1
2026-06-14 18:43:18.819,mc4,demo1,1
2026-06-14 18:48:18.425,mc4,demo1,1
2026-06-14 18:53:18.791,mc4,demo1,1
2026-06-14 18:58:18.694,mc4,demo1,1
2026-06-14 19:03:19.137,mc4,demo1,1
2026-06-14 19:08:18.880,mc4,demo1,1
2026-06-14 19:13:18.414,mc4,demo1,1
2026-06-14 19:18:18.838,mc4,demo1,1
2026-06-14 19:23:18.644,mc4,demo1,1
2026-06-14 19:28:18.358,mc4,demo1,1
2026-06-14 19:33:18.786,mc4,demo1,1
2026-06-14 19:38:18.487,mc4,demo1,1
2026-06-14 19:43:18.237,mc4,demo1,1
2026-06-14 19:48:18.500,mc4,demo1,1
2026-06-14 19:53:18.286,mc4,demo1,1
2026-06-14 19:58:18.489,mc4,demo1,1
2026-06-14 20:03:18.212,mc4,demo1,1
2026-06-14 20:08:19.070,mc4,demo1,1
2026-06-14 20:13:19.077,mc4,demo1,1
2026-06-14 20:18:18.502,mc4,demo1,1
2026-06-14 20:23:18.435,mc4,demo1,1
2026-06-14 20:28:19.049,mc4,demo1,1
2026-06-14 20:33:18.624,mc4,demo1,1
2026-06-14 20:38:18.659,mc4,demo1,1
2026-06-14 20:43:18.313,mc4,demo1,1
2026-06-14 20:48:18.991,mc4,demo1,1
2026-06-14 20:53:19.074,mc4,demo1,1
2026-06-14 20:58:19.073,mc4,demo1,1
2026-06-14 21:03:18.047,mc4,demo1,1
2026-06-14 21:08:18.996,mc4,demo1,1
2026-06-14 21:13:18.137,mc4,demo1,1
2026-06-14 21:18:18.692,mc4,demo1,1
2026-06-14 21:23:19.335,mc4,demo1,1
2026-06-14 21:28:19.129,mc4,demo1,1
2026-06-14 21:33:18.696,mc4,demo1,1
2026-06-14 21:38:19.007,mc4,demo1,1
2026-06-14 21:43:19.170,mc4,demo1,1
2026-06-14 21:48:18.579,mc4,demo1,1
2026-06-14 21:53:18.665,mc4,demo1,1
2026-06-14 21:58:18.926,mc4,demo1,1
2026-06-14 22:03:19.470,mc4,demo1,1
2026-06-14 22:08:18.582,mc4,demo1,1
2026-06-14 22:13:18.172,mc4,demo1,1
2026-06-14 22:18:18.461,mc4,demo1,1
2026-06-14 22:23:18.525,mc4,demo1,1
2026-06-14 22:28:18.687,mc4,demo1,1
2026-06-14 22:33:19.245,mc4,demo1,1
2026-06-14 22:38:18.529,mc4,demo1,1
2026-06-14 22:43:18.963,mc4,demo1,1
2026-06-14 22:48:18.849,mc4,demo1,1
2026-06-14 22:53:19.436,mc4,demo1,1
2026-06-14 22:58:19.514,mc4,demo1,1
2026-06-14 23:03:18.638,mc4,demo1,1
2026-06-14 23:08:18.798,mc4,demo1,1
2026-06-14 23:13:18.648,mc4,demo1,1
2026-06-14 23:18:18.236,mc4,demo1,1
2026-06-14 23:23:18.690,mc4,demo1,1
2026-06-14 23:28:18.173,mc4,demo1,1
2026-06-14 23:33:18.871,mc4,demo1,1
2026-06-14 23:38:18.479,mc4,demo1,1
2026-06-14 23:43:18.891,mc4,demo1,1
2026-06-14 23:48:18.744,mc4,demo1,1
2026-06-14 23:53:18.344,mc4,demo1,1
2026-06-14 23:58:19.086,mc4,demo1,1
2026-06-15 00:03:18.872,mc4,demo1,1
2026-06-15 00:08:19.290,mc4,demo1,1
2026-06-15 00:13:19.151,mc4,demo1,1
2026-06-15 00:18:18.760,mc4,demo1,1
2026-06-15 00:23:18.358,mc4,demo1,1
2026-06-15 00:28:18.583,mc4,demo1,1
2026-06-15 00:33:18.871,mc4,demo1,1
2026-06-15 00:38:18.550,mc4,demo1,1
2026-06-15 00:43:18.159,mc4,demo1,1
2026-06-15 00:48:18.703,mc4,demo1,1
2026-06-15 00:53:18.854,mc4,demo1,1
2026-06-15 00:58:19.808,mc4,demo1,1
2026-06-15 01:03:18.542,mc4,demo1,1
2026-06-15 01:08:18.922,mc4,demo1,1
2026-06-15 01:13:18.434,mc4,demo1,1
2026-06-15 01:18:18.851,mc4,demo1,1
2026-06-15 01:23:18.364,mc4,demo1,1
2026-06-15 01:28:18.708,mc4,demo1,1
2026-06-15 01:33:18.838,mc4,demo1,1
2026-06-15 01:38:18.328,mc4,demo1,1
2026-06-15 01:43:18.644,mc4,demo1,1
2026-06-15 01:48:18.801,mc4,demo1,1
2026-06-15 01:53:18.690,mc4,demo1,1
2026-06-15 01:58:18.932,mc4,demo1,1
2026-06-15 02:03:19.485,mc4,demo1,1
2026-06-15 02:08:18.970,mc4,demo1,1
2026-06-15 02:13:18.696,mc4,demo1,1
2026-06-15 02:18:18.417,mc4,demo1,1
2026-06-15 02:23:18.842,mc4,demo1,1
2026-06-15 02:28:18.562,mc4,demo1,1
2026-06-15 02:33:18.878,mc4,demo1,1
2026-06-15 02:38:19.109,mc4,demo1,1
2026-06-15 02:43:18.618,mc4,demo1,1
2026-06-15 02:48:18.247,mc4,demo1,1
2026-06-15 02:53:18.754,mc4,demo1,1
2026-06-15 02:58:18.679,mc4,demo1,1
2026-06-15 03:03:18.834,mc4,demo1,1
2026-06-15 03:08:19.688,mc4,demo1,1
2026-06-15 03:13:18.790,mc4,demo1,1
2026-06-15 03:18:19.393,mc4,demo1,1
2026-06-15 03:23:18.484,mc4,demo1,1
2026-06-15 03:28:18.585,mc4,demo1,1
2026-06-15 03:33:18.897,mc4,demo1,1
2026-06-15 03:38:18.893,mc4,demo1,1
2026-06-15 03:43:19.032,mc4,demo1,1
2026-06-15 03:48:18.918,mc4,demo1,1
2026-06-15 03:53:18.543,mc4,demo1,1
2026-06-15 03:58:18.820,mc4,demo1,1
2026-06-15 04:03:18.107,mc4,demo1,1
2026-06-15 04:08:19.003,mc4,demo1,1
2026-06-15 04:13:18.740,mc4,demo1,1
2026-06-15 04:18:18.647,mc4,demo1,1
2026-06-15 04:23:19.291,mc4,demo1,1
2026-06-15 04:28:18.569,mc4,demo1,1
2026-06-15 04:33:18.319,mc4,demo1,1
2026-06-15 04:38:18.968,mc4,demo1,1
2026-06-15 04:43:18.973,mc4,demo1,1
2026-06-15 04:48:18.830,mc4,demo1,1
2026-06-15 04:53:19.029,mc4,demo1,1
2026-06-15 04:58:18.232,mc4,demo1,1
2026-06-15 05:03:18.629,mc4,demo1,1
2026-06-15 05:08:19.222,mc4,demo1,1
2026-06-15 05:13:18.458,mc4,demo1,1
2026-06-15 05:18:18.817,mc4,demo1,1
2026-06-15 05:23:19.159,mc4,demo1,1
2026-06-15 05:28:18.892,mc4,demo1,1
2026-06-15 05:33:18.372,mc4,demo1,1
2026-06-15 05:38:19.205,mc4,demo1,1
2026-06-15 05:43:18.743,mc4,demo1,1
2026-06-15 05:48:18.952,mc4,demo1,1
2026-06-15 05:53:19.041,mc4,demo1,1
2026-06-15 05:58:18.887,mc4,demo1,1
2026-06-15 06:03:19.194,mc4,demo1,1
2026-06-15 06:08:18.952,mc4,demo1,1
2026-06-15 06:13:18.528,mc4,demo1,1
2026-06-15 06:18:18.852,mc4,demo1,1
2026-06-15 06:23:18.458,mc4,demo1,1
2026-06-15 06:28:18.829,mc4,demo1,1
2026-06-15 06:33:18.705,mc4,demo1,1
2026-06-15 06:38:19.175,mc4,demo1,1
2026-06-15 06:43:19.383,mc4,demo1,1
2026-06-15 06:48:19.186,mc4,demo1,1
2026-06-15 06:53:18.665,mc4,demo1,1
2026-06-15 06:58:18.858,mc4,demo1,1
2026-06-15 07:03:18.705,mc4,demo1,1
2026-06-15 07:08:19.521,mc4,demo1,1
2026-06-15 07:13:18.275,mc4,demo1,1
2026-06-15 07:18:19.295,mc4,demo1,1
2026-06-15 07:23:18.563,mc4,demo1,1
2026-06-15 07:28:18.735,mc4,demo1,1
2026-06-15 07:33:18.835,mc4,demo1,1
2026-06-15 07:38:19.182,mc4,demo1,1
2026-06-15 07:43:18.906,mc4,demo1,1
2026-06-15 07:48:19.544,mc4,demo1,1
2026-06-15 07:53:18.698,mc4,demo1,1
2026-06-15 07:58:18.539,mc4,demo1,1
2026-06-15 08:03:18.648,mc4,demo1,1
2026-06-15 08:08:18.698,mc4,demo1,1
2026-06-15 08:13:19.167,mc4,demo1,1
2026-06-15 08:18:19.771,mc4,demo1,1
2026-06-15 08:23:18.765,mc4,demo1,1
2026-06-15 08:28:19.038,mc4,demo1,1
2026-06-15 08:33:18.580,mc4,demo1,1
2026-06-15 08:38:19.069,mc4,demo1,1
2026-06-15 08:43:18.912,mc4,demo1,1
2026-06-15 08:48:18.899,mc4,demo1,1
2026-06-15 08:53:18.902,mc4,demo1,1
2026-06-15 08:58:19.334,mc4,demo1,1
2026-06-15 09:03:19.098,mc4,demo1,1
2026-06-15 09:08:18.584,mc4,demo1,1
2026-06-15 09:13:19.035,mc4,demo1,1
2026-06-15 09:18:18.845,mc4,demo1,1
2026-06-15 09:23:18.814,mc4,demo1,1
2026-06-15 09:28:18.644,mc4,demo1,1
2026-06-15 09:33:18.936,mc4,demo1,1
2026-06-15 09:38:18.461,mc4,demo1,1
2026-06-15 09:43:18.666,mc4,demo1,1
2026-06-15 09:48:18.665,mc4,demo1,1
2026-06-15 09:53:19.011,mc4,demo1,1
2026-06-15 09:58:19.105,mc4,demo1,1
2026-06-15 10:03:18.930,mc4,demo1,1
2026-06-15 10:08:18.125,mc4,demo1,1
2026-06-15 10:13:18.702,mc4,demo1,1
2026-06-15 10:18:19.178,mc4,demo1,1
2026-06-15 10:23:18.331,mc4,demo1,1
2026-06-15 10:28:18.201,mc4,demo1,1
2026-06-15 10:33:18.329,mc4,demo1,1
2026-06-15 10:38:19.062,mc4,demo1,1
2026-06-15 10:43:18.193,mc4,demo1,1
2026-06-15 10:48:18.503,mc4,demo1,1
2026-06-15 10:53:18.372,mc4,demo1,1
2026-06-15 10:58:19.063,mc4,demo1,1
2026-06-15 11:03:18.427,mc4,demo1,1
2026-06-15 11:08:19.035,mc4,demo1,1
2026-06-15 11:13:19.340,mc4,demo1,1
2026-06-15 11:18:18.887,mc4,demo1,1
2026-06-15 11:23:18.256,mc4,demo1,1
2026-06-15 11:28:18.773,mc4,demo1,1
2026-06-15 11:33:19.263,mc4,demo1,1
2026-06-15 11:38:19.174,mc4,demo1,1
2026-06-15 11:43:18.444,mc4,demo1,1
2026-06-15 11:48:19.027,mc4,demo1,1
2026-06-15 11:53:18.376,mc4,demo1,1
2026-06-15 11:58:18.836,mc4,demo1,1
2026-06-15 12:03:18.320,mc4,demo1,1
2026-06-15 12:08:18.816,mc4,demo1,1
2026-06-15 12:13:19.603,mc4,demo1,1
2026-06-15 12:18:18.641,mc4,demo1,1
2026-06-15 12:23:18.349,mc4,demo1,1
2026-06-15 12:28:18.507,mc4,demo1,1
2026-06-15 12:33:18.655,mc4,demo1,1
2026-06-15 12:38:18.695,mc4,demo1,1
2026-06-15 12:43:18.564,mc4,demo1,1
2026-06-15 12:48:18.963,mc4,demo1,1
2026-06-15 12:53:18.376,mc4,demo1,1
2026-06-15 12:58:18.265,mc4,demo1,1
2026-06-15 13:03:19.247,mc4,demo1,1
2026-06-15 13:08:18.761,mc4,demo1,1
2026-06-15 13:13:18.358,mc4,demo1,1
2026-06-15 13:18:18.302,mc4,demo1,1
2026-06-15 13:23:18.756,mc4,demo1,1
2026-06-15 13:28:19.430,mc4,demo1,1
2026-06-15 13:33:18.883,mc4,demo1,1
2026-06-15 13:38:18.602,mc4,demo1,1
2026-06-15 13:43:19.117,mc4,demo1,1
2026-06-15 13:48:18.918,mc4,demo1,1
2026-06-15 13:53:19.140,mc4,demo1,1
2026-06-15 13:58:18.848,mc4,demo1,1
2026-06-15 14:03:18.765,mc4,demo1,1
2026-06-15 14:08:18.699,mc4,demo1,1
2026-06-15 14:13:18.814,mc4,demo1,1
2026-06-15 14:18:18.483,mc4,demo1,1
2026-06-15 14:23:18.119,mc4,demo1,1
2026-06-15 14:28:18.900,mc4,demo1,1
2026-06-15 14:33:18.474,mc4,demo1,1
2026-06-15 14:38:20.199,mc4,demo1,1
2026-06-15 14:43:18.435,mc4,demo1,1
2026-06-15 14:48:18.844,mc4,demo1,1
2026-06-15 14:53:18.198,mc4,demo1,1
2026-06-15 14:58:19.171,mc4,demo1,1
2026-06-15 15:03:18.422,mc4,demo1,1
2026-06-15 15:08:19.127,mc4,demo1,1
2026-06-15 15:13:19.091,mc4,demo1,1
2026-06-15 15:18:18.930,mc4,demo1,1
2026-06-15 15:23:18.936,mc4,demo1,1
2026-06-15 15:28:18.390,mc4,demo1,1
2026-06-15 15:33:18.846,mc4,demo1,1
2026-06-15 15:38:19.889,mc4,demo1,1
2026-06-15 15:43:18.964,mc4,demo1,1
2026-06-15 15:48:18.862,mc4,demo1,1
2026-06-15 15:53:18.951,mc4,demo1,1
2026-06-15 15:58:18.824,mc4,demo1,1
2026-06-15 16:03:18.742,mc4,demo1,1
2026-06-15 16:08:18.689,mc4,demo1,1
2026-06-15 16:13:19.053,mc4,demo1,1
2026-06-15 16:18:18.331,mc4,demo1,1
2026-06-15 16:23:18.873,mc4,demo1,1
2026-06-15 16:28:18.515,mc4,demo1,1
2026-06-15 16:33:18.932,mc4,demo1,1
2026-06-15 16:38:18.929,mc4,demo1,1
2026-06-15 16:43:18.841,mc4,demo1,1
2026-06-15 16:48:19.496,mc4,demo1,1
2026-06-15 16:53:18.516,mc4,demo1,1
2026-06-15 16:58:18.776,mc4,demo1,1
2026-06-15 17:03:18.566,mc4,demo1,1
2026-06-15 17:08:18.351,mc4,demo1,1
2026-06-15 17:13:18.889,mc4,demo1,1
2026-06-15 17:18:18.439,mc4,demo1,1
2026-06-15 17:23:18.920,mc4,demo1,1
2026-06-15 17:28:18.853,mc4,demo1,1
2026-06-15 17:33:18.672,mc4,demo1,1
2026-06-15 17:38:18.923,mc4,demo1,1
2026-06-15 17:43:19.046,mc4,demo1,1
2026-06-15 17:48:18.651,mc4,demo1,1
2026-06-15 17:53:18.818,mc4,demo1,1
2026-06-15 17:58:19.193,mc4,demo1,1
2026-06-15 18:03:18.665,mc4,demo1,1
2026-06-15 18:08:18.933,mc4,demo1,1
2026-06-15 18:13:18.910,mc4,demo1,1
2026-06-15 18:18:18.352,mc4,demo1,1
2026-06-15 18:23:18.406,mc4,demo1,1
2026-06-15 18:28:18.161,mc4,demo1,1
2026-06-15 18:33:18.896,mc4,demo1,1
2026-06-15 18:38:19.323,mc4,demo1,1
2026-06-15 18:43:18.702,mc4,demo1,1
2026-06-15 18:48:18.912,mc4,demo1,1
2026-06-15 18:53:19.102,mc4,demo1,1
2026-06-15 18:58:18.263,mc4,demo1,1
2026-06-15 19:03:18.933,mc4,demo1,1
2026-06-15 19:08:19.823,mc4,demo1,1
2026-06-15 19:13:18.737,mc4,demo1,1
2026-06-15 19:18:18.849,mc4,demo1,1
2026-06-15 19:23:18.312,mc4,demo1,1
2026-06-15 19:28:18.181,mc4,demo1,1
2026-06-15 19:33:18.330,mc4,demo1,1
2026-06-15 19:38:18.960,mc4,demo1,1
2026-06-15 19:43:19.070,mc4,demo1,1
2026-06-15 19:48:18.897,mc4,demo1,1
2026-06-15 19:53:19.034,mc4,demo1,1
2026-06-15 19:58:19.020,mc4,demo1,1
2026-06-15 20:03:18.264,mc4,demo1,1
2026-06-15 20:08:18.879,mc4,demo1,1
2026-06-15 20:13:18.723,mc4,demo1,1
2026-06-15 20:18:19.337,mc4,demo1,1
2026-06-15 20:23:18.210,mc4,demo1,1
2026-06-15 20:28:18.376,mc4,demo1,1
2026-06-15 20:33:18.518,mc4,demo1,1
2026-06-15 20:38:18.425,mc4,demo1,1
2026-06-15 20:43:18.656,mc4,demo1,1
2026-06-15 20:48:18.686,mc4,demo1,1
2026-06-15 20:53:18.167,mc4,demo1,1
2026-06-15 20:58:19.021,mc4,demo1,1
2026-06-15 21:03:18.717,mc4,demo1,1
2026-06-15 21:08:18.301,mc4,demo1,1
2026-06-15 21:13:18.235,mc4,demo1,1
2026-06-15 21:18:19.040,mc4,demo1,1
2026-06-15 21:23:18.610,mc4,demo1,1
2026-06-15 21:28:18.711,mc4,demo1,1
2026-06-15 21:33:18.244,mc4,demo1,1
2026-06-15 21:38:18.596,mc4,demo1,1
2026-06-15 21:43:18.634,mc4,demo1,1
2026-06-15 21:48:18.572,mc4,demo1,1
2026-06-15 21:53:18.175,mc4,demo1,1
2026-06-15 21:58:18.490,mc4,demo1,1
2026-06-15 22:03:19.034,mc4,demo1,1
2026-06-15 22:08:19.075,mc4,demo1,1
2026-06-15 22:13:18.788,mc4,demo1,1
2026-06-15 22:18:18.489,mc4,demo1,1
2026-06-15 22:23:18.767,mc4,demo1,1
2026-06-15 22:28:18.391,mc4,demo1,1
2026-06-15 22:33:18.836,mc4,demo1,1
2026-06-15 22:38:19.320,mc4,demo1,1
2026-06-15 22:43:18.723,mc4,demo1,1
2026-06-15 22:48:18.933,mc4,demo1,1
2026-06-15 22:53:18.480,mc4,demo1,1
2026-06-15 22:58:18.871,mc4,demo1,1
2026-06-15 23:03:18.662,mc4,demo1,1
2026-06-15 23:08:18.332,mc4,demo1,1
2026-06-15 23:13:18.677,mc4,demo1,1
2026-06-15 23:18:18.743,mc4,demo1,1
2026-06-15 23:23:18.525,mc4,demo1,1
2026-06-15 23:28:18.877,mc4,demo1,1
2026-06-15 23:33:18.478,mc4,demo1,1
2026-06-15 23:38:18.364,mc4,demo1,1
2026-06-15 23:43:18.688,mc4,demo1,1
2026-06-15 23:48:18.244,mc4,demo1,1
2026-06-15 23:53:18.341,mc4,demo1,1
2026-06-15 23:58:18.958,mc4,demo1,1
2026-06-16 00:03:19.004,mc4,demo1,1
2026-06-16 00:08:18.707,mc4,demo1,1
2026-06-16 00:13:18.248,mc4,demo1,1
2026-06-16 00:18:18.337,mc4,demo1,1
2026-06-16 00:23:18.880,mc4,demo1,1
2026-06-16 00:28:18.807,mc4,demo1,1
2026-06-16 00:33:19.087,mc4,demo1,1
2026-06-16 00:38:18.958,mc4,demo1,1
2026-06-16 00:43:19.386,mc4,demo1,1
2026-06-16 00:48:18.300,mc4,demo1,1
2026-06-16 00:53:19.107,mc4,demo1,1
2026-06-16 00:58:18.908,mc4,demo1,1
2026-06-16 01:03:18.745,mc4,demo1,1
2026-06-16 01:08:18.977,mc4,demo1,1
2026-06-16 01:13:18.837,mc4,demo1,1
2026-06-16 01:18:18.301,mc4,demo1,1
2026-06-16 01:23:18.755,mc4,demo1,1
2026-06-16 01:28:18.494,mc4,demo1,1
2026-06-16 01:33:18.245,mc4,demo1,1
2026-06-16 01:38:18.502,mc4,demo1,1
2026-06-16 01:43:18.432,mc4,demo1,1
2026-06-16 01:48:19.002,mc4,demo1,1
2026-06-16 01:53:18.950,mc4,demo1,1
2026-06-16 01:58:18.413,mc4,demo1,1
2026-06-16 02:03:20.122,mc4,demo1,1
2026-06-16 02:08:18.563,mc4,demo1,1
2026-06-16 02:13:18.388,mc4,demo1,1
2026-06-16 02:18:18.707,mc4,demo1,1
2026-06-16 02:23:18.403,mc4,demo1,1
2026-06-16 02:28:18.360,mc4,demo1,1
2026-06-16 02:33:18.556,mc4,demo1,1
2026-06-16 02:38:18.953,mc4,demo1,1
2026-06-16 02:43:18.450,mc4,demo1,1
2026-06-16 02:48:18.617,mc4,demo1,1
2026-06-16 02:53:18.228,mc4,demo1,1
2026-06-16 02:58:18.886,mc4,demo1,1
2026-06-16 03:03:18.818,mc4,demo1,1
2026-06-16 03:08:19.217,mc4,demo1,1
2026-06-16 03:13:19.445,mc4,demo1,1
2026-06-16 03:18:18.842,mc4,demo1,1
2026-06-16 03:23:18.767,mc4,demo1,1
2026-06-16 03:28:18.917,mc4,demo1,1
2026-06-16 03:33:18.845,mc4,demo1,1
2026-06-16 03:38:18.726,mc4,demo1,1
2026-06-16 03:43:18.669,mc4,demo1,1
2026-06-16 03:48:19.157,mc4,demo1,1
2026-06-16 03:53:18.739,mc4,demo1,1
2026-06-16 03:58:18.789,mc4,demo1,1
2026-06-16 04:03:18.416,mc4,demo1,1
2026-06-16 04:08:18.707,mc4,demo1,1
2026-06-16 04:13:18.704,mc4,demo1,1
2026-06-16 04:18:18.731,mc4,demo1,1
2026-06-16 04:23:19.421,mc4,demo1,1
2026-06-16 04:28:19.058,mc4,demo1,1
2026-06-16 04:33:18.800,mc4,demo1,1
2026-06-16 04:38:18.487,mc4,demo1,1
2026-06-16 04:43:19.182,mc4,demo1,1
2026-06-16 04:48:18.458,mc4,demo1,1
2026-06-16 04:53:18.784,mc4,demo1,1
2026-06-16 04:58:18.635,mc4,demo1,1
2026-06-16 05:03:18.847,mc4,demo1,1
2026-06-16 05:08:18.884,mc4,demo1,1
2026-06-16 05:13:19.069,mc4,demo1,1
2026-06-16 05:18:19.084,mc4,demo1,1
2026-06-16 05:23:18.629,mc4,demo1,1
2026-06-16 05:28:18.572,mc4,demo1,1
2026-06-16 05:33:19.527,mc4,demo1,1
2026-06-16 05:38:18.977,mc4,demo1,1
2026-06-16 05:43:18.681,mc4,demo1,1
2026-06-16 05:48:18.324,mc4,demo1,1
2026-06-16 05:53:18.302,mc4,demo1,1
2026-06-16 05:58:18.516,mc4,demo1,1
2026-06-16 06:03:19.105,mc4,demo1,1
2026-06-16 06:08:19.489,mc4,demo1,1
2026-06-16 06:13:18.723,mc4,demo1,1
2026-06-16 06:18:18.426,mc4,demo1,1
2026-06-16 06:23:18.145,mc4,demo1,1
2026-06-16 06:28:18.891,mc4,demo1,1
2026-06-16 06:33:18.785,mc4,demo1,1
2026-06-16 06:38:18.741,mc4,demo1,1
2026-06-16 06:43:18.773,mc4,demo1,1
2026-06-16 06:48:18.702,mc4,demo1,1
2026-06-16 06:53:18.934,mc4,demo1,1
2026-06-16 06:58:19.726,mc4,demo1,1
2026-06-16 07:03:18.513,mc4,demo1,1
2026-06-16 07:08:18.969,mc4,demo1,1
2026-06-16 07:13:18.514,mc4,demo1,1
2026-06-16 07:18:18.555,mc4,demo1,1
2026-06-16 07:23:18.384,mc4,demo1,1
2026-06-16 07:28:18.953,mc4,demo1,1
2026-06-16 07:33:19.150,mc4,demo1,1
2026-06-16 07:38:18.847,mc4,demo1,1
2026-06-16 07:43:18.345,mc4,demo1,1
2026-06-16 07:48:18.192,mc4,demo1,1
2026-06-16 07:53:18.825,mc4,demo1,1
2026-06-16 07:58:18.680,mc4,demo1,1
2026-06-16 08:03:18.182,mc4,demo1,1
2026-06-16 08:08:18.602,mc4,demo1,1
2026-06-16 08:13:18.862,mc4,demo1,1
2026-06-16 08:18:18.834,mc4,demo1,1
2026-06-16 08:23:19.006,mc4,demo1,1
2026-06-16 08:28:18.954,mc4,demo1,1
2026-06-16 08:33:19.177,mc4,demo1,1
2026-06-16 08:38:18.825,mc4,demo1,1
2026-06-16 08:43:18.421,mc4,demo1,1
2026-06-16 08:48:18.829,mc4,demo1,1
2026-06-16 08:53:18.313,mc4,demo1,1
2026-06-16 08:58:18.730,mc4,demo1,1
2026-06-16 09:03:18.989,mc4,demo1,1
2026-06-16 09:08:18.267,mc4,demo1,1
2026-06-16 09:13:19.090,mc4,demo1,1
2026-06-16 09:18:18.419,mc4,demo1,1
2026-06-16 09:23:19.140,mc4,demo1,1
2026-06-16 09:28:18.898,mc4,demo1,1
2026-06-16 09:33:18.399,mc4,demo1,1
2026-06-16 09:38:18.309,mc4,demo1,1
2026-06-16 09:43:18.664,mc4,demo1,1
2026-06-16 09:48:18.267,mc4,demo1,1
2026-06-16 09:53:18.372,mc4,demo1,1
2026-06-16 09:58:18.363,mc4,demo1,1
2026-06-16 10:03:18.446,mc4,demo1,1
2026-06-16 10:08:18.470,mc4,demo1,1
2026-06-16 10:13:19.453,mc4,demo1,1
2026-06-16 10:18:19.066,mc4,demo1,1
2026-06-16 10:23:18.327,mc4,demo1,1
2026-06-16 10:28:18.619,mc4,demo1,1
2026-06-16 10:33:18.932,mc4,demo1,1
2026-06-16 10:38:18.507,mc4,demo1,1
2026-06-16 10:43:18.626,mc4,demo1,1
2026-06-16 10:48:18.261,mc4,demo1,1
2026-06-16 10:53:18.871,mc4,demo1,1
2026-06-16 10:58:18.877,mc4,demo1,1
2026-06-16 11:03:19.977,mc4,demo1,1
2026-06-16 11:08:18.658,mc4,demo1,1
2026-06-16 11:13:18.933,mc4,demo1,1
2026-06-16 11:18:18.772,mc4,demo1,1
2026-06-16 11:23:18.899,mc4,demo1,1
2026-06-16 11:28:19.055,mc4,demo1,1
2026-06-16 11:33:18.942,mc4,demo1,1
2026-06-16 11:38:19.529,mc4,demo1,1
2026-06-16 11:43:18.447,mc4,demo1,1
2026-06-16 11:48:18.873,mc4,demo1,1
2026-06-16 11:53:18.482,mc4,demo1,1
2026-06-16 11:58:18.110,mc4,demo1,1
2026-06-16 12:03:18.674,mc4,demo1,1
2026-06-16 12:08:19.254,mc4,demo1,1
2026-06-16 12:13:18.454,mc4,demo1,1
2026-06-16 12:18:18.784,mc4,demo1,1
2026-06-16 12:23:18.992,mc4,demo1,1
2026-06-16 12:28:18.936,mc4,demo1,1
2026-06-16 12:33:19.088,mc4,demo1,1
2026-06-16 12:38:18.370,mc4,demo1,1
2026-06-16 12:43:18.827,mc4,demo1,1
2026-06-16 12:48:19.202,mc4,demo1,1
2026-06-16 12:53:18.957,mc4,demo1,1
2026-06-16 12:58:18.186,mc4,demo1,1
2026-06-16 13:03:18.322,mc4,demo1,1
2026-06-16 13:08:18.236,mc4,demo1,1
2026-06-16 13:13:19.184,mc4,demo1,1
2026-06-16 13:18:18.328,mc4,demo1,1
2026-06-16 13:23:18.599,mc4,demo1,1
2026-06-16 13:28:18.802,mc4,demo1,1
2026-06-16 13:33:18.942,mc4,demo1,1
2026-06-16 13:38:19.306,mc4,demo1,1
2026-06-16 13:43:18.501,mc4,demo1,1
2026-06-16 13:48:19.194,mc4,demo1,1
2026-06-16 13:53:18.417,mc4,demo1,1
2026-06-16 13:58:18.191,mc4,demo1,1
2026-06-16 14:03:18.587,mc4,demo1,1
2026-06-16 14:08:19.295,mc4,demo1,1
2026-06-16 14:13:18.721,mc4,demo1,1
2026-06-16 14:18:18.200,mc4,demo1,1
2026-06-16 14:23:19.626,mc4,demo1,1
2026-06-16 14:28:18.708,mc4,demo1,1
2026-06-16 14:33:18.317,mc4,demo1,1
2026-06-16 14:38:18.961,mc4,demo1,1
2026-06-16 14:43:18.426,mc4,demo1,1
2026-06-16 14:48:18.417,mc4,demo1,1
2026-06-16 14:58:18.680,mc4,demo1,0
2026-06-16 14:58:18.680,mc4,demo1,1
2026-06-16 14:58:18.680,mc4,demo1,1
2026-06-16 15:03:18.518,mc4,demo1,1
2026-06-16 15:03:18.518,mc4,demo1,1
2026-06-16 15:03:18.518,mc4,demo1,1
2026-06-16 15:08:18.889,mc4,demo1,1
2026-06-16 15:08:18.889,mc4,demo1,1
2026-06-16 15:13:19.209,mc4,demo1,1
2026-06-16 15:18:18.226,mc4,demo1,1
2026-06-16 15:23:18.156,mc4,demo1,1
2026-06-16 15:28:18.929,mc4,demo1,1
2026-06-16 15:33:19.070,mc4,demo1,1
2026-06-16 15:38:18.749,mc4,demo1,1
2026-06-16 15:43:19.417,mc4,demo1,1
2026-06-16 15:48:18.927,mc4,demo1,1
2026-06-16 15:53:18.251,mc4,demo1,1
2026-06-16 15:58:18.477,mc4,demo1,1
2026-06-16 16:03:18.304,mc4,demo1,1
2026-06-16 16:08:19.147,mc4,demo1,1
2026-06-16 16:13:19.014,mc4,demo1,1
2026-06-16 16:18:19.268,mc4,demo1,1
2026-06-16 16:23:18.514,mc4,demo1,1
2026-06-16 16:28:18.302,mc4,demo1,1
2026-06-16 16:33:18.854,mc4,demo1,1
2026-06-16 16:38:18.480,mc4,demo1,1
2026-06-16 16:43:18.844,mc4,demo1,1
2026-06-16 16:48:18.905,mc4,demo1,1
2026-06-12 14:18:18.759,mc5,demo1,0
2026-06-12 14:23:19.033,mc5,demo1,1
2026-06-12 14:28:19.228,mc5,demo1,1
2026-06-12 14:33:18.354,mc5,demo1,1
2026-06-12 14:38:18.279,mc5,demo1,1
2026-06-12 14:43:18.366,mc5,demo1,1
2026-06-12 14:48:18.089,mc5,demo1,1
2026-06-12 14:53:18.148,mc5,demo1,1
2026-06-12 14:58:19.206,mc5,demo1,1
2026-06-12 15:03:18.375,mc5,demo1,1
2026-06-12 15:08:18.511,mc5,demo1,1
2026-06-12 15:13:18.819,mc5,demo1,1
2026-06-12 15:18:19.047,mc5,demo1,1
2026-06-12 15:23:18.910,mc5,demo1,1
2026-06-12 15:28:18.152,mc5,demo1,1
2026-06-12 15:33:18.779,mc5,demo1,1
2026-06-12 15:38:19.500,mc5,demo1,1
2026-06-12 15:43:18.801,mc5,demo1,1
2026-06-12 15:48:18.834,mc5,demo1,1
2026-06-12 15:53:18.819,mc5,demo1,1
2026-06-12 15:58:18.894,mc5,demo1,1
2026-06-12 16:03:19.192,mc5,demo1,1
2026-06-12 16:08:19.968,mc5,demo1,1
2026-06-12 16:13:18.577,mc5,demo1,1
2026-06-12 16:18:18.794,mc5,demo1,1
2026-06-12 16:23:18.663,mc5,demo1,1
2026-06-12 16:28:19.109,mc5,demo1,1
2026-06-12 16:33:19.059,mc5,demo1,1
2026-06-12 16:38:18.691,mc5,demo1,1
2026-06-12 16:43:19.069,mc5,demo1,1
2026-06-12 16:48:18.573,mc5,demo1,1
2026-06-12 16:53:18.478,mc5,demo1,1
2026-06-12 16:58:19.146,mc5,demo1,1
2026-06-12 17:03:18.632,mc5,demo1,1
2026-06-12 17:08:18.693,mc5,demo1,1
2026-06-12 17:13:19.650,mc5,demo1,1
2026-06-12 17:18:18.193,mc5,demo1,1
2026-06-12 17:23:18.898,mc5,demo1,1
2026-06-12 17:28:18.453,mc5,demo1,1
2026-06-12 17:33:18.682,mc5,demo1,1
2026-06-12 17:38:18.997,mc5,demo1,1
2026-06-12 17:43:19.142,mc5,demo1,1
2026-06-12 17:48:18.789,mc5,demo1,1
2026-06-12 17:53:18.287,mc5,demo1,1
2026-06-12 17:58:19.370,mc5,demo1,1
2026-06-12 18:03:18.471,mc5,demo1,1
2026-06-12 18:08:18.500,mc5,demo1,1
2026-06-12 18:13:18.242,mc5,demo1,1
2026-06-12 18:18:19.294,mc5,demo1,1
2026-06-12 18:23:19.372,mc5,demo1,1
2026-06-12 18:28:19.542,mc5,demo1,1
2026-06-12 18:33:18.430,mc5,demo1,1
2026-06-12 18:38:19.064,mc5,demo1,1
2026-06-12 18:43:19.438,mc5,demo1,1
2026-06-12 18:48:18.397,mc5,demo1,1
2026-06-12 18:53:18.875,mc5,demo1,1
2026-06-12 18:58:18.219,mc5,demo1,1
2026-06-12 19:03:18.346,mc5,demo1,1
2026-06-12 19:08:18.910,mc5,demo1,1
2026-06-12 19:13:18.640,mc5,demo1,1
2026-06-12 19:18:19.098,mc5,demo1,1
2026-06-12 19:23:18.312,mc5,demo1,1
2026-06-12 19:28:18.828,mc5,demo1,1
2026-06-12 19:33:18.700,mc5,demo1,1
2026-06-12 19:38:18.241,mc5,demo1,1
2026-06-12 19:43:19.213,mc5,demo1,1
2026-06-12 19:48:18.890,mc5,demo1,1
2026-06-12 19:53:18.636,mc5,demo1,1
2026-06-12 19:58:18.911,mc5,demo1,1
2026-06-12 20:03:19.388,mc5,demo1,1
2026-06-12 20:08:18.894,mc5,demo1,1
2026-06-12 20:13:18.472,mc5,demo1,1
2026-06-12 20:18:19.056,mc5,demo1,1
2026-06-12 20:23:18.274,mc5,demo1,1
2026-06-12 20:28:18.236,mc5,demo1,1
2026-06-12 20:33:18.840,mc5,demo1,1
2026-06-12 20:38:18.226,mc5,demo1,1
2026-06-12 20:43:18.192,mc5,demo1,1
2026-06-12 20:48:18.651,mc5,demo1,1
2026-06-12 20:53:20.901,mc5,demo1,1
2026-06-12 20:58:18.825,mc5,demo1,1
2026-06-12 21:03:19.082,mc5,demo1,1
2026-06-12 21:08:18.259,mc5,demo1,1
2026-06-12 21:13:18.534,mc5,demo1,1
2026-06-12 21:18:18.603,mc5,demo1,1
2026-06-12 21:23:18.157,mc5,demo1,1
2026-06-12 21:28:18.867,mc5,demo1,1
2026-06-12 21:33:18.273,mc5,demo1,1
2026-06-12 21:38:18.895,mc5,demo1,1
2026-06-12 21:43:18.905,mc5,demo1,1
2026-06-12 21:48:18.876,mc5,demo1,1
2026-06-12 21:53:18.877,mc5,demo1,1
2026-06-12 21:58:18.723,mc5,demo1,1
2026-06-12 22:03:19.172,mc5,demo1,1
2026-06-12 22:08:19.248,mc5,demo1,1
2026-06-12 22:13:18.955,mc5,demo1,1
2026-06-12 22:18:18.515,mc5,demo1,1
2026-06-12 22:23:18.631,mc5,demo1,1
2026-06-12 22:28:19.044,mc5,demo1,1
2026-06-12 22:33:18.824,mc5,demo1,1
2026-06-12 22:38:18.554,mc5,demo1,1
2026-06-12 22:43:18.375,mc5,demo1,1
2026-06-12 22:48:18.946,mc5,demo1,1
2026-06-12 22:53:18.487,mc5,demo1,1
2026-06-12 22:58:19.669,mc5,demo1,1
2026-06-12 23:03:18.230,mc5,demo1,1
2026-06-12 23:08:18.944,mc5,demo1,1
2026-06-12 23:13:19.110,mc5,demo1,1
2026-06-12 23:18:19.032,mc5,demo1,1
2026-06-12 23:23:19.061,mc5,demo1,1
2026-06-12 23:28:18.295,mc5,demo1,1
2026-06-12 23:33:19.194,mc5,demo1,1
2026-06-12 23:38:18.511,mc5,demo1,1
2026-06-12 23:43:18.299,mc5,demo1,1
2026-06-12 23:48:18.735,mc5,demo1,1
2026-06-12 23:53:18.534,mc5,demo1,1
2026-06-12 23:58:18.386,mc5,demo1,1
2026-06-13 00:03:18.814,mc5,demo1,1
2026-06-13 00:08:18.748,mc5,demo1,1
2026-06-13 00:13:19.015,mc5,demo1,1
2026-06-13 00:18:18.890,mc5,demo1,1
2026-06-13 00:23:18.805,mc5,demo1,1
2026-06-13 00:28:18.807,mc5,demo1,1
2026-06-13 00:33:18.937,mc5,demo1,1
2026-06-13 00:38:18.760,mc5,demo1,1
2026-06-13 00:43:19.064,mc5,demo1,1
2026-06-13 00:48:18.838,mc5,demo1,1
2026-06-13 00:53:19.230,mc5,demo1,1
2026-06-13 00:58:18.241,mc5,demo1,1
2026-06-13 01:03:18.815,mc5,demo1,1
2026-06-13 01:08:18.476,mc5,demo1,1
2026-06-13 01:13:19.021,mc5,demo1,1
2026-06-13 01:18:19.111,mc5,demo1,1
2026-06-13 01:23:18.420,mc5,demo1,1
2026-06-13 01:28:18.860,mc5,demo1,1
2026-06-13 01:33:18.357,mc5,demo1,1
2026-06-13 01:38:18.325,mc5,demo1,1
2026-06-13 01:43:18.320,mc5,demo1,1
2026-06-13 01:48:18.217,mc5,demo1,1
2026-06-13 01:53:18.784,mc5,demo1,1
2026-06-13 01:58:18.282,mc5,demo1,1
2026-06-13 02:03:19.037,mc5,demo1,1
2026-06-13 02:08:18.310,mc5,demo1,1
2026-06-13 02:13:18.800,mc5,demo1,1
2026-06-13 02:18:19.004,mc5,demo1,1
2026-06-13 02:23:18.749,mc5,demo1,1
2026-06-13 02:28:18.269,mc5,demo1,1
2026-06-13 02:33:19.232,mc5,demo1,1
2026-06-13 02:38:18.557,mc5,demo1,1
2026-06-13 02:43:18.812,mc5,demo1,1
2026-06-13 02:48:18.423,mc5,demo1,1
2026-06-13 02:53:18.560,mc5,demo1,1
2026-06-13 02:58:19.187,mc5,demo1,1
2026-06-13 03:03:18.892,mc5,demo1,1
2026-06-13 03:08:19.274,mc5,demo1,1
2026-06-13 03:13:18.800,mc5,demo1,1
2026-06-13 03:18:19.408,mc5,demo1,1
2026-06-13 03:23:18.448,mc5,demo1,1
2026-06-13 03:28:18.427,mc5,demo1,1
2026-06-13 03:33:18.823,mc5,demo1,1
2026-06-13 03:38:19.012,mc5,demo1,1
2026-06-13 03:43:19.152,mc5,demo1,1
2026-06-13 03:48:19.094,mc5,demo1,1
2026-06-13 03:53:18.472,mc5,demo1,1
2026-06-13 03:58:18.187,mc5,demo1,1
2026-06-13 04:03:18.608,mc5,demo1,1
2026-06-13 04:08:18.841,mc5,demo1,1
2026-06-13 04:13:18.375,mc5,demo1,1
2026-06-13 04:18:18.426,mc5,demo1,1
2026-06-13 04:23:18.602,mc5,demo1,1
2026-06-13 04:28:19.184,mc5,demo1,1
2026-06-13 04:33:18.938,mc5,demo1,1
2026-06-13 04:38:19.279,mc5,demo1,1
2026-06-13 04:43:19.596,mc5,demo1,1
2026-06-13 04:48:18.365,mc5,demo1,1
2026-06-13 04:53:18.386,mc5,demo1,1
2026-06-13 04:58:18.934,mc5,demo1,1
2026-06-13 05:03:18.304,mc5,demo1,1
2026-06-13 05:08:18.954,mc5,demo1,1
2026-06-13 05:13:19.003,mc5,demo1,1
2026-06-13 05:18:18.934,mc5,demo1,1
2026-06-13 05:23:19.009,mc5,demo1,1
2026-06-13 05:28:18.682,mc5,demo1,1
2026-06-13 05:33:18.819,mc5,demo1,1
2026-06-13 05:38:18.465,mc5,demo1,1
2026-06-13 05:43:18.897,mc5,demo1,1
2026-06-13 05:48:18.612,mc5,demo1,1
2026-06-13 05:53:20.315,mc5,demo1,1
2026-06-13 05:58:18.668,mc5,demo1,1
2026-06-13 06:03:18.659,mc5,demo1,1
2026-06-13 06:08:19.076,mc5,demo1,1
2026-06-13 06:13:18.540,mc5,demo1,1
2026-06-13 06:18:18.501,mc5,demo1,1
2026-06-13 06:23:18.818,mc5,demo1,1
2026-06-13 06:28:18.711,mc5,demo1,1
2026-06-13 06:33:18.869,mc5,demo1,1
2026-06-13 06:38:18.770,mc5,demo1,1
2026-06-13 06:43:19.641,mc5,demo1,1
2026-06-13 06:48:18.658,mc5,demo1,1
2026-06-13 06:53:18.279,mc5,demo1,1
2026-06-13 06:58:19.003,mc5,demo1,1
2026-06-13 07:03:19.930,mc5,demo1,1
2026-06-13 07:08:18.323,mc5,demo1,1
2026-06-13 07:13:18.466,mc5,demo1,1
2026-06-13 07:18:19.071,mc5,demo1,1
2026-06-13 07:23:18.745,mc5,demo1,1
2026-06-13 07:28:18.970,mc5,demo1,1
2026-06-13 07:33:18.576,mc5,demo1,1
2026-06-13 07:38:18.619,mc5,demo1,1
2026-06-13 07:43:18.871,mc5,demo1,1
2026-06-13 07:48:18.312,mc5,demo1,1
2026-06-13 07:53:18.393,mc5,demo1,1
2026-06-13 07:58:18.787,mc5,demo1,1
2026-06-13 08:03:18.447,mc5,demo1,1
2026-06-13 08:08:18.843,mc5,demo1,1
2026-06-13 08:13:18.367,mc5,demo1,1
2026-06-13 08:18:20.402,mc5,demo1,1
2026-06-13 08:23:18.373,mc5,demo1,1
2026-06-13 08:28:18.515,mc5,demo1,1
2026-06-13 08:33:18.765,mc5,demo1,1
2026-06-13 08:38:18.800,mc5,demo1,1
2026-06-13 08:43:18.613,mc5,demo1,1
2026-06-13 08:48:19.270,mc5,demo1,1
2026-06-13 08:53:18.976,mc5,demo1,1
2026-06-13 08:58:19.099,mc5,demo1,1
2026-06-13 09:03:18.367,mc5,demo1,1
2026-06-13 09:08:18.944,mc5,demo1,1
2026-06-13 09:13:18.575,mc5,demo1,1
2026-06-13 09:18:18.072,mc5,demo1,1
2026-06-13 09:23:19.044,mc5,demo1,1
2026-06-13 09:28:19.819,mc5,demo1,1
2026-06-13 09:33:18.944,mc5,demo1,1
2026-06-13 09:38:18.413,mc5,demo1,1
2026-06-13 09:43:18.878,mc5,demo1,1
2026-06-13 09:48:19.551,mc5,demo1,1
2026-06-13 09:53:18.952,mc5,demo1,1
2026-06-13 09:58:18.905,mc5,demo1,1
2026-06-13 10:03:19.074,mc5,demo1,1
2026-06-13 10:08:18.458,mc5,demo1,1
2026-06-13 10:13:18.848,mc5,demo1,1
2026-06-13 10:18:19.449,mc5,demo1,1
2026-06-13 10:23:18.915,mc5,demo1,1
2026-06-13 10:28:19.463,mc5,demo1,1
2026-06-13 10:33:20.421,mc5,demo1,1
2026-06-13 10:38:18.652,mc5,demo1,1
2026-06-13 10:43:18.735,mc5,demo1,1
2026-06-13 10:48:19.826,mc5,demo1,1
2026-06-13 10:53:18.322,mc5,demo1,1
2026-06-13 10:58:18.924,mc5,demo1,1
2026-06-13 11:03:18.800,mc5,demo1,1
2026-06-13 11:08:18.670,mc5,demo1,1
2026-06-13 11:13:19.253,mc5,demo1,1
2026-06-13 11:18:18.810,mc5,demo1,1
2026-06-13 11:23:18.775,mc5,demo1,1
2026-06-13 11:28:18.912,mc5,demo1,1
2026-06-13 11:33:18.710,mc5,demo1,1
2026-06-13 11:38:18.606,mc5,demo1,1
2026-06-13 11:43:18.126,mc5,demo1,1
2026-06-13 11:48:18.186,mc5,demo1,1
2026-06-13 11:53:19.506,mc5,demo1,1
2026-06-13 11:58:19.044,mc5,demo1,1
2026-06-13 12:03:18.972,mc5,demo1,1
2026-06-13 12:08:18.899,mc5,demo1,1
2026-06-13 12:13:18.917,mc5,demo1,1
2026-06-13 12:18:19.493,mc5,demo1,1
2026-06-13 12:23:19.158,mc5,demo1,1
2026-06-13 12:28:18.581,mc5,demo1,1
2026-06-13 12:33:19.023,mc5,demo1,1
2026-06-13 12:38:19.126,mc5,demo1,1
2026-06-13 12:43:18.925,mc5,demo1,1
2026-06-13 12:48:18.555,mc5,demo1,1
2026-06-13 12:53:19.693,mc5,demo1,1
2026-06-13 12:58:18.899,mc5,demo1,1
2026-06-13 13:03:18.688,mc5,demo1,1
2026-06-13 13:08:18.918,mc5,demo1,1
2026-06-13 13:13:18.726,mc5,demo1,1
2026-06-13 13:18:18.032,mc5,demo1,1
2026-06-13 13:23:18.610,mc5,demo1,1
2026-06-13 13:28:18.151,mc5,demo1,1
2026-06-13 13:33:18.222,mc5,demo1,1
2026-06-13 13:38:18.884,mc5,demo1,1
2026-06-13 13:43:18.473,mc5,demo1,1
2026-06-13 13:48:19.388,mc5,demo1,1
2026-06-13 13:53:19.150,mc5,demo1,1
2026-06-13 13:58:18.742,mc5,demo1,1
2026-06-13 14:03:19.528,mc5,demo1,1
2026-06-13 14:08:18.806,mc5,demo1,1
2026-06-13 14:13:18.463,mc5,demo1,1
2026-06-13 14:18:18.431,mc5,demo1,1
2026-06-13 14:23:18.986,mc5,demo1,1
2026-06-13 14:28:19.098,mc5,demo1,1
2026-06-13 14:33:19.644,mc5,demo1,1
2026-06-13 14:38:18.745,mc5,demo1,1
2026-06-13 14:43:19.108,mc5,demo1,1
2026-06-13 14:48:18.764,mc5,demo1,1
2026-06-13 14:53:18.532,mc5,demo1,1
2026-06-13 14:58:19.445,mc5,demo1,1
2026-06-13 15:03:18.474,mc5,demo1,1
2026-06-13 15:08:19.109,mc5,demo1,1
2026-06-13 15:13:18.750,mc5,demo1,1
2026-06-13 15:18:18.406,mc5,demo1,1
2026-06-13 15:23:18.702,mc5,demo1,1
2026-06-13 15:28:18.545,mc5,demo1,1
2026-06-13 15:33:18.383,mc5,demo1,1
2026-06-13 15:38:19.091,mc5,demo1,1
2026-06-13 15:43:18.543,mc5,demo1,1
2026-06-13 15:48:19.008,mc5,demo1,1
2026-06-13 15:53:18.984,mc5,demo1,1
2026-06-13 15:58:19.027,mc5,demo1,1
2026-06-13 16:03:19.171,mc5,demo1,1
2026-06-13 16:08:19.351,mc5,demo1,1
2026-06-13 16:13:18.908,mc5,demo1,1
2026-06-13 16:18:19.006,mc5,demo1,1
2026-06-13 16:23:19.307,mc5,demo1,1
2026-06-13 16:28:18.832,mc5,demo1,1
2026-06-13 16:33:18.870,mc5,demo1,1
2026-06-13 16:38:19.153,mc5,demo1,1
2026-06-13 16:43:18.317,mc5,demo1,1
2026-06-13 16:48:18.798,mc5,demo1,1
2026-06-13 16:53:18.325,mc5,demo1,1
2026-06-13 16:58:19.060,mc5,demo1,1
2026-06-13 17:03:18.531,mc5,demo1,1
2026-06-13 17:08:19.088,mc5,demo1,1
2026-06-13 17:13:18.626,mc5,demo1,1
2026-06-13 17:18:18.714,mc5,demo1,1
2026-06-13 17:23:18.854,mc5,demo1,1
2026-06-13 17:28:19.798,mc5,demo1,1
2026-06-13 17:33:18.956,mc5,demo1,1
2026-06-13 17:38:19.054,mc5,demo1,1
2026-06-13 17:43:19.373,mc5,demo1,1
2026-06-13 17:48:18.976,mc5,demo1,1
2026-06-13 17:53:18.731,mc5,demo1,1
2026-06-13 17:58:19.452,mc5,demo1,1
2026-06-13 18:03:19.155,mc5,demo1,1
2026-06-13 18:08:19.253,mc5,demo1,1
2026-06-13 18:13:18.579,mc5,demo1,1
2026-06-13 18:18:18.381,mc5,demo1,1
2026-06-13 18:23:19.199,mc5,demo1,1
2026-06-13 18:28:18.990,mc5,demo1,1
2026-06-13 18:33:19.051,mc5,demo1,1
2026-06-13 18:38:18.942,mc5,demo1,1
2026-06-13 18:43:18.740,mc5,demo1,1
2026-06-13 18:48:19.532,mc5,demo1,1
2026-06-13 18:53:18.481,mc5,demo1,1
2026-06-13 18:58:18.630,mc5,demo1,1
2026-06-13 19:03:18.801,mc5,demo1,1
2026-06-13 19:08:19.256,mc5,demo1,1
2026-06-13 19:13:18.879,mc5,demo1,1
2026-06-13 19:18:18.714,mc5,demo1,1
2026-06-13 19:23:19.020,mc5,demo1,1
2026-06-13 19:28:18.638,mc5,demo1,1
2026-06-13 19:33:19.455,mc5,demo1,1
2026-06-13 19:38:19.079,mc5,demo1,1
2026-06-13 19:43:19.461,mc5,demo1,1
2026-06-13 19:48:19.557,mc5,demo1,1
2026-06-13 19:53:19.311,mc5,demo1,1
2026-06-13 19:58:19.218,mc5,demo1,1
2026-06-13 20:03:18.534,mc5,demo1,1
2026-06-13 20:08:19.208,mc5,demo1,1
2026-06-13 20:13:19.535,mc5,demo1,1
2026-06-13 20:18:18.780,mc5,demo1,1
2026-06-13 20:23:18.882,mc5,demo1,1
2026-06-13 20:28:18.688,mc5,demo1,1
2026-06-13 20:33:18.953,mc5,demo1,1
2026-06-13 20:38:20.510,mc5,demo1,1
2026-06-13 20:43:18.871,mc5,demo1,1
2026-06-13 20:48:18.888,mc5,demo1,1
2026-06-13 20:53:18.809,mc5,demo1,1
2026-06-13 20:58:19.092,mc5,demo1,1
2026-06-13 21:03:18.384,mc5,demo1,1
2026-06-13 21:08:18.566,mc5,demo1,1
2026-06-13 21:13:19.396,mc5,demo1,1
2026-06-13 21:18:18.710,mc5,demo1,1
2026-06-13 21:23:18.989,mc5,demo1,1
2026-06-13 21:28:19.203,mc5,demo1,1
2026-06-13 21:33:19.224,mc5,demo1,1
2026-06-13 21:38:18.827,mc5,demo1,1
2026-06-13 21:43:20.399,mc5,demo1,1
2026-06-13 21:48:18.749,mc5,demo1,1
2026-06-13 21:53:19.074,mc5,demo1,1
2026-06-13 21:58:18.538,mc5,demo1,1
2026-06-13 22:03:18.612,mc5,demo1,1
2026-06-13 22:08:18.896,mc5,demo1,1
2026-06-13 22:13:18.327,mc5,demo1,1
2026-06-13 22:18:18.643,mc5,demo1,1
2026-06-13 22:23:18.871,mc5,demo1,1
2026-06-13 22:28:18.817,mc5,demo1,1
2026-06-13 22:33:18.151,mc5,demo1,1
2026-06-13 22:38:18.870,mc5,demo1,1
2026-06-13 22:43:18.903,mc5,demo1,1
2026-06-13 22:48:18.915,mc5,demo1,1
2026-06-13 22:53:19.001,mc5,demo1,1
2026-06-13 22:58:18.175,mc5,demo1,1
2026-06-13 23:03:18.642,mc5,demo1,1
2026-06-13 23:08:18.483,mc5,demo1,1
2026-06-13 23:13:19.060,mc5,demo1,1
2026-06-13 23:18:19.510,mc5,demo1,1
2026-06-13 23:23:18.869,mc5,demo1,1
2026-06-13 23:28:18.701,mc5,demo1,1
2026-06-13 23:33:18.932,mc5,demo1,1
2026-06-13 23:38:19.599,mc5,demo1,1
2026-06-13 23:43:18.623,mc5,demo1,1
2026-06-13 23:48:18.787,mc5,demo1,1
2026-06-13 23:53:18.610,mc5,demo1,1
2026-06-13 23:58:18.717,mc5,demo1,1
2026-06-14 00:03:18.769,mc5,demo1,1
2026-06-14 00:08:19.197,mc5,demo1,1
2026-06-14 00:13:19.043,mc5,demo1,1
2026-06-14 00:18:19.078,mc5,demo1,1
2026-06-14 00:23:18.931,mc5,demo1,1
2026-06-14 00:28:19.289,mc5,demo1,1
2026-06-14 00:33:18.794,mc5,demo1,1
2026-06-14 00:38:18.541,mc5,demo1,1
2026-06-14 00:43:18.935,mc5,demo1,1
2026-06-14 00:48:18.292,mc5,demo1,1
2026-06-14 00:53:18.008,mc5,demo1,1
2026-06-14 00:58:18.947,mc5,demo1,1
2026-06-14 01:03:18.576,mc5,demo1,1
2026-06-14 01:08:18.491,mc5,demo1,1
2026-06-14 01:13:18.981,mc5,demo1,1
2026-06-14 01:18:19.236,mc5,demo1,1
2026-06-14 01:23:19.043,mc5,demo1,1
2026-06-14 01:28:18.269,mc5,demo1,1
2026-06-14 01:33:19.101,mc5,demo1,1
2026-06-14 01:38:18.273,mc5,demo1,1
2026-06-14 01:43:18.352,mc5,demo1,1
2026-06-14 01:48:18.304,mc5,demo1,1
2026-06-14 01:53:18.832,mc5,demo1,1
2026-06-14 01:58:18.722,mc5,demo1,1
2026-06-14 02:03:18.647,mc5,demo1,1
2026-06-14 02:08:19.121,mc5,demo1,1
2026-06-14 02:13:18.339,mc5,demo1,1
2026-06-14 02:18:19.070,mc5,demo1,1
2026-06-14 02:23:19.179,mc5,demo1,1
2026-06-14 02:28:18.589,mc5,demo1,1
2026-06-14 02:33:18.716,mc5,demo1,1
2026-06-14 02:38:18.485,mc5,demo1,1
2026-06-14 02:43:18.624,mc5,demo1,1
2026-06-14 02:48:18.454,mc5,demo1,1
2026-06-14 02:53:18.396,mc5,demo1,1
2026-06-14 02:58:18.708,mc5,demo1,1
2026-06-14 03:03:18.364,mc5,demo1,1
2026-06-14 03:08:18.617,mc5,demo1,1
2026-06-14 03:13:18.105,mc5,demo1,1
2026-06-14 03:18:18.262,mc5,demo1,1
2026-06-14 03:23:19.138,mc5,demo1,1
2026-06-14 03:28:18.757,mc5,demo1,1
2026-06-14 03:33:18.446,mc5,demo1,1
2026-06-14 03:38:18.973,mc5,demo1,1
2026-06-14 03:43:18.723,mc5,demo1,1
2026-06-14 03:48:19.135,mc5,demo1,1
2026-06-14 03:53:18.249,mc5,demo1,1
2026-06-14 03:58:18.480,mc5,demo1,1
2026-06-14 04:03:18.941,mc5,demo1,1
2026-06-14 04:08:18.641,mc5,demo1,1
2026-06-14 04:13:18.691,mc5,demo1,1
2026-06-14 04:18:18.627,mc5,demo1,1
2026-06-14 04:23:18.413,mc5,demo1,1
2026-06-14 04:28:18.364,mc5,demo1,1
2026-06-14 04:33:18.732,mc5,demo1,1
2026-06-14 04:38:18.650,mc5,demo1,1
2026-06-14 04:43:19.149,mc5,demo1,1
2026-06-14 04:48:19.145,mc5,demo1,1
2026-06-14 04:53:18.566,mc5,demo1,1
2026-06-14 04:58:18.266,mc5,demo1,1
2026-06-14 05:03:18.023,mc5,demo1,1
2026-06-14 05:08:18.263,mc5,demo1,1
2026-06-14 05:13:18.653,mc5,demo1,1
2026-06-14 05:18:18.860,mc5,demo1,1
2026-06-14 05:23:18.718,mc5,demo1,1
2026-06-14 05:28:19.292,mc5,demo1,1
2026-06-14 05:33:18.419,mc5,demo1,1
2026-06-14 05:38:19.663,mc5,demo1,1
2026-06-14 05:43:18.388,mc5,demo1,1
2026-06-14 05:48:18.861,mc5,demo1,1
2026-06-14 05:53:18.668,mc5,demo1,1
2026-06-14 05:58:18.457,mc5,demo1,1
2026-06-14 06:03:18.689,mc5,demo1,1
2026-06-14 06:08:18.917,mc5,demo1,1
2026-06-14 06:13:18.780,mc5,demo1,1
2026-06-14 06:18:18.133,mc5,demo1,1
2026-06-14 06:23:18.336,mc5,demo1,1
2026-06-14 06:28:19.003,mc5,demo1,1
2026-06-14 06:33:18.289,mc5,demo1,1
2026-06-14 06:38:19.018,mc5,demo1,1
2026-06-14 06:43:18.706,mc5,demo1,1
2026-06-14 06:48:18.700,mc5,demo1,1
2026-06-14 06:53:19.084,mc5,demo1,1
2026-06-14 06:58:18.768,mc5,demo1,1
2026-06-14 07:03:18.390,mc5,demo1,1
2026-06-14 07:08:19.028,mc5,demo1,1
2026-06-14 07:13:18.703,mc5,demo1,1
2026-06-14 07:18:18.235,mc5,demo1,1
2026-06-14 07:23:18.512,mc5,demo1,1
2026-06-14 07:28:18.863,mc5,demo1,1
2026-06-14 07:33:18.195,mc5,demo1,1
2026-06-14 07:38:18.540,mc5,demo1,1
2026-06-14 07:43:18.959,mc5,demo1,1
2026-06-14 07:48:18.764,mc5,demo1,1
2026-06-14 07:53:18.362,mc5,demo1,1
2026-06-14 07:58:18.961,mc5,demo1,1
2026-06-14 08:03:18.616,mc5,demo1,1
2026-06-14 08:08:18.473,mc5,demo1,1
2026-06-14 08:13:18.812,mc5,demo1,1
2026-06-14 08:18:18.854,mc5,demo1,1
2026-06-14 08:23:18.610,mc5,demo1,1
2026-06-14 08:28:18.343,mc5,demo1,1
2026-06-14 08:33:18.665,mc5,demo1,1
2026-06-14 08:38:19.199,mc5,demo1,1
2026-06-14 08:43:18.812,mc5,demo1,1
2026-06-14 08:48:18.139,mc5,demo1,1
2026-06-14 08:53:18.364,mc5,demo1,1
2026-06-14 08:58:19.002,mc5,demo1,1
2026-06-14 09:03:18.681,mc5,demo1,1
2026-06-14 09:08:19.175,mc5,demo1,1
2026-06-14 09:13:19.426,mc5,demo1,1
2026-06-14 09:18:18.215,mc5,demo1,1
2026-06-14 09:23:18.722,mc5,demo1,1
2026-06-14 09:28:18.899,mc5,demo1,1
2026-06-14 09:33:18.980,mc5,demo1,1
2026-06-14 09:38:18.250,mc5,demo1,1
2026-06-14 09:43:19.243,mc5,demo1,1
2026-06-14 09:48:19.273,mc5,demo1,1
2026-06-14 09:53:18.908,mc5,demo1,1
2026-06-14 09:58:18.453,mc5,demo1,1
2026-06-14 10:03:18.591,mc5,demo1,1
2026-06-14 10:08:18.237,mc5,demo1,1
2026-06-14 10:13:18.905,mc5,demo1,1
2026-06-14 10:18:19.448,mc5,demo1,1
2026-06-14 10:23:18.930,mc5,demo1,1
2026-06-14 10:28:18.904,mc5,demo1,1
2026-06-14 10:33:18.634,mc5,demo1,1
2026-06-14 10:38:18.265,mc5,demo1,1
2026-06-14 10:43:18.759,mc5,demo1,1
2026-06-14 10:48:19.289,mc5,demo1,1
2026-06-14 10:53:18.255,mc5,demo1,1
2026-06-14 10:58:18.933,mc5,demo1,1
2026-06-14 11:03:18.648,mc5,demo1,1
2026-06-14 11:08:18.764,mc5,demo1,1
2026-06-14 11:13:18.645,mc5,demo1,1
2026-06-14 11:18:18.919,mc5,demo1,1
2026-06-14 11:23:19.107,mc5,demo1,1
2026-06-14 11:28:19.440,mc5,demo1,1
2026-06-14 11:33:19.072,mc5,demo1,1
2026-06-14 11:38:18.273,mc5,demo1,1
2026-06-14 11:43:18.336,mc5,demo1,1
2026-06-14 11:48:18.674,mc5,demo1,1
2026-06-14 11:53:18.519,mc5,demo1,1
2026-06-14 11:58:19.019,mc5,demo1,1
2026-06-14 12:03:18.607,mc5,demo1,1
2026-06-14 12:08:19.641,mc5,demo1,1
2026-06-14 12:13:18.685,mc5,demo1,1
2026-06-14 12:18:18.748,mc5,demo1,1
2026-06-14 12:23:18.582,mc5,demo1,1
2026-06-14 12:28:18.486,mc5,demo1,1
2026-06-14 12:33:18.699,mc5,demo1,1
2026-06-14 12:38:18.804,mc5,demo1,1
2026-06-14 12:43:18.850,mc5,demo1,1
2026-06-14 12:48:18.131,mc5,demo1,1
2026-06-14 12:53:18.312,mc5,demo1,1
2026-06-14 12:58:18.772,mc5,demo1,1
2026-06-14 13:03:18.421,mc5,demo1,1
2026-06-14 13:08:18.760,mc5,demo1,1
2026-06-14 13:13:18.779,mc5,demo1,1
2026-06-14 13:18:18.854,mc5,demo1,1
2026-06-14 13:23:18.689,mc5,demo1,1
2026-06-14 13:28:18.712,mc5,demo1,1
2026-06-14 13:33:18.826,mc5,demo1,1
2026-06-14 13:38:18.231,mc5,demo1,1
2026-06-14 13:43:19.934,mc5,demo1,1
2026-06-14 13:48:18.919,mc5,demo1,1
2026-06-14 13:53:18.933,mc5,demo1,1
2026-06-14 13:58:19.426,mc5,demo1,1
2026-06-14 14:03:18.592,mc5,demo1,1
2026-06-14 14:08:18.921,mc5,demo1,1
2026-06-14 14:13:19.384,mc5,demo1,1
2026-06-14 14:18:18.402,mc5,demo1,1
2026-06-14 14:23:18.371,mc5,demo1,1
2026-06-14 14:28:19.008,mc5,demo1,1
2026-06-14 14:33:18.478,mc5,demo1,1
2026-06-14 14:38:18.905,mc5,demo1,1
2026-06-14 14:43:18.936,mc5,demo1,1
2026-06-14 14:48:18.980,mc5,demo1,1
2026-06-14 14:53:18.941,mc5,demo1,1
2026-06-14 14:58:18.768,mc5,demo1,1
2026-06-14 15:03:18.901,mc5,demo1,1
2026-06-14 15:08:19.319,mc5,demo1,1
2026-06-14 15:13:18.932,mc5,demo1,1
2026-06-14 15:18:18.355,mc5,demo1,1
2026-06-14 15:23:18.417,mc5,demo1,1
2026-06-14 15:28:18.936,mc5,demo1,1
2026-06-14 15:33:18.502,mc5,demo1,1
2026-06-14 15:38:18.883,mc5,demo1,1
2026-06-14 15:43:19.037,mc5,demo1,1
2026-06-14 15:48:18.664,mc5,demo1,1
2026-06-14 15:53:19.401,mc5,demo1,1
2026-06-14 15:58:18.703,mc5,demo1,1
2026-06-14 16:03:19.024,mc5,demo1,1
2026-06-14 16:08:19.078,mc5,demo1,1
2026-06-14 16:13:18.852,mc5,demo1,1
2026-06-14 16:18:19.140,mc5,demo1,1
2026-06-14 16:23:18.926,mc5,demo1,1
2026-06-14 16:28:18.693,mc5,demo1,1
2026-06-14 16:33:19.063,mc5,demo1,1
2026-06-14 16:38:18.138,mc5,demo1,1
2026-06-14 16:43:18.785,mc5,demo1,1
2026-06-14 16:48:18.581,mc5,demo1,1
2026-06-14 16:53:18.776,mc5,demo1,1
2026-06-14 16:58:18.716,mc5,demo1,1
2026-06-14 17:03:18.744,mc5,demo1,1
2026-06-14 17:08:18.614,mc5,demo1,1
2026-06-14 17:13:18.696,mc5,demo1,1
2026-06-14 17:18:18.762,mc5,demo1,1
2026-06-14 17:23:18.212,mc5,demo1,1
2026-06-14 17:28:18.771,mc5,demo1,1
2026-06-14 17:33:19.082,mc5,demo1,1
2026-06-14 17:38:18.661,mc5,demo1,1
2026-06-14 17:43:18.228,mc5,demo1,1
2026-06-14 17:48:19.383,mc5,demo1,1
2026-06-14 17:53:18.740,mc5,demo1,1
2026-06-14 17:58:19.064,mc5,demo1,1
2026-06-14 18:03:18.352,mc5,demo1,1
2026-06-14 18:08:19.061,mc5,demo1,1
2026-06-14 18:13:19.204,mc5,demo1,1
2026-06-14 18:18:18.987,mc5,demo1,1
2026-06-14 18:23:18.254,mc5,demo1,1
2026-06-14 18:28:19.010,mc5,demo1,1
2026-06-14 18:33:18.931,mc5,demo1,1
2026-06-14 18:38:18.817,mc5,demo1,1
2026-06-14 18:43:18.819,mc5,demo1,1
2026-06-14 18:48:18.425,mc5,demo1,1
2026-06-14 18:53:18.791,mc5,demo1,1
2026-06-14 18:58:18.694,mc5,demo1,1
2026-06-14 19:03:19.137,mc5,demo1,1
2026-06-14 19:08:18.880,mc5,demo1,1
2026-06-14 19:13:18.414,mc5,demo1,1
2026-06-14 19:18:18.838,mc5,demo1,1
2026-06-14 19:23:18.644,mc5,demo1,1
2026-06-14 19:28:18.358,mc5,demo1,1
2026-06-14 19:33:18.786,mc5,demo1,1
2026-06-14 19:38:18.487,mc5,demo1,1
2026-06-14 19:43:18.237,mc5,demo1,1
2026-06-14 19:48:18.500,mc5,demo1,1
2026-06-14 19:53:18.286,mc5,demo1,1
2026-06-14 19:58:18.489,mc5,demo1,1
2026-06-14 20:03:18.212,mc5,demo1,1
2026-06-14 20:08:19.070,mc5,demo1,1
2026-06-14 20:13:19.077,mc5,demo1,1
2026-06-14 20:18:18.502,mc5,demo1,1
2026-06-14 20:23:18.435,mc5,demo1,1
2026-06-14 20:28:19.049,mc5,demo1,1
2026-06-14 20:33:18.624,mc5,demo1,1
2026-06-14 20:38:18.659,mc5,demo1,1
2026-06-14 20:43:18.313,mc5,demo1,1
2026-06-14 20:48:18.991,mc5,demo1,1
2026-06-14 20:53:19.074,mc5,demo1,1
2026-06-14 20:58:19.073,mc5,demo1,1
2026-06-14 21:03:18.047,mc5,demo1,1
2026-06-14 21:08:18.996,mc5,demo1,1
2026-06-14 21:13:18.137,mc5,demo1,1
2026-06-14 21:18:18.692,mc5,demo1,1
2026-06-14 21:23:19.335,mc5,demo1,1
2026-06-14 21:28:19.129,mc5,demo1,1
2026-06-14 21:33:18.696,mc5,demo1,1
2026-06-14 21:38:19.007,mc5,demo1,1
2026-06-14 21:43:19.170,mc5,demo1,1
2026-06-14 21:48:18.579,mc5,demo1,1
2026-06-14 21:53:18.665,mc5,demo1,1
2026-06-14 21:58:18.926,mc5,demo1,1
2026-06-14 22:03:19.470,mc5,demo1,1
2026-06-14 22:08:18.582,mc5,demo1,1
2026-06-14 22:13:18.172,mc5,demo1,1
2026-06-14 22:18:18.461,mc5,demo1,1
2026-06-14 22:23:18.525,mc5,demo1,1
2026-06-14 22:28:18.687,mc5,demo1,1
2026-06-14 22:33:19.245,mc5,demo1,1
2026-06-14 22:38:18.529,mc5,demo1,1
2026-06-14 22:43:18.963,mc5,demo1,1
2026-06-14 22:48:18.849,mc5,demo1,1
2026-06-14 22:53:19.436,mc5,demo1,1
2026-06-14 22:58:19.514,mc5,demo1,1
2026-06-14 23:03:18.638,mc5,demo1,1
2026-06-14 23:08:18.798,mc5,demo1,1
2026-06-14 23:13:18.648,mc5,demo1,1
2026-06-14 23:18:18.236,mc5,demo1,1
2026-06-14 23:23:18.690,mc5,demo1,1
2026-06-14 23:28:18.173,mc5,demo1,1
2026-06-14 23:33:18.871,mc5,demo1,1
2026-06-14 23:38:18.479,mc5,demo1,1
2026-06-14 23:43:18.891,mc5,demo1,1
2026-06-14 23:48:18.744,mc5,demo1,1
2026-06-14 23:53:18.344,mc5,demo1,1
2026-06-14 23:58:19.086,mc5,demo1,1
2026-06-15 00:03:18.872,mc5,demo1,1
2026-06-15 00:08:19.290,mc5,demo1,1
2026-06-15 00:13:19.151,mc5,demo1,1
2026-06-15 00:18:18.760,mc5,demo1,1
2026-06-15 00:23:18.358,mc5,demo1,1
2026-06-15 00:28:18.583,mc5,demo1,1
2026-06-15 00:33:18.871,mc5,demo1,1
2026-06-15 00:38:18.550,mc5,demo1,1
2026-06-15 00:43:18.159,mc5,demo1,1
2026-06-15 00:48:18.703,mc5,demo1,1
2026-06-15 00:53:18.854,mc5,demo1,1
2026-06-15 00:58:19.808,mc5,demo1,1
2026-06-15 01:03:18.542,mc5,demo1,1
2026-06-15 01:08:18.922,mc5,demo1,1
2026-06-15 01:13:18.434,mc5,demo1,1
2026-06-15 01:18:18.851,mc5,demo1,1
2026-06-15 01:23:18.364,mc5,demo1,1
2026-06-15 01:28:18.708,mc5,demo1,1
2026-06-15 01:33:18.838,mc5,demo1,1
2026-06-15 01:38:18.328,mc5,demo1,1
2026-06-15 01:43:18.644,mc5,demo1,1
2026-06-15 01:48:18.801,mc5,demo1,1
2026-06-15 01:53:18.690,mc5,demo1,1
2026-06-15 01:58:18.932,mc5,demo1,1
2026-06-15 02:03:19.485,mc5,demo1,1
2026-06-15 02:08:18.970,mc5,demo1,1
2026-06-15 02:13:18.696,mc5,demo1,1
2026-06-15 02:18:18.417,mc5,demo1,1
2026-06-15 02:23:18.842,mc5,demo1,1
2026-06-15 02:28:18.562,mc5,demo1,1
2026-06-15 02:33:18.878,mc5,demo1,1
2026-06-15 02:38:19.109,mc5,demo1,1
2026-06-15 02:43:18.618,mc5,demo1,1
2026-06-15 02:48:18.247,mc5,demo1,1
2026-06-15 02:53:18.754,mc5,demo1,1
2026-06-15 02:58:18.679,mc5,demo1,1
2026-06-15 03:03:18.834,mc5,demo1,1
2026-06-15 03:08:19.688,mc5,demo1,1
2026-06-15 03:13:18.790,mc5,demo1,1
2026-06-15 03:18:19.393,mc5,demo1,1
2026-06-15 03:23:18.484,mc5,demo1,1
2026-06-15 03:28:18.585,mc5,demo1,1
2026-06-15 03:33:18.897,mc5,demo1,1
2026-06-15 03:38:18.893,mc5,demo1,1
2026-06-15 03:43:19.032,mc5,demo1,1
2026-06-15 03:48:18.918,mc5,demo1,1
2026-06-15 03:53:18.543,mc5,demo1,1
2026-06-15 03:58:18.820,mc5,demo1,1
2026-06-15 04:03:18.107,mc5,demo1,1
2026-06-15 04:08:19.003,mc5,demo1,1
2026-06-15 04:13:18.740,mc5,demo1,1
2026-06-15 04:18:18.647,mc5,demo1,1
2026-06-15 04:23:19.291,mc5,demo1,1
2026-06-15 04:28:18.569,mc5,demo1,1
2026-06-15 04:33:18.319,mc5,demo1,1
2026-06-15 04:38:18.968,mc5,demo1,1
2026-06-15 04:43:18.973,mc5,demo1,1
2026-06-15 04:48:18.830,mc5,demo1,1
2026-06-15 04:53:19.029,mc5,demo1,1
2026-06-15 04:58:18.232,mc5,demo1,1
2026-06-15 05:03:18.629,mc5,demo1,1
2026-06-15 05:08:19.222,mc5,demo1,1
2026-06-15 05:13:18.458,mc5,demo1,1
2026-06-15 05:18:18.817,mc5,demo1,1
2026-06-15 05:23:19.159,mc5,demo1,1
2026-06-15 05:28:18.892,mc5,demo1,1
2026-06-15 05:33:18.372,mc5,demo1,1
2026-06-15 05:38:19.205,mc5,demo1,1
2026-06-15 05:43:18.743,mc5,demo1,1
2026-06-15 05:48:18.952,mc5,demo1,1
2026-06-15 05:53:19.041,mc5,demo1,1
2026-06-15 05:58:18.887,mc5,demo1,1
2026-06-15 06:03:19.194,mc5,demo1,1
2026-06-15 06:08:18.952,mc5,demo1,1
2026-06-15 06:13:18.528,mc5,demo1,1
2026-06-15 06:18:18.852,mc5,demo1,1
2026-06-15 06:23:18.458,mc5,demo1,1
2026-06-15 06:28:18.829,mc5,demo1,1
2026-06-15 06:33:18.705,mc5,demo1,1
2026-06-15 06:38:19.175,mc5,demo1,1
2026-06-15 06:43:19.383,mc5,demo1,1
2026-06-15 06:48:19.186,mc5,demo1,1
2026-06-15 06:53:18.665,mc5,demo1,1
2026-06-15 06:58:18.858,mc5,demo1,1
2026-06-15 07:03:18.705,mc5,demo1,1
2026-06-15 07:08:19.521,mc5,demo1,1
2026-06-15 07:13:18.275,mc5,demo1,1
2026-06-15 07:18:19.295,mc5,demo1,1
2026-06-15 07:23:18.563,mc5,demo1,1
2026-06-15 07:28:18.735,mc5,demo1,1
2026-06-15 07:33:18.835,mc5,demo1,1
2026-06-15 07:38:19.182,mc5,demo1,1
2026-06-15 07:43:18.906,mc5,demo1,1
2026-06-15 07:48:19.544,mc5,demo1,1
2026-06-15 07:53:18.698,mc5,demo1,1
2026-06-15 07:58:18.539,mc5,demo1,1
2026-06-15 08:03:18.648,mc5,demo1,1
2026-06-15 08:08:18.698,mc5,demo1,1
2026-06-15 08:13:19.167,mc5,demo1,1
2026-06-15 08:18:19.771,mc5,demo1,1
2026-06-15 08:23:18.765,mc5,demo1,1
2026-06-15 08:28:19.038,mc5,demo1,1
2026-06-15 08:33:18.580,mc5,demo1,1
2026-06-15 08:38:19.069,mc5,demo1,1
2026-06-15 08:43:18.912,mc5,demo1,1
2026-06-15 08:48:18.899,mc5,demo1,1
2026-06-15 08:53:18.902,mc5,demo1,1
2026-06-15 08:58:19.334,mc5,demo1,1
2026-06-15 09:03:19.098,mc5,demo1,1
2026-06-15 09:08:18.584,mc5,demo1,1
2026-06-15 09:13:19.035,mc5,demo1,1
2026-06-15 09:18:18.845,mc5,demo1,1
2026-06-15 09:23:18.814,mc5,demo1,1
2026-06-15 09:28:18.644,mc5,demo1,1
2026-06-15 09:33:18.936,mc5,demo1,1
2026-06-15 09:38:18.461,mc5,demo1,1
2026-06-15 09:43:18.666,mc5,demo1,1
2026-06-15 09:48:18.665,mc5,demo1,1
2026-06-15 09:53:19.011,mc5,demo1,1
2026-06-15 09:58:19.105,mc5,demo1,1
2026-06-15 10:03:18.930,mc5,demo1,1
2026-06-15 10:08:18.125,mc5,demo1,1
2026-06-15 10:13:18.702,mc5,demo1,1
2026-06-15 10:18:19.178,mc5,demo1,1
2026-06-15 10:23:18.331,mc5,demo1,1
2026-06-15 10:28:18.201,mc5,demo1,1
2026-06-15 10:33:18.329,mc5,demo1,1
2026-06-15 10:38:19.062,mc5,demo1,1
2026-06-15 10:43:18.193,mc5,demo1,1
2026-06-15 10:48:18.503,mc5,demo1,1
2026-06-15 10:53:18.372,mc5,demo1,1
2026-06-15 10:58:19.063,mc5,demo1,1
2026-06-15 11:03:18.427,mc5,demo1,1
2026-06-15 11:08:19.035,mc5,demo1,1
2026-06-15 11:13:19.340,mc5,demo1,1
2026-06-15 11:18:18.887,mc5,demo1,1
2026-06-15 11:23:18.256,mc5,demo1,1
2026-06-15 11:28:18.773,mc5,demo1,1
2026-06-15 11:33:19.263,mc5,demo1,1
2026-06-15 11:38:19.174,mc5,demo1,1
2026-06-15 11:43:18.444,mc5,demo1,1
2026-06-15 11:48:19.027,mc5,demo1,1
2026-06-15 11:53:18.376,mc5,demo1,1
2026-06-15 11:58:18.836,mc5,demo1,1
2026-06-15 12:03:18.320,mc5,demo1,1
2026-06-15 12:08:18.816,mc5,demo1,1
2026-06-15 12:13:19.603,mc5,demo1,1
2026-06-15 12:18:18.641,mc5,demo1,1
2026-06-15 12:23:18.349,mc5,demo1,1
2026-06-15 12:28:18.507,mc5,demo1,1
2026-06-15 12:33:18.655,mc5,demo1,1
2026-06-15 12:38:18.695,mc5,demo1,1
2026-06-15 12:43:18.564,mc5,demo1,1
2026-06-15 12:48:18.963,mc5,demo1,1
2026-06-15 12:53:18.376,mc5,demo1,1
2026-06-15 12:58:18.265,mc5,demo1,1
2026-06-15 13:03:19.247,mc5,demo1,1
2026-06-15 13:08:18.761,mc5,demo1,1
2026-06-15 13:13:18.358,mc5,demo1,1
2026-06-15 13:18:18.302,mc5,demo1,1
2026-06-15 13:23:18.756,mc5,demo1,1
2026-06-15 13:28:19.430,mc5,demo1,1
2026-06-15 13:33:18.883,mc5,demo1,1
2026-06-15 13:38:18.602,mc5,demo1,1
2026-06-15 13:43:19.117,mc5,demo1,1
2026-06-15 13:48:18.918,mc5,demo1,1
2026-06-15 13:53:19.140,mc5,demo1,1
2026-06-15 13:58:18.848,mc5,demo1,1
2026-06-15 14:03:18.765,mc5,demo1,1
2026-06-15 14:08:18.699,mc5,demo1,1
2026-06-15 14:13:18.814,mc5,demo1,1
2026-06-15 14:18:18.483,mc5,demo1,1
2026-06-15 14:23:18.119,mc5,demo1,1
2026-06-15 14:28:18.900,mc5,demo1,1
2026-06-15 14:33:18.474,mc5,demo1,1
2026-06-15 14:38:20.199,mc5,demo1,1
2026-06-15 14:43:18.435,mc5,demo1,1
2026-06-15 14:48:18.844,mc5,demo1,1
2026-06-15 14:53:18.198,mc5,demo1,1
2026-06-15 14:58:19.171,mc5,demo1,1
2026-06-15 15:03:18.422,mc5,demo1,1
2026-06-15 15:08:19.127,mc5,demo1,1
2026-06-15 15:13:19.091,mc5,demo1,1
2026-06-15 15:18:18.930,mc5,demo1,1
2026-06-15 15:23:18.936,mc5,demo1,1
2026-06-15 15:28:18.390,mc5,demo1,1
2026-06-15 15:33:18.846,mc5,demo1,1
2026-06-15 15:38:19.889,mc5,demo1,1
2026-06-15 15:43:18.964,mc5,demo1,1
2026-06-15 15:48:18.862,mc5,demo1,1
2026-06-15 15:53:18.951,mc5,demo1,1
2026-06-15 15:58:18.824,mc5,demo1,1
2026-06-15 16:03:18.742,mc5,demo1,1
2026-06-15 16:08:18.689,mc5,demo1,1
2026-06-15 16:13:19.053,mc5,demo1,1
2026-06-15 16:18:18.331,mc5,demo1,1
2026-06-15 16:23:18.873,mc5,demo1,1
2026-06-15 16:28:18.515,mc5,demo1,1
2026-06-15 16:33:18.932,mc5,demo1,1
2026-06-15 16:38:18.929,mc5,demo1,1
2026-06-15 16:43:18.841,mc5,demo1,1
2026-06-15 16:48:19.496,mc5,demo1,1
2026-06-15 16:53:18.516,mc5,demo1,1
2026-06-15 16:58:18.776,mc5,demo1,1
2026-06-15 17:03:18.566,mc5,demo1,1
2026-06-15 17:08:18.351,mc5,demo1,1
2026-06-15 17:13:18.889,mc5,demo1,1
2026-06-15 17:18:18.439,mc5,demo1,1
2026-06-15 17:23:18.920,mc5,demo1,1
2026-06-15 17:28:18.853,mc5,demo1,1
2026-06-15 17:33:18.672,mc5,demo1,1
2026-06-15 17:38:18.923,mc5,demo1,1
2026-06-15 17:43:19.046,mc5,demo1,1
2026-06-15 17:48:18.651,mc5,demo1,1
2026-06-15 17:53:18.818,mc5,demo1,1
2026-06-15 17:58:19.193,mc5,demo1,1
2026-06-15 18:03:18.665,mc5,demo1,1
2026-06-15 18:08:18.933,mc5,demo1,1
2026-06-15 18:13:18.910,mc5,demo1,1
2026-06-15 18:18:18.352,mc5,demo1,1
2026-06-15 18:23:18.406,mc5,demo1,1
2026-06-15 18:28:18.161,mc5,demo1,1
2026-06-15 18:33:18.896,mc5,demo1,1
2026-06-15 18:38:19.323,mc5,demo1,1
2026-06-15 18:43:18.702,mc5,demo1,1
2026-06-15 18:48:18.912,mc5,demo1,1
2026-06-15 18:53:19.102,mc5,demo1,1
2026-06-15 18:58:18.263,mc5,demo1,1
2026-06-15 19:03:18.933,mc5,demo1,1
2026-06-15 19:08:19.823,mc5,demo1,1
2026-06-15 19:13:18.737,mc5,demo1,1
2026-06-15 19:18:18.849,mc5,demo1,1
2026-06-15 19:23:18.312,mc5,demo1,1
2026-06-15 19:28:18.181,mc5,demo1,1
2026-06-15 19:33:18.330,mc5,demo1,1
2026-06-15 19:38:18.960,mc5,demo1,1
2026-06-15 19:43:19.070,mc5,demo1,1
2026-06-15 19:48:18.897,mc5,demo1,1
2026-06-15 19:53:19.034,mc5,demo1,1
2026-06-15 19:58:19.020,mc5,demo1,1
2026-06-15 20:03:18.264,mc5,demo1,1
2026-06-15 20:08:18.879,mc5,demo1,1
2026-06-15 20:13:18.723,mc5,demo1,1
2026-06-15 20:18:19.337,mc5,demo1,1
2026-06-15 20:23:18.210,mc5,demo1,1
2026-06-15 20:28:18.376,mc5,demo1,1
2026-06-15 20:33:18.518,mc5,demo1,1
2026-06-15 20:38:18.425,mc5,demo1,1
2026-06-15 20:43:18.656,mc5,demo1,1
2026-06-15 20:48:18.686,mc5,demo1,1
2026-06-15 20:53:18.167,mc5,demo1,1
2026-06-15 20:58:19.021,mc5,demo1,1
2026-06-15 21:03:18.717,mc5,demo1,1
2026-06-15 21:08:18.301,mc5,demo1,1
2026-06-15 21:13:18.235,mc5,demo1,1
2026-06-15 21:18:19.040,mc5,demo1,1
2026-06-15 21:23:18.610,mc5,demo1,1
2026-06-15 21:28:18.711,mc5,demo1,1
2026-06-15 21:33:18.244,mc5,demo1,1
2026-06-15 21:38:18.596,mc5,demo1,1
2026-06-15 21:43:18.634,mc5,demo1,1
2026-06-15 21:48:18.572,mc5,demo1,1
2026-06-15 21:53:18.175,mc5,demo1,1
2026-06-15 21:58:18.490,mc5,demo1,1
2026-06-15 22:03:19.034,mc5,demo1,1
2026-06-15 22:08:19.075,mc5,demo1,1
2026-06-15 22:13:18.788,mc5,demo1,1
2026-06-15 22:18:18.489,mc5,demo1,1
2026-06-15 22:23:18.767,mc5,demo1,1
2026-06-15 22:28:18.391,mc5,demo1,1
2026-06-15 22:33:18.836,mc5,demo1,1
2026-06-15 22:38:19.320,mc5,demo1,1
2026-06-15 22:43:18.723,mc5,demo1,1
2026-06-15 22:48:18.933,mc5,demo1,1
2026-06-15 22:53:18.480,mc5,demo1,1
2026-06-15 22:58:18.871,mc5,demo1,1
2026-06-15 23:03:18.662,mc5,demo1,1
2026-06-15 23:08:18.332,mc5,demo1,1
2026-06-15 23:13:18.677,mc5,demo1,1
2026-06-15 23:18:18.743,mc5,demo1,1
2026-06-15 23:23:18.525,mc5,demo1,1
2026-06-15 23:28:18.877,mc5,demo1,1
2026-06-15 23:33:18.478,mc5,demo1,1
2026-06-15 23:38:18.364,mc5,demo1,1
2026-06-15 23:43:18.688,mc5,demo1,1
2026-06-15 23:48:18.244,mc5,demo1,1
2026-06-15 23:53:18.341,mc5,demo1,1
2026-06-15 23:58:18.958,mc5,demo1,1
2026-06-16 00:03:19.004,mc5,demo1,1
2026-06-16 00:08:18.707,mc5,demo1,1
2026-06-16 00:13:18.248,mc5,demo1,1
2026-06-16 00:18:18.337,mc5,demo1,1
2026-06-16 00:23:18.880,mc5,demo1,1
2026-06-16 00:28:18.807,mc5,demo1,1
2026-06-16 00:33:19.087,mc5,demo1,1
2026-06-16 00:38:18.958,mc5,demo1,1
2026-06-16 00:43:19.386,mc5,demo1,1
2026-06-16 00:48:18.300,mc5,demo1,1
2026-06-16 00:53:19.107,mc5,demo1,1
2026-06-16 00:58:18.908,mc5,demo1,1
2026-06-16 01:03:18.745,mc5,demo1,1
2026-06-16 01:08:18.977,mc5,demo1,1
2026-06-16 01:13:18.837,mc5,demo1,1
2026-06-16 01:18:18.301,mc5,demo1,1
2026-06-16 01:23:18.755,mc5,demo1,1
2026-06-16 01:28:18.494,mc5,demo1,1
2026-06-16 01:33:18.245,mc5,demo1,1
2026-06-16 01:38:18.502,mc5,demo1,1
2026-06-16 01:43:18.432,mc5,demo1,1
2026-06-16 01:48:19.002,mc5,demo1,1
2026-06-16 01:53:18.950,mc5,demo1,1
2026-06-16 01:58:18.413,mc5,demo1,1
2026-06-16 02:03:20.122,mc5,demo1,1
2026-06-16 02:08:18.563,mc5,demo1,1
2026-06-16 02:13:18.388,mc5,demo1,1
2026-06-16 02:18:18.707,mc5,demo1,1
2026-06-16 02:23:18.403,mc5,demo1,1
2026-06-16 02:28:18.360,mc5,demo1,1
2026-06-16 02:33:18.556,mc5,demo1,1
2026-06-16 02:38:18.953,mc5,demo1,1
2026-06-16 02:43:18.450,mc5,demo1,1
2026-06-16 02:48:18.617,mc5,demo1,1
2026-06-16 02:53:18.228,mc5,demo1,1
2026-06-16 02:58:18.886,mc5,demo1,1
2026-06-16 03:03:18.818,mc5,demo1,1
2026-06-16 03:08:19.217,mc5,demo1,1
2026-06-16 03:13:19.445,mc5,demo1,1
2026-06-16 03:18:18.842,mc5,demo1,1
2026-06-16 03:23:18.767,mc5,demo1,1
2026-06-16 03:28:18.917,mc5,demo1,1
2026-06-16 03:33:18.845,mc5,demo1,1
2026-06-16 03:38:18.726,mc5,demo1,1
2026-06-16 03:43:18.669,mc5,demo1,1
2026-06-16 03:48:19.157,mc5,demo1,1
2026-06-16 03:53:18.739,mc5,demo1,1
2026-06-16 03:58:18.789,mc5,demo1,1
2026-06-16 04:03:18.416,mc5,demo1,1
2026-06-16 04:08:18.707,mc5,demo1,1
2026-06-16 04:13:18.704,mc5,demo1,1
2026-06-16 04:18:18.731,mc5,demo1,1
2026-06-16 04:23:19.421,mc5,demo1,1
2026-06-16 04:28:19.058,mc5,demo1,1
2026-06-16 04:33:18.800,mc5,demo1,1
2026-06-16 04:38:18.487,mc5,demo1,1
2026-06-16 04:43:19.182,mc5,demo1,1
2026-06-16 04:48:18.458,mc5,demo1,1
2026-06-16 04:53:18.784,mc5,demo1,1
2026-06-16 04:58:18.635,mc5,demo1,1
2026-06-16 05:03:18.847,mc5,demo1,1
2026-06-16 05:08:18.884,mc5,demo1,1
2026-06-16 05:13:19.069,mc5,demo1,1
2026-06-16 05:18:19.084,mc5,demo1,1
2026-06-16 05:23:18.629,mc5,demo1,1
2026-06-16 05:28:18.572,mc5,demo1,1
2026-06-16 05:33:19.527,mc5,demo1,1
2026-06-16 05:38:18.977,mc5,demo1,1
2026-06-16 05:43:18.681,mc5,demo1,1
2026-06-16 05:48:18.324,mc5,demo1,1
2026-06-16 05:53:18.302,mc5,demo1,1
2026-06-16 05:58:18.516,mc5,demo1,1
2026-06-16 06:03:19.105,mc5,demo1,1
2026-06-16 06:08:19.489,mc5,demo1,1
2026-06-16 06:13:18.723,mc5,demo1,1
2026-06-16 06:18:18.426,mc5,demo1,1
2026-06-16 06:23:18.145,mc5,demo1,1
2026-06-16 06:28:18.891,mc5,demo1,1
2026-06-16 06:33:18.785,mc5,demo1,1
2026-06-16 06:38:18.741,mc5,demo1,1
2026-06-16 06:43:18.773,mc5,demo1,1
2026-06-16 06:48:18.702,mc5,demo1,1
2026-06-16 06:53:18.934,mc5,demo1,1
2026-06-16 06:58:19.726,mc5,demo1,1
2026-06-16 07:03:18.513,mc5,demo1,1
2026-06-16 07:08:18.969,mc5,demo1,1
2026-06-16 07:13:18.514,mc5,demo1,1
2026-06-16 07:18:18.555,mc5,demo1,1
2026-06-16 07:23:18.384,mc5,demo1,1
2026-06-16 07:28:18.953,mc5,demo1,1
2026-06-16 07:33:19.150,mc5,demo1,1
2026-06-16 07:38:18.847,mc5,demo1,1
2026-06-16 07:43:18.345,mc5,demo1,1
2026-06-16 07:48:18.192,mc5,demo1,1
2026-06-16 07:53:18.825,mc5,demo1,1
2026-06-16 07:58:18.680,mc5,demo1,1
2026-06-16 08:03:18.182,mc5,demo1,1
2026-06-16 08:08:18.602,mc5,demo1,1
2026-06-16 08:13:18.862,mc5,demo1,1
2026-06-16 08:18:18.834,mc5,demo1,1
2026-06-16 08:23:19.006,mc5,demo1,1
2026-06-16 08:28:18.954,mc5,demo1,1
2026-06-16 08:33:19.177,mc5,demo1,1
2026-06-16 08:38:18.825,mc5,demo1,1
2026-06-16 08:43:18.421,mc5,demo1,1
2026-06-16 08:48:18.829,mc5,demo1,1
2026-06-16 08:53:18.313,mc5,demo1,1
2026-06-16 08:58:18.730,mc5,demo1,1
2026-06-16 09:03:18.989,mc5,demo1,1
2026-06-16 09:08:18.267,mc5,demo1,1
2026-06-16 09:13:19.090,mc5,demo1,1
2026-06-16 09:18:18.419,mc5,demo1,1
2026-06-16 09:23:19.140,mc5,demo1,1
2026-06-16 09:28:18.898,mc5,demo1,1
2026-06-16 09:33:18.399,mc5,demo1,1
2026-06-16 09:38:18.309,mc5,demo1,1
2026-06-16 09:43:18.664,mc5,demo1,1
2026-06-16 09:48:18.267,mc5,demo1,1
2026-06-16 09:53:18.372,mc5,demo1,1
2026-06-16 09:58:18.363,mc5,demo1,1
2026-06-16 10:03:18.446,mc5,demo1,1
2026-06-16 10:08:18.470,mc5,demo1,1
2026-06-16 10:13:19.453,mc5,demo1,1
2026-06-16 10:18:19.066,mc5,demo1,1
2026-06-16 10:23:18.327,mc5,demo1,1
2026-06-16 10:28:18.619,mc5,demo1,1
2026-06-16 10:33:18.932,mc5,demo1,1
2026-06-16 10:38:18.507,mc5,demo1,1
2026-06-16 10:43:18.626,mc5,demo1,1
2026-06-16 10:48:18.261,mc5,demo1,1
2026-06-16 10:53:18.871,mc5,demo1,1
2026-06-16 10:58:18.877,mc5,demo1,1
2026-06-16 11:03:19.977,mc5,demo1,1
2026-06-16 11:08:18.658,mc5,demo1,1
2026-06-16 11:13:18.933,mc5,demo1,1
2026-06-16 11:18:18.772,mc5,demo1,1
2026-06-16 11:23:18.899,mc5,demo1,1
2026-06-16 11:28:19.055,mc5,demo1,1
2026-06-16 11:33:18.942,mc5,demo1,1
2026-06-16 11:38:19.529,mc5,demo1,1
2026-06-16 11:43:18.447,mc5,demo1,1
2026-06-16 11:48:18.873,mc5,demo1,1
2026-06-16 11:53:18.482,mc5,demo1,1
2026-06-16 11:58:18.110,mc5,demo1,1
2026-06-16 12:03:18.674,mc5,demo1,1
2026-06-16 12:08:19.254,mc5,demo1,1
2026-06-16 12:13:18.454,mc5,demo1,1
2026-06-16 12:18:18.784,mc5,demo1,1
2026-06-16 12:23:18.992,mc5,demo1,1
2026-06-16 12:28:18.936,mc5,demo1,1
2026-06-16 12:33:19.088,mc5,demo1,1
2026-06-16 12:38:18.370,mc5,demo1,1
2026-06-16 12:43:18.827,mc5,demo1,1
2026-06-16 12:48:19.202,mc5,demo1,1
2026-06-16 12:53:18.957,mc5,demo1,1
2026-06-16 12:58:18.186,mc5,demo1,1
2026-06-16 13:03:18.322,mc5,demo1,1
2026-06-16 13:08:18.236,mc5,demo1,1
2026-06-16 13:13:19.184,mc5,demo1,1
2026-06-16 13:18:18.328,mc5,demo1,1
2026-06-16 13:23:18.599,mc5,demo1,1
2026-06-16 13:28:18.802,mc5,demo1,1
2026-06-16 13:33:18.942,mc5,demo1,1
2026-06-16 13:38:19.306,mc5,demo1,1
2026-06-16 13:43:18.501,mc5,demo1,1
2026-06-16 13:48:19.194,mc5,demo1,1
2026-06-16 13:53:18.417,mc5,demo1,1
2026-06-16 13:58:18.191,mc5,demo1,1
2026-06-16 14:03:18.587,mc5,demo1,1
2026-06-16 14:08:19.295,mc5,demo1,1
2026-06-16 14:13:18.721,mc5,demo1,1
2026-06-16 14:18:18.200,mc5,demo1,1
2026-06-16 14:23:19.626,mc5,demo1,1
2026-06-16 14:28:18.708,mc5,demo1,1
2026-06-16 14:33:18.317,mc5,demo1,1
2026-06-16 14:38:18.961,mc5,demo1,1
2026-06-16 14:43:18.426,mc5,demo1,1
2026-06-16 14:48:18.417,mc5,demo1,1
2026-06-16 14:58:18.680,mc5,demo1,0
2026-06-16 14:58:18.680,mc5,demo1,1
2026-06-16 14:58:18.680,mc5,demo1,1
2026-06-16 15:03:18.518,mc5,demo1,1
2026-06-16 15:03:18.518,mc5,demo1,1
2026-06-16 15:03:18.518,mc5,demo1,1
2026-06-16 15:08:18.889,mc5,demo1,1
2026-06-16 15:08:18.889,mc5,demo1,1
2026-06-16 15:13:19.209,mc5,demo1,1
2026-06-16 15:18:18.226,mc5,demo1,1
2026-06-16 15:23:18.156,mc5,demo1,1
2026-06-16 15:28:18.929,mc5,demo1,1
2026-06-16 15:33:19.070,mc5,demo1,1
2026-06-16 15:38:18.749,mc5,demo1,1
2026-06-16 15:43:19.417,mc5,demo1,1
2026-06-16 15:48:18.927,mc5,demo1,1
2026-06-16 15:53:18.251,mc5,demo1,1
2026-06-16 15:58:18.477,mc5,demo1,1
2026-06-16 16:03:18.304,mc5,demo1,1
2026-06-16 16:08:19.147,mc5,demo1,1
2026-06-16 16:13:19.014,mc5,demo1,1
2026-06-16 16:18:19.268,mc5,demo1,1
2026-06-16 16:23:18.514,mc5,demo1,1
2026-06-16 16:28:18.302,mc5,demo1,1
2026-06-16 16:33:18.854,mc5,demo1,1
2026-06-16 16:38:18.480,mc5,demo1,1
2026-06-16 16:43:18.844,mc5,demo1,1
2026-06-16 16:48:18.905,mc5,demo1,1
2026-06-12 14:18:18.759,mc6,demo1,0
2026-06-12 14:23:19.033,mc6,demo1,1
2026-06-12 14:28:19.228,mc6,demo1,1
2026-06-12 14:33:18.354,mc6,demo1,1
2026-06-12 14:38:18.279,mc6,demo1,1
2026-06-12 14:43:18.366,mc6,demo1,1
2026-06-12 14:48:18.089,mc6,demo1,1
2026-06-12 14:53:18.148,mc6,demo1,1
2026-06-12 14:58:19.206,mc6,demo1,1
2026-06-12 15:03:18.375,mc6,demo1,1
2026-06-12 15:08:18.511,mc6,demo1,1
2026-06-12 15:13:18.819,mc6,demo1,1
2026-06-12 15:18:19.047,mc6,demo1,1
2026-06-12 15:23:18.910,mc6,demo1,1
2026-06-12 15:28:18.152,mc6,demo1,1
2026-06-12 15:33:18.779,mc6,demo1,1
2026-06-12 15:38:19.500,mc6,demo1,1
2026-06-12 15:43:18.801,mc6,demo1,1
2026-06-12 15:48:18.834,mc6,demo1,1
2026-06-12 15:53:18.819,mc6,demo1,1
2026-06-12 15:58:18.894,mc6,demo1,1
2026-06-12 16:03:19.192,mc6,demo1,1
2026-06-12 16:08:19.968,mc6,demo1,1
2026-06-12 16:13:18.577,mc6,demo1,1
2026-06-12 16:18:18.794,mc6,demo1,1
2026-06-12 16:23:18.663,mc6,demo1,1
2026-06-12 16:28:19.109,mc6,demo1,1
2026-06-12 16:33:19.059,mc6,demo1,1
2026-06-12 16:38:18.691,mc6,demo1,1
2026-06-12 16:43:19.069,mc6,demo1,1
2026-06-12 16:48:18.573,mc6,demo1,1
2026-06-12 16:53:18.478,mc6,demo1,1
2026-06-12 16:58:19.146,mc6,demo1,1
2026-06-12 17:03:18.632,mc6,demo1,1
2026-06-12 17:08:18.693,mc6,demo1,1
2026-06-12 17:13:19.650,mc6,demo1,1
2026-06-12 17:18:18.193,mc6,demo1,1
2026-06-12 17:23:18.898,mc6,demo1,1
2026-06-12 17:28:18.453,mc6,demo1,1
2026-06-12 17:33:18.682,mc6,demo1,1
2026-06-12 17:38:18.997,mc6,demo1,1
2026-06-12 17:43:19.142,mc6,demo1,1
2026-06-12 17:48:18.789,mc6,demo1,1
2026-06-12 17:53:18.287,mc6,demo1,1
2026-06-12 17:58:19.370,mc6,demo1,1
2026-06-12 18:03:18.471,mc6,demo1,1
2026-06-12 18:08:18.500,mc6,demo1,1
2026-06-12 18:13:18.242,mc6,demo1,1
2026-06-12 18:18:19.294,mc6,demo1,1
2026-06-12 18:23:19.372,mc6,demo1,1
2026-06-12 18:28:19.542,mc6,demo1,1
2026-06-12 18:33:18.430,mc6,demo1,1
2026-06-12 18:38:19.064,mc6,demo1,1
2026-06-12 18:43:19.438,mc6,demo1,1
2026-06-12 18:48:18.397,mc6,demo1,1
2026-06-12 18:53:18.875,mc6,demo1,1
2026-06-12 18:58:18.219,mc6,demo1,1
2026-06-12 19:03:18.346,mc6,demo1,1
2026-06-12 19:08:18.910,mc6,demo1,1
2026-06-12 19:13:18.640,mc6,demo1,1
2026-06-12 19:18:19.098,mc6,demo1,1
2026-06-12 19:23:18.312,mc6,demo1,1
2026-06-12 19:28:18.828,mc6,demo1,1
2026-06-12 19:33:18.700,mc6,demo1,1
2026-06-12 19:38:18.241,mc6,demo1,1
2026-06-12 19:43:19.213,mc6,demo1,1
2026-06-12 19:48:18.890,mc6,demo1,1
2026-06-12 19:53:18.636,mc6,demo1,1
2026-06-12 19:58:18.911,mc6,demo1,1
2026-06-12 20:03:19.388,mc6,demo1,1
2026-06-12 20:08:18.894,mc6,demo1,1
2026-06-12 20:13:18.472,mc6,demo1,1
2026-06-12 20:18:19.056,mc6,demo1,1
2026-06-12 20:23:18.274,mc6,demo1,1
2026-06-12 20:28:18.236,mc6,demo1,1
2026-06-12 20:33:18.840,mc6,demo1,1
2026-06-12 20:38:18.226,mc6,demo1,1
2026-06-12 20:43:18.192,mc6,demo1,1
2026-06-12 20:48:18.651,mc6,demo1,1
2026-06-12 20:53:20.901,mc6,demo1,1
2026-06-12 20:58:18.825,mc6,demo1,1
2026-06-12 21:03:19.082,mc6,demo1,1
2026-06-12 21:08:18.259,mc6,demo1,1
2026-06-12 21:13:18.534,mc6,demo1,1
2026-06-12 21:18:18.603,mc6,demo1,1
2026-06-12 21:23:18.157,mc6,demo1,1
2026-06-12 21:28:18.867,mc6,demo1,1
2026-06-12 21:33:18.273,mc6,demo1,1
2026-06-12 21:38:18.895,mc6,demo1,1
2026-06-12 21:43:18.905,mc6,demo1,1
2026-06-12 21:48:18.876,mc6,demo1,1
2026-06-12 21:53:18.877,mc6,demo1,1
2026-06-12 21:58:18.723,mc6,demo1,1
2026-06-12 22:03:19.172,mc6,demo1,1
2026-06-12 22:08:19.248,mc6,demo1,1
2026-06-12 22:13:18.955,mc6,demo1,1
2026-06-12 22:18:18.515,mc6,demo1,1
2026-06-12 22:23:18.631,mc6,demo1,1
2026-06-12 22:28:19.044,mc6,demo1,1
2026-06-12 22:33:18.824,mc6,demo1,1
2026-06-12 22:38:18.554,mc6,demo1,1
2026-06-12 22:43:18.375,mc6,demo1,1
2026-06-12 22:48:18.946,mc6,demo1,1
2026-06-12 22:53:18.487,mc6,demo1,1
2026-06-12 22:58:19.669,mc6,demo1,1
2026-06-12 23:03:18.230,mc6,demo1,1
2026-06-12 23:08:18.944,mc6,demo1,1
2026-06-12 23:13:19.110,mc6,demo1,1
2026-06-12 23:18:19.032,mc6,demo1,1
2026-06-12 23:23:19.061,mc6,demo1,1
2026-06-12 23:28:18.295,mc6,demo1,1
2026-06-12 23:33:19.194,mc6,demo1,1
2026-06-12 23:38:18.511,mc6,demo1,1
2026-06-12 23:43:18.299,mc6,demo1,1
2026-06-12 23:48:18.735,mc6,demo1,1
2026-06-12 23:53:18.534,mc6,demo1,1
2026-06-12 23:58:18.386,mc6,demo1,1
2026-06-13 00:03:18.814,mc6,demo1,1
2026-06-13 00:08:18.748,mc6,demo1,1
2026-06-13 00:13:19.015,mc6,demo1,1
2026-06-13 00:18:18.890,mc6,demo1,1
2026-06-13 00:23:18.805,mc6,demo1,1
2026-06-13 00:28:18.807,mc6,demo1,1
2026-06-13 00:33:18.937,mc6,demo1,1
2026-06-13 00:38:18.760,mc6,demo1,1
2026-06-13 00:43:19.064,mc6,demo1,1
2026-06-13 00:48:18.838,mc6,demo1,1
2026-06-13 00:53:19.230,mc6,demo1,1
2026-06-13 00:58:18.241,mc6,demo1,1
2026-06-13 01:03:18.815,mc6,demo1,1
2026-06-13 01:08:18.476,mc6,demo1,1
2026-06-13 01:13:19.021,mc6,demo1,1
2026-06-13 01:18:19.111,mc6,demo1,1
2026-06-13 01:23:18.420,mc6,demo1,1
2026-06-13 01:28:18.860,mc6,demo1,1
2026-06-13 01:33:18.357,mc6,demo1,1
2026-06-13 01:38:18.325,mc6,demo1,1
2026-06-13 01:43:18.320,mc6,demo1,1
2026-06-13 01:48:18.217,mc6,demo1,1
2026-06-13 01:53:18.784,mc6,demo1,1
2026-06-13 01:58:18.282,mc6,demo1,1
2026-06-13 02:03:19.037,mc6,demo1,1
2026-06-13 02:08:18.310,mc6,demo1,1
2026-06-13 02:13:18.800,mc6,demo1,1
2026-06-13 02:18:19.004,mc6,demo1,1
2026-06-13 02:23:18.749,mc6,demo1,1
2026-06-13 02:28:18.269,mc6,demo1,1
2026-06-13 02:33:19.232,mc6,demo1,1
2026-06-13 02:38:18.557,mc6,demo1,1
2026-06-13 02:43:18.812,mc6,demo1,1
2026-06-13 02:48:18.423,mc6,demo1,1
2026-06-13 02:53:18.560,mc6,demo1,1
2026-06-13 02:58:19.187,mc6,demo1,1
2026-06-13 03:03:18.892,mc6,demo1,1
2026-06-13 03:08:19.274,mc6,demo1,1
2026-06-13 03:13:18.800,mc6,demo1,1
2026-06-13 03:18:19.408,mc6,demo1,1
2026-06-13 03:23:18.448,mc6,demo1,1
2026-06-13 03:28:18.427,mc6,demo1,1
2026-06-13 03:33:18.823,mc6,demo1,1
2026-06-13 03:38:19.012,mc6,demo1,1
2026-06-13 03:43:19.152,mc6,demo1,1
2026-06-13 03:48:19.094,mc6,demo1,1
2026-06-13 03:53:18.472,mc6,demo1,1
2026-06-13 03:58:18.187,mc6,demo1,1
2026-06-13 04:03:18.608,mc6,demo1,1
2026-06-13 04:08:18.841,mc6,demo1,1
2026-06-13 04:13:18.375,mc6,demo1,1
2026-06-13 04:18:18.426,mc6,demo1,1
2026-06-13 04:23:18.602,mc6,demo1,1
2026-06-13 04:28:19.184,mc6,demo1,1
2026-06-13 04:33:18.938,mc6,demo1,1
2026-06-13 04:38:19.279,mc6,demo1,1
2026-06-13 04:43:19.596,mc6,demo1,1
2026-06-13 04:48:18.365,mc6,demo1,1
2026-06-13 04:53:18.386,mc6,demo1,1
2026-06-13 04:58:18.934,mc6,demo1,1
2026-06-13 05:03:18.304,mc6,demo1,1
2026-06-13 05:08:18.954,mc6,demo1,1
2026-06-13 05:13:19.003,mc6,demo1,1
2026-06-13 05:18:18.934,mc6,demo1,1
2026-06-13 05:23:19.009,mc6,demo1,1
2026-06-13 05:28:18.682,mc6,demo1,1
2026-06-13 05:33:18.819,mc6,demo1,1
2026-06-13 05:38:18.465,mc6,demo1,1
2026-06-13 05:43:18.897,mc6,demo1,1
2026-06-13 05:48:18.612,mc6,demo1,1
2026-06-13 05:53:20.315,mc6,demo1,1
2026-06-13 05:58:18.668,mc6,demo1,1
2026-06-13 06:03:18.659,mc6,demo1,1
2026-06-13 06:08:19.076,mc6,demo1,1
2026-06-13 06:13:18.540,mc6,demo1,1
2026-06-13 06:18:18.501,mc6,demo1,1
2026-06-13 06:23:18.818,mc6,demo1,1
2026-06-13 06:28:18.711,mc6,demo1,1
2026-06-13 06:33:18.869,mc6,demo1,1
2026-06-13 06:38:18.770,mc6,demo1,1
2026-06-13 06:43:19.641,mc6,demo1,1
2026-06-13 06:48:18.658,mc6,demo1,1
2026-06-13 06:53:18.279,mc6,demo1,1
2026-06-13 06:58:19.003,mc6,demo1,1
2026-06-13 07:03:19.930,mc6,demo1,1
2026-06-13 07:08:18.323,mc6,demo1,1
2026-06-13 07:13:18.466,mc6,demo1,1
2026-06-13 07:18:19.071,mc6,demo1,1
2026-06-13 07:23:18.745,mc6,demo1,1
2026-06-13 07:28:18.970,mc6,demo1,1
2026-06-13 07:33:18.576,mc6,demo1,1
2026-06-13 07:38:18.619,mc6,demo1,1
2026-06-13 07:43:18.871,mc6,demo1,1
2026-06-13 07:48:18.312,mc6,demo1,1
2026-06-13 07:53:18.393,mc6,demo1,1
2026-06-13 07:58:18.787,mc6,demo1,1
2026-06-13 08:03:18.447,mc6,demo1,1
2026-06-13 08:08:18.843,mc6,demo1,1
2026-06-13 08:13:18.367,mc6,demo1,1
2026-06-13 08:18:20.402,mc6,demo1,1
2026-06-13 08:23:18.373,mc6,demo1,1
2026-06-13 08:28:18.515,mc6,demo1,1
2026-06-13 08:33:18.765,mc6,demo1,1
2026-06-13 08:38:18.800,mc6,demo1,1
2026-06-13 08:43:18.613,mc6,demo1,1
2026-06-13 08:48:19.270,mc6,demo1,1
2026-06-13 08:53:18.976,mc6,demo1,1
2026-06-13 08:58:19.099,mc6,demo1,1
2026-06-13 09:03:18.367,mc6,demo1,1
2026-06-13 09:08:18.944,mc6,demo1,1
2026-06-13 09:13:18.575,mc6,demo1,1
2026-06-13 09:18:18.072,mc6,demo1,1
2026-06-13 09:23:19.044,mc6,demo1,1
2026-06-13 09:28:19.819,mc6,demo1,1
2026-06-13 09:33:18.944,mc6,demo1,1
2026-06-13 09:38:18.413,mc6,demo1,1
2026-06-13 09:43:18.878,mc6,demo1,1
2026-06-13 09:48:19.551,mc6,demo1,1
2026-06-13 09:53:18.952,mc6,demo1,1
2026-06-13 09:58:18.905,mc6,demo1,1
2026-06-13 10:03:19.074,mc6,demo1,1
2026-06-13 10:08:18.458,mc6,demo1,1
2026-06-13 10:13:18.848,mc6,demo1,1
2026-06-13 10:18:19.449,mc6,demo1,1
2026-06-13 10:23:18.915,mc6,demo1,1
2026-06-13 10:28:19.463,mc6,demo1,1
2026-06-13 10:33:20.421,mc6,demo1,1
2026-06-13 10:38:18.652,mc6,demo1,1
2026-06-13 10:43:18.735,mc6,demo1,1
2026-06-13 10:48:19.826,mc6,demo1,1
2026-06-13 10:53:18.322,mc6,demo1,1
2026-06-13 10:58:18.924,mc6,demo1,1
2026-06-13 11:03:18.800,mc6,demo1,1
2026-06-13 11:08:18.670,mc6,demo1,1
2026-06-13 11:13:19.253,mc6,demo1,1
2026-06-13 11:18:18.810,mc6,demo1,1
2026-06-13 11:23:18.775,mc6,demo1,1
2026-06-13 11:28:18.912,mc6,demo1,1
2026-06-13 11:33:18.710,mc6,demo1,1
2026-06-13 11:38:18.606,mc6,demo1,1
2026-06-13 11:43:18.126,mc6,demo1,1
2026-06-13 11:48:18.186,mc6,demo1,1
2026-06-13 11:53:19.506,mc6,demo1,1
2026-06-13 11:58:19.044,mc6,demo1,1
2026-06-13 12:03:18.972,mc6,demo1,1
2026-06-13 12:08:18.899,mc6,demo1,1
2026-06-13 12:13:18.917,mc6,demo1,1
2026-06-13 12:18:19.493,mc6,demo1,1
2026-06-13 12:23:19.158,mc6,demo1,1
2026-06-13 12:28:18.581,mc6,demo1,1
2026-06-13 12:33:19.023,mc6,demo1,1
2026-06-13 12:38:19.126,mc6,demo1,1
2026-06-13 12:43:18.925,mc6,demo1,1
2026-06-13 12:48:18.555,mc6,demo1,1
2026-06-13 12:53:19.693,mc6,demo1,1
2026-06-13 12:58:18.899,mc6,demo1,1
2026-06-13 13:03:18.688,mc6,demo1,1
2026-06-13 13:08:18.918,mc6,demo1,1
2026-06-13 13:13:18.726,mc6,demo1,1
2026-06-13 13:18:18.032,mc6,demo1,1
2026-06-13 13:23:18.610,mc6,demo1,1
2026-06-13 13:28:18.151,mc6,demo1,1
2026-06-13 13:33:18.222,mc6,demo1,1
2026-06-13 13:38:18.884,mc6,demo1,1
2026-06-13 13:43:18.473,mc6,demo1,1
2026-06-13 13:48:19.388,mc6,demo1,1
2026-06-13 13:53:19.150,mc6,demo1,1
2026-06-13 13:58:18.742,mc6,demo1,1
2026-06-13 14:03:19.528,mc6,demo1,1
2026-06-13 14:08:18.806,mc6,demo1,1
2026-06-13 14:13:18.463,mc6,demo1,1
2026-06-13 14:18:18.431,mc6,demo1,1
2026-06-13 14:23:18.986,mc6,demo1,1
2026-06-13 14:28:19.098,mc6,demo1,1
2026-06-13 14:33:19.644,mc6,demo1,1
2026-06-13 14:38:18.745,mc6,demo1,1
2026-06-13 14:43:19.108,mc6,demo1,1
2026-06-13 14:48:18.764,mc6,demo1,1
2026-06-13 14:53:18.532,mc6,demo1,1
2026-06-13 14:58:19.445,mc6,demo1,1
2026-06-13 15:03:18.474,mc6,demo1,1
2026-06-13 15:08:19.109,mc6,demo1,1
2026-06-13 15:13:18.750,mc6,demo1,1
2026-06-13 15:18:18.406,mc6,demo1,1
2026-06-13 15:23:18.702,mc6,demo1,1
2026-06-13 15:28:18.545,mc6,demo1,1
2026-06-13 15:33:18.383,mc6,demo1,1
2026-06-13 15:38:19.091,mc6,demo1,1
2026-06-13 15:43:18.543,mc6,demo1,1
2026-06-13 15:48:19.008,mc6,demo1,1
2026-06-13 15:53:18.984,mc6,demo1,1
2026-06-13 15:58:19.027,mc6,demo1,1
2026-06-13 16:03:19.171,mc6,demo1,1
2026-06-13 16:08:19.351,mc6,demo1,1
2026-06-13 16:13:18.908,mc6,demo1,1
2026-06-13 16:18:19.006,mc6,demo1,1
2026-06-13 16:23:19.307,mc6,demo1,1
2026-06-13 16:28:18.832,mc6,demo1,1
2026-06-13 16:33:18.870,mc6,demo1,1
2026-06-13 16:38:19.153,mc6,demo1,1
2026-06-13 16:43:18.317,mc6,demo1,1
2026-06-13 16:48:18.798,mc6,demo1,1
2026-06-13 16:53:18.325,mc6,demo1,1
2026-06-13 16:58:19.060,mc6,demo1,1
2026-06-13 17:03:18.531,mc6,demo1,1
2026-06-13 17:08:19.088,mc6,demo1,1
2026-06-13 17:13:18.626,mc6,demo1,1
2026-06-13 17:18:18.714,mc6,demo1,1
2026-06-13 17:23:18.854,mc6,demo1,1
2026-06-13 17:28:19.798,mc6,demo1,1
2026-06-13 17:33:18.956,mc6,demo1,1
2026-06-13 17:38:19.054,mc6,demo1,1
2026-06-13 17:43:19.373,mc6,demo1,1
2026-06-13 17:48:18.976,mc6,demo1,1
2026-06-13 17:53:18.731,mc6,demo1,1
2026-06-13 17:58:19.452,mc6,demo1,1
2026-06-13 18:03:19.155,mc6,demo1,1
2026-06-13 18:08:19.253,mc6,demo1,1
2026-06-13 18:13:18.579,mc6,demo1,1
2026-06-13 18:18:18.381,mc6,demo1,1
2026-06-13 18:23:19.199,mc6,demo1,1
2026-06-13 18:28:18.990,mc6,demo1,1
2026-06-13 18:33:19.051,mc6,demo1,1
2026-06-13 18:38:18.942,mc6,demo1,1
2026-06-13 18:43:18.740,mc6,demo1,1
2026-06-13 18:48:19.532,mc6,demo1,1
2026-06-13 18:53:18.481,mc6,demo1,1
2026-06-13 18:58:18.630,mc6,demo1,1
2026-06-13 19:03:18.801,mc6,demo1,1
2026-06-13 19:08:19.256,mc6,demo1,1
2026-06-13 19:13:18.879,mc6,demo1,1
2026-06-13 19:18:18.714,mc6,demo1,1
2026-06-13 19:23:19.020,mc6,demo1,1
2026-06-13 19:28:18.638,mc6,demo1,1
2026-06-13 19:33:19.455,mc6,demo1,1
2026-06-13 19:38:19.079,mc6,demo1,1
2026-06-13 19:43:19.461,mc6,demo1,1
2026-06-13 19:48:19.557,mc6,demo1,1
2026-06-13 19:53:19.311,mc6,demo1,1
2026-06-13 19:58:19.218,mc6,demo1,1
2026-06-13 20:03:18.534,mc6,demo1,1
2026-06-13 20:08:19.208,mc6,demo1,1
2026-06-13 20:13:19.535,mc6,demo1,1
2026-06-13 20:18:18.780,mc6,demo1,1
2026-06-13 20:23:18.882,mc6,demo1,1
2026-06-13 20:28:18.688,mc6,demo1,1
2026-06-13 20:33:18.953,mc6,demo1,1
2026-06-13 20:38:20.510,mc6,demo1,1
2026-06-13 20:43:18.871,mc6,demo1,1
2026-06-13 20:48:18.888,mc6,demo1,1
2026-06-13 20:53:18.809,mc6,demo1,1
2026-06-13 20:58:19.092,mc6,demo1,1
2026-06-13 21:03:18.384,mc6,demo1,1
2026-06-13 21:08:18.566,mc6,demo1,1
2026-06-13 21:13:19.396,mc6,demo1,1
2026-06-13 21:18:18.710,mc6,demo1,1
2026-06-13 21:23:18.989,mc6,demo1,1
2026-06-13 21:28:19.203,mc6,demo1,1
2026-06-13 21:33:19.224,mc6,demo1,1
2026-06-13 21:38:18.827,mc6,demo1,1
2026-06-13 21:43:20.399,mc6,demo1,1
2026-06-13 21:48:18.749,mc6,demo1,1
2026-06-13 21:53:19.074,mc6,demo1,1
2026-06-13 21:58:18.538,mc6,demo1,1
2026-06-13 22:03:18.612,mc6,demo1,1
2026-06-13 22:08:18.896,mc6,demo1,1
2026-06-13 22:13:18.327,mc6,demo1,1
2026-06-13 22:18:18.643,mc6,demo1,1
2026-06-13 22:23:18.871,mc6,demo1,1
2026-06-13 22:28:18.817,mc6,demo1,1
2026-06-13 22:33:18.151,mc6,demo1,1
2026-06-13 22:38:18.870,mc6,demo1,1
2026-06-13 22:43:18.903,mc6,demo1,1
2026-06-13 22:48:18.915,mc6,demo1,1
2026-06-13 22:53:19.001,mc6,demo1,1
2026-06-13 22:58:18.175,mc6,demo1,1
2026-06-13 23:03:18.642,mc6,demo1,1
2026-06-13 23:08:18.483,mc6,demo1,1
2026-06-13 23:13:19.060,mc6,demo1,1
2026-06-13 23:18:19.510,mc6,demo1,1
2026-06-13 23:23:18.869,mc6,demo1,1
2026-06-13 23:28:18.701,mc6,demo1,1
2026-06-13 23:33:18.932,mc6,demo1,1
2026-06-13 23:38:19.599,mc6,demo1,1
2026-06-13 23:43:18.623,mc6,demo1,1
2026-06-13 23:48:18.787,mc6,demo1,1
2026-06-13 23:53:18.610,mc6,demo1,1
2026-06-13 23:58:18.717,mc6,demo1,1
2026-06-14 00:03:18.769,mc6,demo1,1
2026-06-14 00:08:19.197,mc6,demo1,1
2026-06-14 00:13:19.043,mc6,demo1,1
2026-06-14 00:18:19.078,mc6,demo1,1
2026-06-14 00:23:18.931,mc6,demo1,1
2026-06-14 00:28:19.289,mc6,demo1,1
2026-06-14 00:33:18.794,mc6,demo1,1
2026-06-14 00:38:18.541,mc6,demo1,1
2026-06-14 00:43:18.935,mc6,demo1,1
2026-06-14 00:48:18.292,mc6,demo1,1
2026-06-14 00:53:18.008,mc6,demo1,1
2026-06-14 00:58:18.947,mc6,demo1,1
2026-06-14 01:03:18.576,mc6,demo1,1
2026-06-14 01:08:18.491,mc6,demo1,1
2026-06-14 01:13:18.981,mc6,demo1,1
2026-06-14 01:18:19.236,mc6,demo1,1
2026-06-14 01:23:19.043,mc6,demo1,1
2026-06-14 01:28:18.269,mc6,demo1,1
2026-06-14 01:33:19.101,mc6,demo1,1
2026-06-14 01:38:18.273,mc6,demo1,1
2026-06-14 01:43:18.352,mc6,demo1,1
2026-06-14 01:48:18.304,mc6,demo1,1
2026-06-14 01:53:18.832,mc6,demo1,1
2026-06-14 01:58:18.722,mc6,demo1,1
2026-06-14 02:03:18.647,mc6,demo1,1
2026-06-14 02:08:19.121,mc6,demo1,1
2026-06-14 02:13:18.339,mc6,demo1,1
2026-06-14 02:18:19.070,mc6,demo1,1
2026-06-14 02:23:19.179,mc6,demo1,1
2026-06-14 02:28:18.589,mc6,demo1,1
2026-06-14 02:33:18.716,mc6,demo1,1
2026-06-14 02:38:18.485,mc6,demo1,1
2026-06-14 02:43:18.624,mc6,demo1,1
2026-06-14 02:48:18.454,mc6,demo1,1
2026-06-14 02:53:18.396,mc6,demo1,1
2026-06-14 02:58:18.708,mc6,demo1,1
2026-06-14 03:03:18.364,mc6,demo1,1
2026-06-14 03:08:18.617,mc6,demo1,1
2026-06-14 03:13:18.105,mc6,demo1,1
2026-06-14 03:18:18.262,mc6,demo1,1
2026-06-14 03:23:19.138,mc6,demo1,1
2026-06-14 03:28:18.757,mc6,demo1,1
2026-06-14 03:33:18.446,mc6,demo1,1
2026-06-14 03:38:18.973,mc6,demo1,1
2026-06-14 03:43:18.723,mc6,demo1,1
2026-06-14 03:48:19.135,mc6,demo1,1
2026-06-14 03:53:18.249,mc6,demo1,1
2026-06-14 03:58:18.480,mc6,demo1,1
2026-06-14 04:03:18.941,mc6,demo1,1
2026-06-14 04:08:18.641,mc6,demo1,1
2026-06-14 04:13:18.691,mc6,demo1,1
2026-06-14 04:18:18.627,mc6,demo1,1
2026-06-14 04:23:18.413,mc6,demo1,1
2026-06-14 04:28:18.364,mc6,demo1,1
2026-06-14 04:33:18.732,mc6,demo1,1
2026-06-14 04:38:18.650,mc6,demo1,1
2026-06-14 04:43:19.149,mc6,demo1,1
2026-06-14 04:48:19.145,mc6,demo1,1
2026-06-14 04:53:18.566,mc6,demo1,1
2026-06-14 04:58:18.266,mc6,demo1,1
2026-06-14 05:03:18.023,mc6,demo1,1
2026-06-14 05:08:18.263,mc6,demo1,1
2026-06-14 05:13:18.653,mc6,demo1,1
2026-06-14 05:18:18.860,mc6,demo1,1
2026-06-14 05:23:18.718,mc6,demo1,1
2026-06-14 05:28:19.292,mc6,demo1,1
2026-06-14 05:33:18.419,mc6,demo1,1
2026-06-14 05:38:19.663,mc6,demo1,1
2026-06-14 05:43:18.388,mc6,demo1,1
2026-06-14 05:48:18.861,mc6,demo1,1
2026-06-14 05:53:18.668,mc6,demo1,1
2026-06-14 05:58:18.457,mc6,demo1,1
2026-06-14 06:03:18.689,mc6,demo1,1
2026-06-14 06:08:18.917,mc6,demo1,1
2026-06-14 06:13:18.780,mc6,demo1,1
2026-06-14 06:18:18.133,mc6,demo1,1
2026-06-14 06:23:18.336,mc6,demo1,1
2026-06-14 06:28:19.003,mc6,demo1,1
2026-06-14 06:33:18.289,mc6,demo1,1
2026-06-14 06:38:19.018,mc6,demo1,1
2026-06-14 06:43:18.706,mc6,demo1,1
2026-06-14 06:48:18.700,mc6,demo1,1
2026-06-14 06:53:19.084,mc6,demo1,1
2026-06-14 06:58:18.768,mc6,demo1,1
2026-06-14 07:03:18.390,mc6,demo1,1
2026-06-14 07:08:19.028,mc6,demo1,1
2026-06-14 07:13:18.703,mc6,demo1,1
2026-06-14 07:18:18.235,mc6,demo1,1
2026-06-14 07:23:18.512,mc6,demo1,1
2026-06-14 07:28:18.863,mc6,demo1,1
2026-06-14 07:33:18.195,mc6,demo1,1
2026-06-14 07:38:18.540,mc6,demo1,1
2026-06-14 07:43:18.959,mc6,demo1,1
2026-06-14 07:48:18.764,mc6,demo1,1
2026-06-14 07:53:18.362,mc6,demo1,1
2026-06-14 07:58:18.961,mc6,demo1,1
2026-06-14 08:03:18.616,mc6,demo1,1
2026-06-14 08:08:18.473,mc6,demo1,1
2026-06-14 08:13:18.812,mc6,demo1,1
2026-06-14 08:18:18.854,mc6,demo1,1
2026-06-14 08:23:18.610,mc6,demo1,1
2026-06-14 08:28:18.343,mc6,demo1,1
2026-06-14 08:33:18.665,mc6,demo1,1
2026-06-14 08:38:19.199,mc6,demo1,1
2026-06-14 08:43:18.812,mc6,demo1,1
2026-06-14 08:48:18.139,mc6,demo1,1
2026-06-14 08:53:18.364,mc6,demo1,1
2026-06-14 08:58:19.002,mc6,demo1,1
2026-06-14 09:03:18.681,mc6,demo1,1
2026-06-14 09:08:19.175,mc6,demo1,1
2026-06-14 09:13:19.426,mc6,demo1,1
2026-06-14 09:18:18.215,mc6,demo1,1
2026-06-14 09:23:18.722,mc6,demo1,1
2026-06-14 09:28:18.899,mc6,demo1,1
2026-06-14 09:33:18.980,mc6,demo1,1
2026-06-14 09:38:18.250,mc6,demo1,1
2026-06-14 09:43:19.243,mc6,demo1,1
2026-06-14 09:48:19.273,mc6,demo1,1
2026-06-14 09:53:18.908,mc6,demo1,1
2026-06-14 09:58:18.453,mc6,demo1,1
2026-06-14 10:03:18.591,mc6,demo1,1
2026-06-14 10:08:18.237,mc6,demo1,1
2026-06-14 10:13:18.905,mc6,demo1,1
2026-06-14 10:18:19.448,mc6,demo1,1
2026-06-14 10:23:18.930,mc6,demo1,1
2026-06-14 10:28:18.904,mc6,demo1,1
2026-06-14 10:33:18.634,mc6,demo1,1
2026-06-14 10:38:18.265,mc6,demo1,1
2026-06-14 10:43:18.759,mc6,demo1,1
2026-06-14 10:48:19.289,mc6,demo1,1
2026-06-14 10:53:18.255,mc6,demo1,1
2026-06-14 10:58:18.933,mc6,demo1,1
2026-06-14 11:03:18.648,mc6,demo1,1
2026-06-14 11:08:18.764,mc6,demo1,1
2026-06-14 11:13:18.645,mc6,demo1,1
2026-06-14 11:18:18.919,mc6,demo1,1
2026-06-14 11:23:19.107,mc6,demo1,1
2026-06-14 11:28:19.440,mc6,demo1,1
2026-06-14 11:33:19.072,mc6,demo1,1
2026-06-14 11:38:18.273,mc6,demo1,1
2026-06-14 11:43:18.336,mc6,demo1,1
2026-06-14 11:48:18.674,mc6,demo1,1
2026-06-14 11:53:18.519,mc6,demo1,1
2026-06-14 11:58:19.019,mc6,demo1,1
2026-06-14 12:03:18.607,mc6,demo1,1
2026-06-14 12:08:19.641,mc6,demo1,1
2026-06-14 12:13:18.685,mc6,demo1,1
2026-06-14 12:18:18.748,mc6,demo1,1
2026-06-14 12:23:18.582,mc6,demo1,1
2026-06-14 12:28:18.486,mc6,demo1,1
2026-06-14 12:33:18.699,mc6,demo1,1
2026-06-14 12:38:18.804,mc6,demo1,1
2026-06-14 12:43:18.850,mc6,demo1,1
2026-06-14 12:48:18.131,mc6,demo1,1
2026-06-14 12:53:18.312,mc6,demo1,1
2026-06-14 12:58:18.772,mc6,demo1,1
2026-06-14 13:03:18.421,mc6,demo1,1
2026-06-14 13:08:18.760,mc6,demo1,1
2026-06-14 13:13:18.779,mc6,demo1,1
2026-06-14 13:18:18.854,mc6,demo1,1
2026-06-14 13:23:18.689,mc6,demo1,1
2026-06-14 13:28:18.712,mc6,demo1,1
2026-06-14 13:33:18.826,mc6,demo1,1
2026-06-14 13:38:18.231,mc6,demo1,1
2026-06-14 13:43:19.934,mc6,demo1,1
2026-06-14 13:48:18.919,mc6,demo1,1
2026-06-14 13:53:18.933,mc6,demo1,1
2026-06-14 13:58:19.426,mc6,demo1,1
2026-06-14 14:03:18.592,mc6,demo1,1
2026-06-14 14:08:18.921,mc6,demo1,1
2026-06-14 14:13:19.384,mc6,demo1,1
2026-06-14 14:18:18.402,mc6,demo1,1
2026-06-14 14:23:18.371,mc6,demo1,1
2026-06-14 14:28:19.008,mc6,demo1,1
2026-06-14 14:33:18.478,mc6,demo1,1
2026-06-14 14:38:18.905,mc6,demo1,1
2026-06-14 14:43:18.936,mc6,demo1,1
2026-06-14 14:48:18.980,mc6,demo1,1
2026-06-14 14:53:18.941,mc6,demo1,1
2026-06-14 14:58:18.768,mc6,demo1,1
2026-06-14 15:03:18.901,mc6,demo1,1
2026-06-14 15:08:19.319,mc6,demo1,1
2026-06-14 15:13:18.932,mc6,demo1,1
2026-06-14 15:18:18.355,mc6,demo1,1
2026-06-14 15:23:18.417,mc6,demo1,1
2026-06-14 15:28:18.936,mc6,demo1,1
2026-06-14 15:33:18.502,mc6,demo1,1
2026-06-14 15:38:18.883,mc6,demo1,1
2026-06-14 15:43:19.037,mc6,demo1,1
2026-06-14 15:48:18.664,mc6,demo1,1
2026-06-14 15:53:19.401,mc6,demo1,1
2026-06-14 15:58:18.703,mc6,demo1,1
2026-06-14 16:03:19.024,mc6,demo1,1
2026-06-14 16:08:19.078,mc6,demo1,1
2026-06-14 16:13:18.852,mc6,demo1,1
2026-06-14 16:18:19.140,mc6,demo1,1
2026-06-14 16:23:18.926,mc6,demo1,1
2026-06-14 16:28:18.693,mc6,demo1,1
2026-06-14 16:33:19.063,mc6,demo1,1
2026-06-14 16:38:18.138,mc6,demo1,1
2026-06-14 16:43:18.785,mc6,demo1,1
2026-06-14 16:48:18.581,mc6,demo1,1
2026-06-14 16:53:18.776,mc6,demo1,1
2026-06-14 16:58:18.716,mc6,demo1,1
2026-06-14 17:03:18.744,mc6,demo1,1
2026-06-14 17:08:18.614,mc6,demo1,1
2026-06-14 17:13:18.696,mc6,demo1,1
2026-06-14 17:18:18.762,mc6,demo1,1
2026-06-14 17:23:18.212,mc6,demo1,1
2026-06-14 17:28:18.771,mc6,demo1,1
2026-06-14 17:33:19.082,mc6,demo1,1
2026-06-14 17:38:18.661,mc6,demo1,1
2026-06-14 17:43:18.228,mc6,demo1,1
2026-06-14 17:48:19.383,mc6,demo1,1
2026-06-14 17:53:18.740,mc6,demo1,1
2026-06-14 17:58:19.064,mc6,demo1,1
2026-06-14 18:03:18.352,mc6,demo1,1
2026-06-14 18:08:19.061,mc6,demo1,1
2026-06-14 18:13:19.204,mc6,demo1,1
2026-06-14 18:18:18.987,mc6,demo1,1
2026-06-14 18:23:18.254,mc6,demo1,1
2026-06-14 18:28:19.010,mc6,demo1,1
2026-06-14 18:33:18.931,mc6,demo1,1
2026-06-14 18:38:18.817,mc6,demo1,1
2026-06-14 18:43:18.819,mc6,demo1,1
2026-06-14 18:48:18.425,mc6,demo1,1
2026-06-14 18:53:18.791,mc6,demo1,1
2026-06-14 18:58:18.694,mc6,demo1,1
2026-06-14 19:03:19.137,mc6,demo1,1
2026-06-14 19:08:18.880,mc6,demo1,1
2026-06-14 19:13:18.414,mc6,demo1,1
2026-06-14 19:18:18.838,mc6,demo1,1
2026-06-14 19:23:18.644,mc6,demo1,1
2026-06-14 19:28:18.358,mc6,demo1,1
2026-06-14 19:33:18.786,mc6,demo1,1
2026-06-14 19:38:18.487,mc6,demo1,1
2026-06-14 19:43:18.237,mc6,demo1,1
2026-06-14 19:48:18.500,mc6,demo1,1
2026-06-14 19:53:18.286,mc6,demo1,1
2026-06-14 19:58:18.489,mc6,demo1,1
2026-06-14 20:03:18.212,mc6,demo1,1
2026-06-14 20:08:19.070,mc6,demo1,1
2026-06-14 20:13:19.077,mc6,demo1,1
2026-06-14 20:18:18.502,mc6,demo1,1
2026-06-14 20:23:18.435,mc6,demo1,1
2026-06-14 20:28:19.049,mc6,demo1,1
2026-06-14 20:33:18.624,mc6,demo1,1
2026-06-14 20:38:18.659,mc6,demo1,1
2026-06-14 20:43:18.313,mc6,demo1,1
2026-06-14 20:48:18.991,mc6,demo1,1
2026-06-14 20:53:19.074,mc6,demo1,1
2026-06-14 20:58:19.073,mc6,demo1,1
2026-06-14 21:03:18.047,mc6,demo1,1
2026-06-14 21:08:18.996,mc6,demo1,1
2026-06-14 21:13:18.137,mc6,demo1,1
2026-06-14 21:18:18.692,mc6,demo1,1
2026-06-14 21:23:19.335,mc6,demo1,1
2026-06-14 21:28:19.129,mc6,demo1,1
2026-06-14 21:33:18.696,mc6,demo1,1
2026-06-14 21:38:19.007,mc6,demo1,1
2026-06-14 21:43:19.170,mc6,demo1,1
2026-06-14 21:48:18.579,mc6,demo1,1
2026-06-14 21:53:18.665,mc6,demo1,1
2026-06-14 21:58:18.926,mc6,demo1,1
2026-06-14 22:03:19.470,mc6,demo1,1
2026-06-14 22:08:18.582,mc6,demo1,1
2026-06-14 22:13:18.172,mc6,demo1,1
2026-06-14 22:18:18.461,mc6,demo1,1
2026-06-14 22:23:18.525,mc6,demo1,1
2026-06-14 22:28:18.687,mc6,demo1,1
2026-06-14 22:33:19.245,mc6,demo1,1
2026-06-14 22:38:18.529,mc6,demo1,1
2026-06-14 22:43:18.963,mc6,demo1,1
2026-06-14 22:48:18.849,mc6,demo1,1
2026-06-14 22:53:19.436,mc6,demo1,1
2026-06-14 22:58:19.514,mc6,demo1,1
2026-06-14 23:03:18.638,mc6,demo1,1
2026-06-14 23:08:18.798,mc6,demo1,1
2026-06-14 23:13:18.648,mc6,demo1,1
2026-06-14 23:18:18.236,mc6,demo1,1
2026-06-14 23:23:18.690,mc6,demo1,1
2026-06-14 23:28:18.173,mc6,demo1,1
2026-06-14 23:33:18.871,mc6,demo1,1
2026-06-14 23:38:18.479,mc6,demo1,1
2026-06-14 23:43:18.891,mc6,demo1,1
2026-06-14 23:48:18.744,mc6,demo1,1
2026-06-14 23:53:18.344,mc6,demo1,1
2026-06-14 23:58:19.086,mc6,demo1,1
2026-06-15 00:03:18.872,mc6,demo1,1
2026-06-15 00:08:19.290,mc6,demo1,1
2026-06-15 00:13:19.151,mc6,demo1,1
2026-06-15 00:18:18.760,mc6,demo1,1
2026-06-15 00:23:18.358,mc6,demo1,1
2026-06-15 00:28:18.583,mc6,demo1,1
2026-06-15 00:33:18.871,mc6,demo1,1
2026-06-15 00:38:18.550,mc6,demo1,1
2026-06-15 00:43:18.159,mc6,demo1,1
2026-06-15 00:48:18.703,mc6,demo1,1
2026-06-15 00:53:18.854,mc6,demo1,1
2026-06-15 00:58:19.808,mc6,demo1,1
2026-06-15 01:03:18.542,mc6,demo1,1
2026-06-15 01:08:18.922,mc6,demo1,1
2026-06-15 01:13:18.434,mc6,demo1,1
2026-06-15 01:18:18.851,mc6,demo1,1
2026-06-15 01:23:18.364,mc6,demo1,1
2026-06-15 01:28:18.708,mc6,demo1,1
2026-06-15 01:33:18.838,mc6,demo1,1
2026-06-15 01:38:18.328,mc6,demo1,1
2026-06-15 01:43:18.644,mc6,demo1,1
2026-06-15 01:48:18.801,mc6,demo1,1
2026-06-15 01:53:18.690,mc6,demo1,1
2026-06-15 01:58:18.932,mc6,demo1,1
2026-06-15 02:03:19.485,mc6,demo1,1
2026-06-15 02:08:18.970,mc6,demo1,1
2026-06-15 02:13:18.696,mc6,demo1,1
2026-06-15 02:18:18.417,mc6,demo1,1
2026-06-15 02:23:18.842,mc6,demo1,1
2026-06-15 02:28:18.562,mc6,demo1,1
2026-06-15 02:33:18.878,mc6,demo1,1
2026-06-15 02:38:19.109,mc6,demo1,1
2026-06-15 02:43:18.618,mc6,demo1,1
2026-06-15 02:48:18.247,mc6,demo1,1
2026-06-15 02:53:18.754,mc6,demo1,1
2026-06-15 02:58:18.679,mc6,demo1,1
2026-06-15 03:03:18.834,mc6,demo1,1
2026-06-15 03:08:19.688,mc6,demo1,1
2026-06-15 03:13:18.790,mc6,demo1,1
2026-06-15 03:18:19.393,mc6,demo1,1
2026-06-15 03:23:18.484,mc6,demo1,1
2026-06-15 03:28:18.585,mc6,demo1,1
2026-06-15 03:33:18.897,mc6,demo1,1
2026-06-15 03:38:18.893,mc6,demo1,1
2026-06-15 03:43:19.032,mc6,demo1,1
2026-06-15 03:48:18.918,mc6,demo1,1
2026-06-15 03:53:18.543,mc6,demo1,1
2026-06-15 03:58:18.820,mc6,demo1,1
2026-06-15 04:03:18.107,mc6,demo1,1
2026-06-15 04:08:19.003,mc6,demo1,1
2026-06-15 04:13:18.740,mc6,demo1,1
2026-06-15 04:18:18.647,mc6,demo1,1
2026-06-15 04:23:19.291,mc6,demo1,1
2026-06-15 04:28:18.569,mc6,demo1,1
2026-06-15 04:33:18.319,mc6,demo1,1
2026-06-15 04:38:18.968,mc6,demo1,1
2026-06-15 04:43:18.973,mc6,demo1,1
2026-06-15 04:48:18.830,mc6,demo1,1
2026-06-15 04:53:19.029,mc6,demo1,1
2026-06-15 04:58:18.232,mc6,demo1,1
2026-06-15 05:03:18.629,mc6,demo1,1
2026-06-15 05:08:19.222,mc6,demo1,1
2026-06-15 05:13:18.458,mc6,demo1,1
2026-06-15 05:18:18.817,mc6,demo1,1
2026-06-15 05:23:19.159,mc6,demo1,1
2026-06-15 05:28:18.892,mc6,demo1,1
2026-06-15 05:33:18.372,mc6,demo1,1
2026-06-15 05:38:19.205,mc6,demo1,1
2026-06-15 05:43:18.743,mc6,demo1,1
2026-06-15 05:48:18.952,mc6,demo1,1
2026-06-15 05:53:19.041,mc6,demo1,1
2026-06-15 05:58:18.887,mc6,demo1,1
2026-06-15 06:03:19.194,mc6,demo1,1
2026-06-15 06:08:18.952,mc6,demo1,1
2026-06-15 06:13:18.528,mc6,demo1,1
2026-06-15 06:18:18.852,mc6,demo1,1
2026-06-15 06:23:18.458,mc6,demo1,1
2026-06-15 06:28:18.829,mc6,demo1,1
2026-06-15 06:33:18.705,mc6,demo1,1
2026-06-15 06:38:19.175,mc6,demo1,1
2026-06-15 06:43:19.383,mc6,demo1,1
2026-06-15 06:48:19.186,mc6,demo1,1
2026-06-15 06:53:18.665,mc6,demo1,1
2026-06-15 06:58:18.858,mc6,demo1,1
2026-06-15 07:03:18.705,mc6,demo1,1
2026-06-15 07:08:19.521,mc6,demo1,1
2026-06-15 07:13:18.275,mc6,demo1,1
2026-06-15 07:18:19.295,mc6,demo1,1
2026-06-15 07:23:18.563,mc6,demo1,1
2026-06-15 07:28:18.735,mc6,demo1,1
2026-06-15 07:33:18.835,mc6,demo1,1
2026-06-15 07:38:19.182,mc6,demo1,1
2026-06-15 07:43:18.906,mc6,demo1,1
2026-06-15 07:48:19.544,mc6,demo1,1
2026-06-15 07:53:18.698,mc6,demo1,1
2026-06-15 07:58:18.539,mc6,demo1,1
2026-06-15 08:03:18.648,mc6,demo1,1
2026-06-15 08:08:18.698,mc6,demo1,1
2026-06-15 08:13:19.167,mc6,demo1,1
2026-06-15 08:18:19.771,mc6,demo1,1
2026-06-15 08:23:18.765,mc6,demo1,1
2026-06-15 08:28:19.038,mc6,demo1,1
2026-06-15 08:33:18.580,mc6,demo1,1
2026-06-15 08:38:19.069,mc6,demo1,1
2026-06-15 08:43:18.912,mc6,demo1,1
2026-06-15 08:48:18.899,mc6,demo1,1
2026-06-15 08:53:18.902,mc6,demo1,1
2026-06-15 08:58:19.334,mc6,demo1,1
2026-06-15 09:03:19.098,mc6,demo1,1
2026-06-15 09:08:18.584,mc6,demo1,1
2026-06-15 09:13:19.035,mc6,demo1,1
2026-06-15 09:18:18.845,mc6,demo1,1
2026-06-15 09:23:18.814,mc6,demo1,1
2026-06-15 09:28:18.644,mc6,demo1,1
2026-06-15 09:33:18.936,mc6,demo1,1
2026-06-15 09:38:18.461,mc6,demo1,1
2026-06-15 09:43:18.666,mc6,demo1,1
2026-06-15 09:48:18.665,mc6,demo1,1
2026-06-15 09:53:19.011,mc6,demo1,1
2026-06-15 09:58:19.105,mc6,demo1,1
2026-06-15 10:03:18.930,mc6,demo1,1
2026-06-15 10:08:18.125,mc6,demo1,1
2026-06-15 10:13:18.702,mc6,demo1,1
2026-06-15 10:18:19.178,mc6,demo1,1
2026-06-15 10:23:18.331,mc6,demo1,1
2026-06-15 10:28:18.201,mc6,demo1,1
2026-06-15 10:33:18.329,mc6,demo1,1
2026-06-15 10:38:19.062,mc6,demo1,1
2026-06-15 10:43:18.193,mc6,demo1,1
2026-06-15 10:48:18.503,mc6,demo1,1
2026-06-15 10:53:18.372,mc6,demo1,1
2026-06-15 10:58:19.063,mc6,demo1,1
2026-06-15 11:03:18.427,mc6,demo1,1
2026-06-15 11:08:19.035,mc6,demo1,1
2026-06-15 11:13:19.340,mc6,demo1,1
2026-06-15 11:18:18.887,mc6,demo1,1
2026-06-15 11:23:18.256,mc6,demo1,1
2026-06-15 11:28:18.773,mc6,demo1,1
2026-06-15 11:33:19.263,mc6,demo1,1
2026-06-15 11:38:19.174,mc6,demo1,1
2026-06-15 11:43:18.444,mc6,demo1,1
2026-06-15 11:48:19.027,mc6,demo1,1
2026-06-15 11:53:18.376,mc6,demo1,1
2026-06-15 11:58:18.836,mc6,demo1,1
2026-06-15 12:03:18.320,mc6,demo1,1
2026-06-15 12:08:18.816,mc6,demo1,1
2026-06-15 12:13:19.603,mc6,demo1,1
2026-06-15 12:18:18.641,mc6,demo1,1
2026-06-15 12:23:18.349,mc6,demo1,1
2026-06-15 12:28:18.507,mc6,demo1,1
2026-06-15 12:33:18.655,mc6,demo1,1
2026-06-15 12:38:18.695,mc6,demo1,1
2026-06-15 12:43:18.564,mc6,demo1,1
2026-06-15 12:48:18.963,mc6,demo1,1
2026-06-15 12:53:18.376,mc6,demo1,1
2026-06-15 12:58:18.265,mc6,demo1,1
2026-06-15 13:03:19.247,mc6,demo1,1
2026-06-15 13:08:18.761,mc6,demo1,1
2026-06-15 13:13:18.358,mc6,demo1,1
2026-06-15 13:18:18.302,mc6,demo1,1
2026-06-15 13:23:18.756,mc6,demo1,1
2026-06-15 13:28:19.430,mc6,demo1,1
2026-06-15 13:33:18.883,mc6,demo1,1
2026-06-15 13:38:18.602,mc6,demo1,1
2026-06-15 13:43:19.117,mc6,demo1,1
2026-06-15 13:48:18.918,mc6,demo1,1
2026-06-15 13:53:19.140,mc6,demo1,1
2026-06-15 13:58:18.848,mc6,demo1,1
2026-06-15 14:03:18.765,mc6,demo1,1
2026-06-15 14:08:18.699,mc6,demo1,1
2026-06-15 14:13:18.814,mc6,demo1,1
2026-06-15 14:18:18.483,mc6,demo1,1
2026-06-15 14:23:18.119,mc6,demo1,1
2026-06-15 14:28:18.900,mc6,demo1,1
2026-06-15 14:33:18.474,mc6,demo1,1
2026-06-15 14:38:20.199,mc6,demo1,1
2026-06-15 14:43:18.435,mc6,demo1,1
2026-06-15 14:48:18.844,mc6,demo1,1
2026-06-15 14:53:18.198,mc6,demo1,1
2026-06-15 14:58:19.171,mc6,demo1,1
2026-06-15 15:03:18.422,mc6,demo1,1
2026-06-15 15:08:19.127,mc6,demo1,1
2026-06-15 15:13:19.091,mc6,demo1,1
2026-06-15 15:18:18.930,mc6,demo1,1
2026-06-15 15:23:18.936,mc6,demo1,1
2026-06-15 15:28:18.390,mc6,demo1,1
2026-06-15 15:33:18.846,mc6,demo1,1
2026-06-15 15:38:19.889,mc6,demo1,1
2026-06-15 15:43:18.964,mc6,demo1,1
2026-06-15 15:48:18.862,mc6,demo1,1
2026-06-15 15:53:18.951,mc6,demo1,1
2026-06-15 15:58:18.824,mc6,demo1,1
2026-06-15 16:03:18.742,mc6,demo1,1
2026-06-15 16:08:18.689,mc6,demo1,1
2026-06-15 16:13:19.053,mc6,demo1,1
2026-06-15 16:18:18.331,mc6,demo1,1
2026-06-15 16:23:18.873,mc6,demo1,1
2026-06-15 16:28:18.515,mc6,demo1,1
2026-06-15 16:33:18.932,mc6,demo1,1
2026-06-15 16:38:18.929,mc6,demo1,1
2026-06-15 16:43:18.841,mc6,demo1,1
2026-06-15 16:48:19.496,mc6,demo1,1
2026-06-15 16:53:18.516,mc6,demo1,1
2026-06-15 16:58:18.776,mc6,demo1,1
2026-06-15 17:03:18.566,mc6,demo1,1
2026-06-15 17:08:18.351,mc6,demo1,1
2026-06-15 17:13:18.889,mc6,demo1,1
2026-06-15 17:18:18.439,mc6,demo1,1
2026-06-15 17:23:18.920,mc6,demo1,1
2026-06-15 17:28:18.853,mc6,demo1,1
2026-06-15 17:33:18.672,mc6,demo1,1
2026-06-15 17:38:18.923,mc6,demo1,1
2026-06-15 17:43:19.046,mc6,demo1,1
2026-06-15 17:48:18.651,mc6,demo1,1
2026-06-15 17:53:18.818,mc6,demo1,1
2026-06-15 17:58:19.193,mc6,demo1,1
2026-06-15 18:03:18.665,mc6,demo1,1
2026-06-15 18:08:18.933,mc6,demo1,1
2026-06-15 18:13:18.910,mc6,demo1,1
2026-06-15 18:18:18.352,mc6,demo1,1
2026-06-15 18:23:18.406,mc6,demo1,1
2026-06-15 18:28:18.161,mc6,demo1,1
2026-06-15 18:33:18.896,mc6,demo1,1
2026-06-15 18:38:19.323,mc6,demo1,1
2026-06-15 18:43:18.702,mc6,demo1,1
2026-06-15 18:48:18.912,mc6,demo1,1
2026-06-15 18:53:19.102,mc6,demo1,1
2026-06-15 18:58:18.263,mc6,demo1,1
2026-06-15 19:03:18.933,mc6,demo1,1
2026-06-15 19:08:19.823,mc6,demo1,1
2026-06-15 19:13:18.737,mc6,demo1,1
2026-06-15 19:18:18.849,mc6,demo1,1
2026-06-15 19:23:18.312,mc6,demo1,1
2026-06-15 19:28:18.181,mc6,demo1,1
2026-06-15 19:33:18.330,mc6,demo1,1
2026-06-15 19:38:18.960,mc6,demo1,1
2026-06-15 19:43:19.070,mc6,demo1,1
2026-06-15 19:48:18.897,mc6,demo1,1
2026-06-15 19:53:19.034,mc6,demo1,1
2026-06-15 19:58:19.020,mc6,demo1,1
2026-06-15 20:03:18.264,mc6,demo1,1
2026-06-15 20:08:18.879,mc6,demo1,1
2026-06-15 20:13:18.723,mc6,demo1,1
2026-06-15 20:18:19.337,mc6,demo1,1
2026-06-15 20:23:18.210,mc6,demo1,1
2026-06-15 20:28:18.376,mc6,demo1,1
2026-06-15 20:33:18.518,mc6,demo1,1
2026-06-15 20:38:18.425,mc6,demo1,1
2026-06-15 20:43:18.656,mc6,demo1,1
2026-06-15 20:48:18.686,mc6,demo1,1
2026-06-15 20:53:18.167,mc6,demo1,1
2026-06-15 20:58:19.021,mc6,demo1,1
2026-06-15 21:03:18.717,mc6,demo1,1
2026-06-15 21:08:18.301,mc6,demo1,1
2026-06-15 21:13:18.235,mc6,demo1,1
2026-06-15 21:18:19.040,mc6,demo1,1
2026-06-15 21:23:18.610,mc6,demo1,1
2026-06-15 21:28:18.711,mc6,demo1,1
2026-06-15 21:33:18.244,mc6,demo1,1
2026-06-15 21:38:18.596,mc6,demo1,1
2026-06-15 21:43:18.634,mc6,demo1,1
2026-06-15 21:48:18.572,mc6,demo1,1
2026-06-15 21:53:18.175,mc6,demo1,1
2026-06-15 21:58:18.490,mc6,demo1,1
2026-06-15 22:03:19.034,mc6,demo1,1
2026-06-15 22:08:19.075,mc6,demo1,1
2026-06-15 22:13:18.788,mc6,demo1,1
2026-06-15 22:18:18.489,mc6,demo1,1
2026-06-15 22:23:18.767,mc6,demo1,1
2026-06-15 22:28:18.391,mc6,demo1,1
2026-06-15 22:33:18.836,mc6,demo1,1
2026-06-15 22:38:19.320,mc6,demo1,1
2026-06-15 22:43:18.723,mc6,demo1,1
2026-06-15 22:48:18.933,mc6,demo1,1
2026-06-15 22:53:18.480,mc6,demo1,1
2026-06-15 22:58:18.871,mc6,demo1,1
2026-06-15 23:03:18.662,mc6,demo1,1
2026-06-15 23:08:18.332,mc6,demo1,1
2026-06-15 23:13:18.677,mc6,demo1,1
2026-06-15 23:18:18.743,mc6,demo1,1
2026-06-15 23:23:18.525,mc6,demo1,1
2026-06-15 23:28:18.877,mc6,demo1,1
2026-06-15 23:33:18.478,mc6,demo1,1
2026-06-15 23:38:18.364,mc6,demo1,1
2026-06-15 23:43:18.688,mc6,demo1,1
2026-06-15 23:48:18.244,mc6,demo1,1
2026-06-15 23:53:18.341,mc6,demo1,1
2026-06-15 23:58:18.958,mc6,demo1,1
2026-06-16 00:03:19.004,mc6,demo1,1
2026-06-16 00:08:18.707,mc6,demo1,1
2026-06-16 00:13:18.248,mc6,demo1,1
2026-06-16 00:18:18.337,mc6,demo1,1
2026-06-16 00:23:18.880,mc6,demo1,1
2026-06-16 00:28:18.807,mc6,demo1,1
2026-06-16 00:33:19.087,mc6,demo1,1
2026-06-16 00:38:18.958,mc6,demo1,1
2026-06-16 00:43:19.386,mc6,demo1,1
2026-06-16 00:48:18.300,mc6,demo1,1
2026-06-16 00:53:19.107,mc6,demo1,1
2026-06-16 00:58:18.908,mc6,demo1,1
2026-06-16 01:03:18.745,mc6,demo1,1
2026-06-16 01:08:18.977,mc6,demo1,1
2026-06-16 01:13:18.837,mc6,demo1,1
2026-06-16 01:18:18.301,mc6,demo1,1
2026-06-16 01:23:18.755,mc6,demo1,1
2026-06-16 01:28:18.494,mc6,demo1,1
2026-06-16 01:33:18.245,mc6,demo1,1
2026-06-16 01:38:18.502,mc6,demo1,1
2026-06-16 01:43:18.432,mc6,demo1,1
2026-06-16 01:48:19.002,mc6,demo1,1
2026-06-16 01:53:18.950,mc6,demo1,1
2026-06-16 01:58:18.413,mc6,demo1,1
2026-06-16 02:03:20.122,mc6,demo1,1
2026-06-16 02:08:18.563,mc6,demo1,1
2026-06-16 02:13:18.388,mc6,demo1,1
2026-06-16 02:18:18.707,mc6,demo1,1
2026-06-16 02:23:18.403,mc6,demo1,1
2026-06-16 02:28:18.360,mc6,demo1,1
2026-06-16 02:33:18.556,mc6,demo1,1
2026-06-16 02:38:18.953,mc6,demo1,1
2026-06-16 02:43:18.450,mc6,demo1,1
2026-06-16 02:48:18.617,mc6,demo1,1
2026-06-16 02:53:18.228,mc6,demo1,1
2026-06-16 02:58:18.886,mc6,demo1,1
2026-06-16 03:03:18.818,mc6,demo1,1
2026-06-16 03:08:19.217,mc6,demo1,1
2026-06-16 03:13:19.445,mc6,demo1,1
2026-06-16 03:18:18.842,mc6,demo1,1
2026-06-16 03:23:18.767,mc6,demo1,1
2026-06-16 03:28:18.917,mc6,demo1,1
2026-06-16 03:33:18.845,mc6,demo1,1
2026-06-16 03:38:18.726,mc6,demo1,1
2026-06-16 03:43:18.669,mc6,demo1,1
2026-06-16 03:48:19.157,mc6,demo1,1
2026-06-16 03:53:18.739,mc6,demo1,1
2026-06-16 03:58:18.789,mc6,demo1,1
2026-06-16 04:03:18.416,mc6,demo1,1
2026-06-16 04:08:18.707,mc6,demo1,1
2026-06-16 04:13:18.704,mc6,demo1,1
2026-06-16 04:18:18.731,mc6,demo1,1
2026-06-16 04:23:19.421,mc6,demo1,1
2026-06-16 04:28:19.058,mc6,demo1,1
2026-06-16 04:33:18.800,mc6,demo1,1
2026-06-16 04:38:18.487,mc6,demo1,1
2026-06-16 04:43:19.182,mc6,demo1,1
2026-06-16 04:48:18.458,mc6,demo1,1
2026-06-16 04:53:18.784,mc6,demo1,1
2026-06-16 04:58:18.635,mc6,demo1,1
2026-06-16 05:03:18.847,mc6,demo1,1
2026-06-16 05:08:18.884,mc6,demo1,1
2026-06-16 05:13:19.069,mc6,demo1,1
2026-06-16 05:18:19.084,mc6,demo1,1
2026-06-16 05:23:18.629,mc6,demo1,1
2026-06-16 05:28:18.572,mc6,demo1,1
2026-06-16 05:33:19.527,mc6,demo1,1
2026-06-16 05:38:18.977,mc6,demo1,1
2026-06-16 05:43:18.681,mc6,demo1,1
2026-06-16 05:48:18.324,mc6,demo1,1
2026-06-16 05:53:18.302,mc6,demo1,1
2026-06-16 05:58:18.516,mc6,demo1,1
2026-06-16 06:03:19.105,mc6,demo1,1
2026-06-16 06:08:19.489,mc6,demo1,1
2026-06-16 06:13:18.723,mc6,demo1,1
2026-06-16 06:18:18.426,mc6,demo1,1
2026-06-16 06:23:18.145,mc6,demo1,1
2026-06-16 06:28:18.891,mc6,demo1,1
2026-06-16 06:33:18.785,mc6,demo1,1
2026-06-16 06:38:18.741,mc6,demo1,1
2026-06-16 06:43:18.773,mc6,demo1,1
2026-06-16 06:48:18.702,mc6,demo1,1
2026-06-16 06:53:18.934,mc6,demo1,1
2026-06-16 06:58:19.726,mc6,demo1,1
2026-06-16 07:03:18.513,mc6,demo1,1
2026-06-16 07:08:18.969,mc6,demo1,1
2026-06-16 07:13:18.514,mc6,demo1,1
2026-06-16 07:18:18.555,mc6,demo1,1
2026-06-16 07:23:18.384,mc6,demo1,1
2026-06-16 07:28:18.953,mc6,demo1,1
2026-06-16 07:33:19.150,mc6,demo1,1
2026-06-16 07:38:18.847,mc6,demo1,1
2026-06-16 07:43:18.345,mc6,demo1,1
2026-06-16 07:48:18.192,mc6,demo1,1
2026-06-16 07:53:18.825,mc6,demo1,1
2026-06-16 07:58:18.680,mc6,demo1,1
2026-06-16 08:03:18.182,mc6,demo1,1
2026-06-16 08:08:18.602,mc6,demo1,1
2026-06-16 08:13:18.862,mc6,demo1,1
2026-06-16 08:18:18.834,mc6,demo1,1
2026-06-16 08:23:19.006,mc6,demo1,1
2026-06-16 08:28:18.954,mc6,demo1,1
2026-06-16 08:33:19.177,mc6,demo1,1
2026-06-16 08:38:18.825,mc6,demo1,1
2026-06-16 08:43:18.421,mc6,demo1,1
2026-06-16 08:48:18.829,mc6,demo1,1
2026-06-16 08:53:18.313,mc6,demo1,1
2026-06-16 08:58:18.730,mc6,demo1,1
2026-06-16 09:03:18.989,mc6,demo1,1
2026-06-16 09:08:18.267,mc6,demo1,1
2026-06-16 09:13:19.090,mc6,demo1,1
2026-06-16 09:18:18.419,mc6,demo1,1
2026-06-16 09:23:19.140,mc6,demo1,1
2026-06-16 09:28:18.898,mc6,demo1,1
2026-06-16 09:33:18.399,mc6,demo1,1
2026-06-16 09:38:18.309,mc6,demo1,1
2026-06-16 09:43:18.664,mc6,demo1,1
2026-06-16 09:48:18.267,mc6,demo1,1
2026-06-16 09:53:18.372,mc6,demo1,1
2026-06-16 09:58:18.363,mc6,demo1,1
2026-06-16 10:03:18.446,mc6,demo1,1
2026-06-16 10:08:18.470,mc6,demo1,1
2026-06-16 10:13:19.453,mc6,demo1,1
2026-06-16 10:18:19.066,mc6,demo1,1
2026-06-16 10:23:18.327,mc6,demo1,1
2026-06-16 10:28:18.619,mc6,demo1,1
2026-06-16 10:33:18.932,mc6,demo1,1
2026-06-16 10:38:18.507,mc6,demo1,1
2026-06-16 10:43:18.626,mc6,demo1,1
2026-06-16 10:48:18.261,mc6,demo1,1
2026-06-16 10:53:18.871,mc6,demo1,1
2026-06-16 10:58:18.877,mc6,demo1,1
2026-06-16 11:03:19.977,mc6,demo1,1
2026-06-16 11:08:18.658,mc6,demo1,1
2026-06-16 11:13:18.933,mc6,demo1,1
2026-06-16 11:18:18.772,mc6,demo1,1
2026-06-16 11:23:18.899,mc6,demo1,1
2026-06-16 11:28:19.055,mc6,demo1,1
2026-06-16 11:33:18.942,mc6,demo1,1
2026-06-16 11:38:19.529,mc6,demo1,1
2026-06-16 11:43:18.447,mc6,demo1,1
2026-06-16 11:48:18.873,mc6,demo1,1
2026-06-16 11:53:18.482,mc6,demo1,1
2026-06-16 11:58:18.110,mc6,demo1,1
2026-06-16 12:03:18.674,mc6,demo1,1
2026-06-16 12:08:19.254,mc6,demo1,1
2026-06-16 12:13:18.454,mc6,demo1,1
2026-06-16 12:18:18.784,mc6,demo1,1
2026-06-16 12:23:18.992,mc6,demo1,1
2026-06-16 12:28:18.936,mc6,demo1,1
2026-06-16 12:33:19.088,mc6,demo1,1
2026-06-16 12:38:18.370,mc6,demo1,1
2026-06-16 12:43:18.827,mc6,demo1,1
2026-06-16 12:48:19.202,mc6,demo1,1
2026-06-16 12:53:18.957,mc6,demo1,1
2026-06-16 12:58:18.186,mc6,demo1,1
2026-06-16 13:03:18.322,mc6,demo1,1
2026-06-16 13:08:18.236,mc6,demo1,1
2026-06-16 13:13:19.184,mc6,demo1,1
2026-06-16 13:18:18.328,mc6,demo1,1
2026-06-16 13:23:18.599,mc6,demo1,1
2026-06-16 13:28:18.802,mc6,demo1,1
2026-06-16 13:33:18.942,mc6,demo1,1
2026-06-16 13:38:19.306,mc6,demo1,1
2026-06-16 13:43:18.501,mc6,demo1,1
2026-06-16 13:48:19.194,mc6,demo1,1
2026-06-16 13:53:18.417,mc6,demo1,1
2026-06-16 13:58:18.191,mc6,demo1,1
2026-06-16 14:03:18.587,mc6,demo1,1
2026-06-16 14:08:19.295,mc6,demo1,1
2026-06-16 14:13:18.721,mc6,demo1,1
2026-06-16 14:18:18.200,mc6,demo1,1
2026-06-16 14:23:19.626,mc6,demo1,1
2026-06-16 14:28:18.708,mc6,demo1,1
2026-06-16 14:33:18.317,mc6,demo1,1
2026-06-16 14:38:18.961,mc6,demo1,1
2026-06-16 14:43:18.426,mc6,demo1,1
2026-06-16 14:48:18.417,mc6,demo1,1
2026-06-16 14:58:18.680,mc6,demo1,0
2026-06-16 14:58:18.680,mc6,demo1,1
2026-06-16 14:58:18.680,mc6,demo1,1
2026-06-16 15:03:18.518,mc6,demo1,1
2026-06-16 15:03:18.518,mc6,demo1,1
2026-06-16 15:03:18.518,mc6,demo1,1
2026-06-16 15:08:18.889,mc6,demo1,1
2026-06-16 15:08:18.889,mc6,demo1,1
2026-06-16 15:13:19.209,mc6,demo1,1
2026-06-16 15:18:18.226,mc6,demo1,1
2026-06-16 15:23:18.156,mc6,demo1,1
2026-06-16 15:28:18.929,mc6,demo1,1
2026-06-16 15:33:19.070,mc6,demo1,1
2026-06-16 15:38:18.749,mc6,demo1,1
2026-06-16 15:43:19.417,mc6,demo1,1
2026-06-16 15:48:18.927,mc6,demo1,1
2026-06-16 15:53:18.251,mc6,demo1,1
2026-06-16 15:58:18.477,mc6,demo1,1
2026-06-16 16:03:18.304,mc6,demo1,1
2026-06-16 16:08:19.147,mc6,demo1,1
2026-06-16 16:13:19.014,mc6,demo1,1
2026-06-16 16:18:19.268,mc6,demo1,1
2026-06-16 16:23:18.514,mc6,demo1,1
2026-06-16 16:28:18.302,mc6,demo1,1
2026-06-16 16:33:18.854,mc6,demo1,1
2026-06-16 16:38:18.480,mc6,demo1,1
2026-06-16 16:43:18.844,mc6,demo1,1
2026-06-16 16:48:18.905,mc6,demo1,1
