registered,occurred,broker,modbus,mac_id,mc_no,process
2026-06-16 16:53:06.711,2026-06-16 16:48:18.905,1.0,1.0,,mc6,demo1
2026-06-16 16:53:07.253,2026-06-16 16:48:18.905,1.0,1.0,,mc5,demo1
2026-06-16 16:53:07.132,2026-06-16 16:48:18.905,0.0,0.0,0,mc4,demo1
2026-06-16 16:53:07.014,2026-06-16 16:48:18.905,0.0,0.0,0,mc3,demo1
2026-06-16 16:53:06.913,2026-06-16 16:48:18.905,1.0,1.0,,mc2,demo1
2026-06-16 16:53:06.814,2026-06-16 16:48:18.905,1.0,1.0,,mc1,demo1
2026-06-16 16:48:05.137,2026-06-16 16:43:18.844,1.0,1.0,,mc1,demo1
2026-06-16 16:48:05.320,2026-06-16 16:43:18.844,1.0,1.0,,mc5,demo1
2026-06-16 16:48:05.254,2026-06-16 16:43:18.844,0.0,0.0,0,mc4,demo1
2026-06-16 16:48:05.212,2026-06-16 16:43:18.844,0.0,0.0,0,mc3,demo1
2026-06-16 16:48:05.165,2026-06-16 16:43:18.844,1.0,1.0,,mc2,demo1
2026-06-16 16:48:05.093,2026-06-16 16:43:18.844,1.0,1.0,,mc6,demo1
2026-06-16 16:43:04.756,2026-06-16 16:38:18.480,1.0,1.0,,mc1,demo1
2026-06-16 16:43:04.943,2026-06-16 16:38:18.480,1.0,1.0,,mc5,demo1
2026-06-16 16:43:04.910,2026-06-16 16:38:18.480,0.0,0.0,0,mc4,demo1
2026-06-16 16:43:04.855,2026-06-16 16:38:18.480,0.0,0.0,0,mc3,demo1
2026-06-16 16:43:04.800,2026-06-16 16:38:18.480,1.0,1.0,,mc2,demo1
2026-06-16 16:43:04.726,2026-06-16 16:38:18.480,1.0,1.0,,mc6,demo1
2026-06-16 16:38:05.091,2026-06-16 16:33:18.854,1.0,1.0,,mc1,demo1
2026-06-16 16:38:05.221,2026-06-16 16:33:18.854,1.0,1.0,,mc5,demo1
2026-06-16 16:38:05.190,2026-06-16 16:33:18.854,0.0,0.0,0,mc4,demo1
2026-06-16 16:38:05.165,2026-06-16 16:33:18.854,0.0,0.0,0,mc3,demo1
2026-06-16 16:38:05.129,2026-06-16 16:33:18.854,1.0,1.0,,mc2,demo1
2026-06-16 16:38:05.045,2026-06-16 16:33:18.854,1.0,1.0,,mc6,demo1
2026-06-16 16:33:04.966,2026-06-16 16:28:18.302,1.0,1.0,,mc1,demo1
2026-06-16 16:33:05.146,2026-06-16 16:28:18.302,1.0,1.0,,mc5,demo1
2026-06-16 16:33:05.090,2026-06-16 16:28:18.302,0.0,0.0,0,mc4,demo1
2026-06-16 16:33:05.053,2026-06-16 16:28:18.302,0.0,0.0,0,mc3,demo1
2026-06-16 16:33:05.008,2026-06-16 16:28:18.302,1.0,1.0,,mc2,demo1
2026-06-16 16:33:04.936,2026-06-16 16:28:18.302,1.0,1.0,,mc6,demo1
2026-06-16 16:28:04.018,2026-06-16 16:23:18.514,1.0,1.0,,mc1,demo1
2026-06-16 16:28:04.304,2026-06-16 16:23:18.514,1.0,1.0,,mc5,demo1
2026-06-16 16:28:04.223,2026-06-16 16:23:18.514,0.0,0.0,0,mc4,demo1
2026-06-16 16:28:04.092,2026-06-16 16:23:18.514,0.0,0.0,0,mc3,demo1
2026-06-16 16:28:04.055,2026-06-16 16:23:18.514,1.0,1.0,,mc2,demo1
2026-06-16 16:28:03.992,2026-06-16 16:23:18.514,1.0,1.0,,mc6,demo1
2026-06-16 16:23:07.218,2026-06-16 16:18:19.268,1.0,1.0,,mc6,demo1
2026-06-16 16:23:07.933,2026-06-16 16:18:19.268,1.0,1.0,,mc5,demo1
2026-06-16 16:23:07.563,2026-06-16 16:18:19.268,0.0,0.0,0,mc4,demo1
2026-06-16 16:23:07.372,2026-06-16 16:18:19.268,0.0,0.0,0,mc3,demo1
2026-06-16 16:23:07.316,2026-06-16 16:18:19.268,1.0,1.0,,mc2,demo1
2026-06-16 16:23:07.268,2026-06-16 16:18:19.268,1.0,1.0,,mc1,demo1
2026-06-16 16:18:04.565,2026-06-16 16:13:19.014,1.0,1.0,,mc6,demo1
2026-06-16 16:18:04.816,2026-06-16 16:13:19.014,1.0,1.0,,mc5,demo1
2026-06-16 16:18:04.753,2026-06-16 16:13:19.014,0.0,0.0,0,mc4,demo1
2026-06-16 16:18:04.709,2026-06-16 16:13:19.014,0.0,0.0,0,mc3,demo1
2026-06-16 16:18:04.672,2026-06-16 16:13:19.014,1.0,1.0,,mc2,demo1
2026-06-16 16:18:04.648,2026-06-16 16:13:19.014,1.0,1.0,,mc1,demo1
2026-06-16 16:13:05.288,2026-06-16 16:08:19.147,1.0,1.0,,mc1,demo1
2026-06-16 16:13:05.678,2026-06-16 16:08:19.147,1.0,1.0,,mc5,demo1
2026-06-16 16:13:05.636,2026-06-16 16:08:19.147,0.0,0.0,0,mc4,demo1
2026-06-16 16:13:05.601,2026-06-16 16:08:19.147,0.0,0.0,0,mc3,demo1
2026-06-16 16:13:05.474,2026-06-16 16:08:19.147,1.0,1.0,,mc2,demo1
2026-06-16 16:13:04.791,2026-06-16 16:08:19.147,1.0,1.0,,mc6,demo1
2026-06-16 16:08:04.720,2026-06-16 16:03:18.304,1.0,1.0,,mc1,demo1
2026-06-16 16:08:04.887,2026-06-16 16:03:18.304,1.0,1.0,,mc5,demo1
2026-06-16 16:08:04.856,2026-06-16 16:03:18.304,0.0,0.0,0,mc4,demo1
2026-06-16 16:08:04.803,2026-06-16 16:03:18.304,0.0,0.0,0,mc3,demo1
2026-06-16 16:08:04.779,2026-06-16 16:03:18.304,1.0,1.0,,mc2,demo1
2026-06-16 16:08:04.686,2026-06-16 16:03:18.304,1.0,1.0,,mc6,demo1
2026-06-16 16:03:04.453,2026-06-16 15:58:18.477,0.0,0.0,0,mc3,demo1
2026-06-16 16:03:04.511,2026-06-16 15:58:18.477,1.0,1.0,,mc5,demo1
2026-06-16 16:03:04.470,2026-06-16 15:58:18.477,0.0,0.0,0,mc4,demo1
2026-06-16 16:03:04.428,2026-06-16 15:58:18.477,1.0,1.0,,mc2,demo1
2026-06-16 16:03:04.408,2026-06-16 15:58:18.477,1.0,1.0,,mc1,demo1
2026-06-16 16:03:04.375,2026-06-16 15:58:18.477,1.0,1.0,,mc6,demo1
2026-06-16 15:58:05.374,2026-06-16 15:53:18.251,1.0,1.0,,mc6,demo1
2026-06-16 15:58:05.602,2026-06-16 15:53:18.251,1.0,1.0,,mc5,demo1
2026-06-16 15:58:05.556,2026-06-16 15:53:18.251,0.0,0.0,0,mc4,demo1
2026-06-16 15:58:05.496,2026-06-16 15:53:18.251,0.0,0.0,0,mc3,demo1
2026-06-16 15:58:05.435,2026-06-16 15:53:18.251,1.0,1.0,,mc2,demo1
2026-06-16 15:58:05.403,2026-06-16 15:53:18.251,1.0,1.0,,mc1,demo1
2026-06-16 15:53:05.184,2026-06-16 15:48:18.927,1.0,1.0,,mc1,demo1
2026-06-16 15:53:05.318,2026-06-16 15:48:18.927,1.0,1.0,,mc5,demo1
2026-06-16 15:53:05.275,2026-06-16 15:48:18.927,0.0,0.0,0,mc4,demo1
2026-06-16 15:53:05.241,2026-06-16 15:48:18.927,0.0,0.0,0,mc3,demo1
2026-06-16 15:53:05.217,2026-06-16 15:48:18.927,1.0,1.0,,mc2,demo1
2026-06-16 15:53:05.143,2026-06-16 15:48:18.927,1.0,1.0,,mc6,demo1
2026-06-16 15:48:05.809,2026-06-16 15:43:19.417,1.0,1.0,,mc2,demo1
2026-06-16 15:48:05.998,2026-06-16 15:43:19.417,1.0,1.0,,mc5,demo1
2026-06-16 15:48:05.929,2026-06-16 15:43:19.417,0.0,0.0,0,mc4,demo1
2026-06-16 15:48:05.627,2026-06-16 15:43:19.417,1.0,1.0,,mc6,demo1
2026-06-16 15:48:05.857,2026-06-16 15:43:19.417,0.0,0.0,0,mc3,demo1
2026-06-16 15:48:05.756,2026-06-16 15:43:19.417,1.0,1.0,,mc1,demo1
2026-06-16 15:43:04.451,2026-06-16 15:38:18.749,1.0,1.0,,mc6,demo1
2026-06-16 15:43:04.659,2026-06-16 15:38:18.749,1.0,1.0,,mc5,demo1
2026-06-16 15:43:04.622,2026-06-16 15:38:18.749,0.0,0.0,0,mc4,demo1
2026-06-16 15:43:04.569,2026-06-16 15:38:18.749,0.0,0.0,0,mc3,demo1
2026-06-16 15:43:04.523,2026-06-16 15:38:18.749,1.0,1.0,,mc2,demo1
2026-06-16 15:43:04.484,2026-06-16 15:38:18.749,1.0,1.0,,mc1,demo1
2026-06-16 15:38:04.879,2026-06-16 15:33:19.070,1.0,1.0,,mc5,demo1
2026-06-16 15:38:04.710,2026-06-16 15:33:19.070,1.0,1.0,,mc6,demo1
2026-06-16 15:38:04.732,2026-06-16 15:33:19.070,1.0,1.0,,mc1,demo1
2026-06-16 15:38:04.773,2026-06-16 15:33:19.070,1.0,1.0,,mc2,demo1
2026-06-16 15:38:04.800,2026-06-16 15:33:19.070,0.0,0.0,0,mc3,demo1
2026-06-16 15:38:04.836,2026-06-16 15:33:19.070,0.0,0.0,0,mc4,demo1
2026-06-16 15:33:06.075,2026-06-16 15:28:18.929,1.0,1.0,,mc1,demo1
2026-06-16 15:33:06.267,2026-06-16 15:28:18.929,1.0,1.0,,mc5,demo1
2026-06-16 15:33:06.232,2026-06-16 15:28:18.929,0.0,0.0,0,mc4,demo1
2026-06-16 15:33:06.200,2026-06-16 15:28:18.929,0.0,0.0,0,mc3,demo1
2026-06-16 15:33:06.164,2026-06-16 15:28:18.929,1.0,1.0,,mc2,demo1
2026-06-16 15:33:06.018,2026-06-16 15:28:18.929,1.0,1.0,,mc6,demo1
2026-06-16 15:28:04.259,2026-06-16 15:23:18.156,1.0,1.0,,mc1,demo1
2026-06-16 15:28:04.526,2026-06-16 15:23:18.156,1.0,1.0,,mc5,demo1
2026-06-16 15:28:04.481,2026-06-16 15:23:18.156,0.0,0.0,0,mc4,demo1
2026-06-16 15:28:04.427,2026-06-16 15:23:18.156,0.0,0.0,0,mc3,demo1
2026-06-16 15:28:04.354,2026-06-16 15:23:18.156,1.0,1.0,,mc2,demo1
2026-06-16 15:28:04.182,2026-06-16 15:23:18.156,1.0,1.0,,mc6,demo1
2026-06-16 15:23:05.871,2026-06-16 15:18:18.226,0.0,0.0,0,mc3,demo1
2026-06-16 15:23:06.013,2026-06-16 15:18:18.226,1.0,1.0,,mc5,demo1
2026-06-16 15:23:05.933,2026-06-16 15:18:18.226,0.0,0.0,0,mc4,demo1
2026-06-16 15:23:05.814,2026-06-16 15:18:18.226,1.0,1.0,,mc2,demo1
2026-06-16 15:23:05.738,2026-06-16 15:18:18.226,1.0,1.0,,mc1,demo1
2026-06-16 15:23:05.689,2026-06-16 15:18:18.226,1.0,1.0,,mc6,demo1
2026-06-16 15:16:01.513,2026-06-16 15:13:19.209,1.0,1.0,,mc1,demo1
2026-06-16 15:16:01.301,2026-06-16 15:13:19.209,1.0,1.0,,mc6,demo1
2026-06-16 15:16:01.356,2026-06-16 15:13:19.209,1.0,1.0,,mc2,demo1
2026-06-16 15:16:01.397,2026-06-16 15:13:19.209,1.0,1.0,,mc5,demo1
2026-06-16 15:16:01.438,2026-06-16 15:13:19.209,0.0,0.0,0,mc4,demo1
2026-06-16 15:16:01.480,2026-06-16 15:13:19.209,0.0,0.0,0,mc3,demo1
2026-06-16 15:13:03.906,2026-06-16 15:08:18.889,1.0,1.0,,mc1,demo1
2026-06-16 15:16:01.747,2026-06-16 15:08:18.889,0.0,0.0,0,mc3,demo1
2026-06-16 15:16:01.687,2026-06-16 15:08:18.889,1.0,1.0,,mc6,demo1
2026-06-16 15:16:01.538,2026-06-16 15:08:18.889,1.0,1.0,,mc1,demo1
2026-06-16 15:16:01.655,2026-06-16 15:08:18.889,1.0,1.0,,mc5,demo1
2026-06-16 15:16:01.580,2026-06-16 15:08:18.889,0.0,0.0,0,mc4,demo1
2026-06-16 15:16:01.625,2026-06-16 15:08:18.889,1.0,1.0,,mc2,demo1
2026-06-16 15:13:03.713,2026-06-16 15:08:18.889,1.0,1.0,,mc6,demo1
2026-06-16 15:13:03.752,2026-06-16 15:08:18.889,1.0,1.0,,mc2,demo1
2026-06-16 15:13:03.797,2026-06-16 15:08:18.889,1.0,1.0,,mc5,demo1
2026-06-16 15:13:03.814,2026-06-16 15:08:18.889,0.0,0.0,0,mc4,demo1
2026-06-16 15:13:03.856,2026-06-16 15:08:18.889,0.0,0.0,0,mc3,demo1
2026-06-16 15:13:04.093,2026-06-16 15:03:18.518,0.0,0.0,0,mc4,demo1
2026-06-16 15:16:02.025,2026-06-16 15:03:18.518,1.0,1.0,,mc2,demo1
2026-06-16 15:16:01.947,2026-06-16 15:03:18.518,1.0,1.0,,mc1,demo1
2026-06-16 15:16:01.914,2026-06-16 15:03:18.518,0.0,0.0,0,mc3,demo1
2026-06-16 15:16:01.872,2026-06-16 15:03:18.518,0.0,0.0,0,mc4,demo1
2026-06-16 15:16:01.798,2026-06-16 15:03:18.518,1.0,1.0,,mc6,demo1
2026-06-16 15:16:01.770,2026-06-16 15:03:18.518,1.0,1.0,,mc5,demo1
2026-06-16 15:13:04.122,2026-06-16 15:03:18.518,1.0,1.0,,mc5,demo1
2026-06-16 15:13:04.056,2026-06-16 15:03:18.518,0.0,0.0,0,mc3,demo1
2026-06-16 15:13:04.012,2026-06-16 15:03:18.518,1.0,1.0,,mc6,demo1
2026-06-16 15:13:03.994,2026-06-16 15:03:18.518,1.0,1.0,,mc2,demo1
2026-06-16 15:13:03.953,2026-06-16 15:03:18.518,1.0,1.0,,mc1,demo1
2026-06-16 15:08:04.382,2026-06-16 15:03:18.518,1.0,1.0,,mc5,demo1
2026-06-16 15:08:04.302,2026-06-16 15:03:18.518,0.0,0.0,0,mc4,demo1
2026-06-16 15:08:04.272,2026-06-16 15:03:18.518,0.0,0.0,0,mc3,demo1
2026-06-16 15:08:04.233,2026-06-16 15:03:18.518,1.0,1.0,,mc2,demo1
2026-06-16 15:08:04.199,2026-06-16 15:03:18.518,1.0,1.0,,mc1,demo1
2026-06-16 15:08:04.152,2026-06-16 15:03:18.518,1.0,1.0,,mc6,demo1
2026-06-16 15:13:04.268,2026-06-16 14:58:18.680,1.0,1.0,,mc6,demo1
2026-06-16 15:13:04.308,2026-06-16 14:58:18.680,1.0,1.0,,mc5,demo1
2026-06-16 15:16:02.164,2026-06-16 14:58:18.680,0.0,0.0,0,mc3,demo1
2026-06-16 15:16:02.211,2026-06-16 14:58:18.680,0.0,0.0,0,mc4,demo1
2026-06-16 15:16:02.267,2026-06-16 14:58:18.680,1.0,1.0,,mc2,demo1
2026-06-16 15:16:02.302,2026-06-16 14:58:18.680,1.0,1.0,,mc1,demo1
2026-06-16 15:16:02.323,2026-06-16 14:58:18.680,1.0,1.0,,mc5,demo1
2026-06-16 15:08:04.769,2026-06-16 14:58:18.680,1.0,1.0,,mc5,demo1
2026-06-16 15:08:04.687,2026-06-16 14:58:18.680,0.0,0.0,0,mc4,demo1
2026-06-16 15:08:04.649,2026-06-16 14:58:18.680,0.0,0.0,0,mc3,demo1
2026-06-16 15:08:04.595,2026-06-16 14:58:18.680,1.0,1.0,,mc2,demo1
2026-06-16 15:08:04.565,2026-06-16 14:58:18.680,1.0,1.0,,mc1,demo1
2026-06-16 15:08:04.499,2026-06-16 14:58:18.680,1.0,1.0,,mc6,demo1
2026-06-16 15:16:02.087,2026-06-16 14:58:18.680,1.0,1.0,,mc6,demo1
2026-06-16 15:13:04.146,2026-06-16 14:58:18.680,1.0,1.0,,mc1,demo1
2026-06-16 15:13:04.194,2026-06-16 14:58:18.680,1.0,1.0,,mc2,demo1
2026-06-16 15:13:04.219,2026-06-16 14:58:18.680,0.0,0.0,0,mc3,demo1
2026-06-16 15:13:04.244,2026-06-16 14:58:18.680,0.0,0.0,0,mc4,demo1
2026-06-16 14:53:04.855,2026-06-16 14:48:18.417,1.0,1.0,,mc1,demo1
2026-06-16 14:53:04.817,2026-06-16 14:48:18.417,1.0,1.0,,mc6,demo1
2026-06-16 14:53:05.025,2026-06-16 14:48:18.417,1.0,1.0,,mc5,demo1
2026-06-16 14:53:04.982,2026-06-16 14:48:18.417,0.0,0.0,0,mc4,demo1
2026-06-16 14:53:04.940,2026-06-16 14:48:18.417,0.0,0.0,0,mc3,demo1
2026-06-16 14:53:04.913,2026-06-16 14:48:18.417,1.0,1.0,,mc2,demo1
2026-06-16 14:48:05.481,2026-06-16 14:43:18.426,1.0,1.0,,mc5,demo1
2026-06-16 14:48:05.014,2026-06-16 14:43:18.426,1.0,1.0,,mc6,demo1
2026-06-16 14:48:05.069,2026-06-16 14:43:18.426,1.0,1.0,,mc1,demo1
2026-06-16 14:48:05.091,2026-06-16 14:43:18.426,1.0,1.0,,mc2,demo1
2026-06-16 14:48:05.350,2026-06-16 14:43:18.426,0.0,0.0,0,mc3,demo1
2026-06-16 14:48:05.417,2026-06-16 14:43:18.426,0.0,0.0,0,mc4,demo1
2026-06-16 14:43:04.202,2026-06-16 14:38:18.961,1.0,1.0,,mc6,demo1
2026-06-16 14:43:04.252,2026-06-16 14:38:18.961,1.0,1.0,,mc1,demo1
2026-06-16 14:43:04.275,2026-06-16 14:38:18.961,1.0,1.0,,mc2,demo1
2026-06-16 14:43:04.301,2026-06-16 14:38:18.961,0.0,0.0,0,mc3,demo1
2026-06-16 14:43:04.317,2026-06-16 14:38:18.961,0.0,0.0,0,mc4,demo1
2026-06-16 14:43:04.342,2026-06-16 14:38:18.961,1.0,1.0,,mc5,demo1
2026-06-16 14:38:04.065,2026-06-16 14:33:18.317,1.0,1.0,,mc6,demo1
2026-06-16 14:38:04.108,2026-06-16 14:33:18.317,1.0,1.0,,mc1,demo1
2026-06-16 14:38:04.136,2026-06-16 14:33:18.317,1.0,1.0,,mc2,demo1
2026-06-16 14:38:04.178,2026-06-16 14:33:18.317,0.0,0.0,0,mc3,demo1
2026-06-16 14:38:04.214,2026-06-16 14:33:18.317,0.0,0.0,0,mc4,demo1
2026-06-16 14:38:04.270,2026-06-16 14:33:18.317,1.0,1.0,,mc5,demo1
2026-06-16 14:33:04.045,2026-06-16 14:28:18.708,1.0,1.0,,mc1,demo1
2026-06-16 14:33:04.339,2026-06-16 14:28:18.708,1.0,1.0,,mc5,demo1
2026-06-16 14:33:04.154,2026-06-16 14:28:18.708,0.0,0.0,0,mc4,demo1
2026-06-16 14:33:04.097,2026-06-16 14:28:18.708,0.0,0.0,0,mc3,demo1
2026-06-16 14:33:04.063,2026-06-16 14:28:18.708,1.0,1.0,,mc2,demo1
2026-06-16 14:33:04.007,2026-06-16 14:28:18.708,1.0,1.0,,mc6,demo1
2026-06-16 14:26:58.095,2026-06-16 14:23:19.626,1.0,1.0,,mc1,demo1
2026-06-16 14:26:58.263,2026-06-16 14:23:19.626,1.0,1.0,,mc5,demo1
2026-06-16 14:26:58.234,2026-06-16 14:23:19.626,0.0,0.0,0,mc4,demo1
2026-06-16 14:26:58.202,2026-06-16 14:23:19.626,0.0,0.0,0,mc3,demo1
2026-06-16 14:26:58.149,2026-06-16 14:23:19.626,1.0,1.0,,mc2,demo1
2026-06-16 14:26:57.636,2026-06-16 14:23:19.626,1.0,1.0,,mc6,demo1
2026-06-16 14:21:05.156,2026-06-16 14:18:18.200,1.0,1.0,,mc2,demo1
2026-06-16 14:21:05.325,2026-06-16 14:18:18.200,0.0,0.0,0,mc4,demo1
2026-06-16 14:21:05.244,2026-06-16 14:18:18.200,0.0,0.0,0,mc3,demo1
2026-06-16 14:21:05.039,2026-06-16 14:18:18.200,1.0,1.0,,mc6,demo1
2026-06-16 14:21:05.390,2026-06-16 14:18:18.200,1.0,1.0,,mc5,demo1
2026-06-16 14:21:05.107,2026-06-16 14:18:18.200,1.0,1.0,,mc1,demo1
2026-06-16 14:21:05.431,2026-06-16 14:13:18.721,1.0,1.0,,mc6,demo1
2026-06-16 14:21:06.059,2026-06-16 14:13:18.721,1.0,1.0,,mc5,demo1
2026-06-16 14:21:05.787,2026-06-16 14:13:18.721,0.0,0.0,0,mc4,demo1
2026-06-16 14:21:05.711,2026-06-16 14:13:18.721,0.0,0.0,0,mc3,demo1
2026-06-16 14:21:05.640,2026-06-16 14:13:18.721,1.0,1.0,,mc2,demo1
2026-06-16 14:21:05.524,2026-06-16 14:13:18.721,1.0,1.0,,mc1,demo1
2026-06-16 14:11:30.581,2026-06-16 14:08:19.295,1.0,1.0,,mc5,demo1
2026-06-16 14:11:30.660,2026-06-16 14:08:19.295,0.0,0.0,0,mc4,demo1
2026-06-16 14:11:30.411,2026-06-16 14:08:19.295,1.0,1.0,,mc6,demo1
2026-06-16 14:11:30.492,2026-06-16 14:08:19.295,1.0,1.0,,mc1,demo1
2026-06-16 14:11:30.692,2026-06-16 14:08:19.295,1.0,1.0,,mc2,demo1
2026-06-16 14:11:30.714,2026-06-16 14:08:19.295,0.0,0.0,0,mc3,demo1
2026-06-16 14:11:30.751,2026-06-16 14:03:18.587,1.0,1.0,,mc1,demo1
2026-06-16 14:11:30.779,2026-06-16 14:03:18.587,1.0,1.0,,mc2,demo1
2026-06-16 14:11:30.810,2026-06-16 14:03:18.587,1.0,1.0,,mc5,demo1
2026-06-16 14:11:30.931,2026-06-16 14:03:18.587,1.0,1.0,,mc6,demo1
2026-06-16 14:11:31.140,2026-06-16 14:03:18.587,0.0,0.0,0,mc3,demo1
2026-06-16 14:11:31.170,2026-06-16 14:03:18.587,0.0,0.0,0,mc4,demo1
2026-06-16 14:11:31.322,2026-06-16 13:58:18.191,1.0,1.0,,mc1,demo1
2026-06-16 14:11:31.355,2026-06-16 13:58:18.191,1.0,1.0,,mc2,demo1
2026-06-16 14:11:31.371,2026-06-16 13:58:18.191,1.0,1.0,,mc5,demo1
2026-06-16 14:11:31.400,2026-06-16 13:58:18.191,1.0,1.0,,mc6,demo1
2026-06-16 14:11:31.468,2026-06-16 13:58:18.191,0.0,0.0,0,mc3,demo1
2026-06-16 14:11:31.509,2026-06-16 13:58:18.191,0.0,0.0,0,mc4,demo1
2026-06-16 14:11:31.687,2026-06-16 13:53:18.417,0.0,0.0,0,mc4,demo1
2026-06-16 14:11:31.529,2026-06-16 13:53:18.417,1.0,1.0,,mc6,demo1
2026-06-16 14:11:31.545,2026-06-16 13:53:18.417,1.0,1.0,,mc1,demo1
2026-06-16 14:11:31.565,2026-06-16 13:53:18.417,1.0,1.0,,mc2,demo1
2026-06-16 14:11:31.670,2026-06-16 13:53:18.417,0.0,0.0,0,mc3,demo1
2026-06-16 14:11:31.704,2026-06-16 13:53:18.417,1.0,1.0,,mc5,demo1
2026-06-16 14:11:31.721,2026-06-16 13:48:19.194,1.0,1.0,,mc1,demo1
2026-06-16 14:11:31.856,2026-06-16 13:48:19.194,1.0,1.0,,mc6,demo1
2026-06-16 14:11:31.812,2026-06-16 13:48:19.194,1.0,1.0,,mc5,demo1
2026-06-16 14:11:31.795,2026-06-16 13:48:19.194,1.0,1.0,,mc2,demo1
2026-06-16 14:11:31.779,2026-06-16 13:48:19.194,0.0,0.0,0,mc4,demo1
2026-06-16 14:11:31.754,2026-06-16 13:48:19.194,0.0,0.0,0,mc3,demo1
2026-06-16 14:11:31.981,2026-06-16 13:43:18.501,1.0,1.0,,mc5,demo1
2026-06-16 14:11:32.048,2026-06-16 13:43:18.501,1.0,1.0,,mc1,demo1
2026-06-16 14:11:31.872,2026-06-16 13:43:18.501,0.0,0.0,0,mc3,demo1
2026-06-16 14:11:31.888,2026-06-16 13:43:18.501,0.0,0.0,0,mc4,demo1
2026-06-16 14:11:31.904,2026-06-16 13:43:18.501,1.0,1.0,,mc2,demo1
2026-06-16 14:11:31.936,2026-06-16 13:43:18.501,1.0,1.0,,mc6,demo1
2026-06-16 14:11:32.220,2026-06-16 13:38:19.306,1.0,1.0,,mc6,demo1
2026-06-16 14:11:32.079,2026-06-16 13:38:19.306,1.0,1.0,,mc5,demo1
2026-06-16 14:11:32.104,2026-06-16 13:38:19.306,0.0,0.0,0,mc3,demo1
2026-06-16 14:11:32.129,2026-06-16 13:38:19.306,1.0,1.0,,mc1,demo1
2026-06-16 14:11:32.173,2026-06-16 13:38:19.306,1.0,1.0,,mc2,demo1
2026-06-16 14:11:32.196,2026-06-16 13:38:19.306,0.0,0.0,0,mc4,demo1
2026-06-16 14:11:32.300,2026-06-16 13:33:18.942,1.0,1.0,,mc1,demo1
2026-06-16 14:11:32.437,2026-06-16 13:33:18.942,1.0,1.0,,mc5,demo1
2026-06-16 14:11:32.400,2026-06-16 13:33:18.942,1.0,1.0,,mc6,demo1
2026-06-16 14:11:32.366,2026-06-16 13:33:18.942,0.0,0.0,0,mc3,demo1
2026-06-16 14:11:32.321,2026-06-16 13:33:18.942,0.0,0.0,0,mc4,demo1
2026-06-16 14:11:32.254,2026-06-16 13:33:18.942,1.0,1.0,,mc2,demo1
2026-06-16 14:11:32.618,2026-06-16 13:28:18.802,1.0,1.0,,mc2,demo1
2026-06-16 14:11:32.496,2026-06-16 13:28:18.802,0.0,0.0,0,mc3,demo1
2026-06-16 14:11:32.520,2026-06-16 13:28:18.802,0.0,0.0,0,mc4,demo1
2026-06-16 14:11:32.551,2026-06-16 13:28:18.802,1.0,1.0,,mc6,demo1
2026-06-16 14:11:32.572,2026-06-16 13:28:18.802,1.0,1.0,,mc5,demo1
2026-06-16 14:11:32.475,2026-06-16 13:28:18.802,1.0,1.0,,mc1,demo1
2026-06-16 14:11:32.773,2026-06-16 13:23:18.599,0.0,0.0,0,mc4,demo1
2026-06-16 14:11:32.787,2026-06-16 13:23:18.599,1.0,1.0,,mc1,demo1
2026-06-16 14:11:32.737,2026-06-16 13:23:18.599,1.0,1.0,,mc2,demo1
2026-06-16 14:11:32.711,2026-06-16 13:23:18.599,1.0,1.0,,mc5,demo1
2026-06-16 14:11:32.679,2026-06-16 13:23:18.599,0.0,0.0,0,mc3,demo1
2026-06-16 14:11:32.654,2026-06-16 13:23:18.599,1.0,1.0,,mc6,demo1
2026-06-16 14:11:32.810,2026-06-16 13:18:18.328,0.0,0.0,0,mc3,demo1
2026-06-16 14:11:32.946,2026-06-16 13:18:18.328,0.0,0.0,0,mc4,demo1
2026-06-16 14:11:32.929,2026-06-16 13:18:18.328,1.0,1.0,,mc1,demo1
2026-06-16 14:11:32.913,2026-06-16 13:18:18.328,1.0,1.0,,mc2,demo1
2026-06-16 14:11:32.897,2026-06-16 13:18:18.328,1.0,1.0,,mc5,demo1
2026-06-16 14:11:32.847,2026-06-16 13:18:18.328,1.0,1.0,,mc6,demo1
2026-06-16 14:11:32.977,2026-06-16 13:13:19.184,1.0,1.0,,mc6,demo1
2026-06-16 14:11:33.129,2026-06-16 13:13:19.184,0.0,0.0,0,mc3,demo1
2026-06-16 14:11:33.104,2026-06-16 13:13:19.184,1.0,1.0,,mc5,demo1
2026-06-16 14:11:33.078,2026-06-16 13:13:19.184,1.0,1.0,,mc2,demo1
2026-06-16 14:11:33.044,2026-06-16 13:13:19.184,0.0,0.0,0,mc4,demo1
2026-06-16 14:11:33.019,2026-06-16 13:13:19.184,1.0,1.0,,mc1,demo1
2026-06-16 14:11:33.155,2026-06-16 13:08:18.236,1.0,1.0,,mc6,demo1
2026-06-16 14:11:33.312,2026-06-16 13:08:18.236,1.0,1.0,,mc5,demo1
2026-06-16 14:11:33.296,2026-06-16 13:08:18.236,1.0,1.0,,mc2,demo1
2026-06-16 14:11:33.272,2026-06-16 13:08:18.236,1.0,1.0,,mc1,demo1
2026-06-16 14:11:33.243,2026-06-16 13:08:18.236,0.0,0.0,0,mc3,demo1
2026-06-16 14:11:33.211,2026-06-16 13:08:18.236,0.0,0.0,0,mc4,demo1
2026-06-16 14:11:33.321,2026-06-16 13:03:18.322,1.0,1.0,,mc2,demo1
2026-06-16 14:11:33.471,2026-06-16 13:03:18.322,1.0,1.0,,mc6,demo1
2026-06-16 14:11:33.425,2026-06-16 13:03:18.322,0.0,0.0,0,mc4,demo1
2026-06-16 14:11:33.401,2026-06-16 13:03:18.322,0.0,0.0,0,mc3,demo1
2026-06-16 14:11:33.372,2026-06-16 13:03:18.322,1.0,1.0,,mc1,demo1
2026-06-16 14:11:33.346,2026-06-16 13:03:18.322,1.0,1.0,,mc5,demo1
2026-06-16 14:11:33.521,2026-06-16 12:58:18.186,0.0,0.0,0,mc4,demo1
2026-06-16 14:11:33.632,2026-06-16 12:58:18.186,0.0,0.0,0,mc3,demo1
2026-06-16 14:11:33.597,2026-06-16 12:58:18.186,1.0,1.0,,mc5,demo1
2026-06-16 14:11:33.577,2026-06-16 12:58:18.186,1.0,1.0,,mc1,demo1
2026-06-16 14:11:33.546,2026-06-16 12:58:18.186,1.0,1.0,,mc2,demo1
2026-06-16 14:11:33.498,2026-06-16 12:58:18.186,1.0,1.0,,mc6,demo1
2026-06-16 14:11:33.656,2026-06-16 12:53:18.957,0.0,0.0,0,mc3,demo1
2026-06-16 14:11:33.863,2026-06-16 12:53:18.957,1.0,1.0,,mc5,demo1
2026-06-16 14:11:33.807,2026-06-16 12:53:18.957,1.0,1.0,,mc1,demo1
2026-06-16 14:11:33.766,2026-06-16 12:53:18.957,1.0,1.0,,mc6,demo1
2026-06-16 14:11:33.733,2026-06-16 12:53:18.957,1.0,1.0,,mc2,demo1
2026-06-16 14:11:33.699,2026-06-16 12:53:18.957,0.0,0.0,0,mc4,demo1
2026-06-16 14:11:33.906,2026-06-16 12:48:19.202,0.0,0.0,0,mc4,demo1
2026-06-16 14:11:34.064,2026-06-16 12:48:19.202,1.0,1.0,,mc2,demo1
2026-06-16 14:11:34.047,2026-06-16 12:48:19.202,1.0,1.0,,mc1,demo1
2026-06-16 14:11:34.031,2026-06-16 12:48:19.202,0.0,0.0,0,mc3,demo1
2026-06-16 14:11:33.965,2026-06-16 12:48:19.202,1.0,1.0,,mc5,demo1
2026-06-16 14:11:33.938,2026-06-16 12:48:19.202,1.0,1.0,,mc6,demo1
2026-06-16 14:11:34.317,2026-06-16 12:43:18.827,1.0,1.0,,mc6,demo1
2026-06-16 14:11:34.117,2026-06-16 12:43:18.827,0.0,0.0,0,mc4,demo1
2026-06-16 14:11:34.088,2026-06-16 12:43:18.827,1.0,1.0,,mc1,demo1
2026-06-16 14:11:34.176,2026-06-16 12:43:18.827,1.0,1.0,,mc2,demo1
2026-06-16 14:11:34.238,2026-06-16 12:43:18.827,0.0,0.0,0,mc3,demo1
2026-06-16 14:11:34.262,2026-06-16 12:43:18.827,1.0,1.0,,mc5,demo1
2026-06-16 14:11:34.488,2026-06-16 12:38:18.370,1.0,1.0,,mc6,demo1
2026-06-16 14:11:34.546,2026-06-16 12:38:18.370,1.0,1.0,,mc2,demo1
2026-06-16 14:11:34.528,2026-06-16 12:38:18.370,1.0,1.0,,mc1,demo1
2026-06-16 14:11:34.448,2026-06-16 12:38:18.370,0.0,0.0,0,mc4,demo1
2026-06-16 14:11:34.382,2026-06-16 12:38:18.370,0.0,0.0,0,mc3,demo1
2026-06-16 14:11:34.359,2026-06-16 12:38:18.370,1.0,1.0,,mc5,demo1
2026-06-16 14:11:34.779,2026-06-16 12:33:19.088,1.0,1.0,,mc2,demo1
2026-06-16 14:11:34.630,2026-06-16 12:33:19.088,1.0,1.0,,mc1,demo1
2026-06-16 14:11:34.604,2026-06-16 12:33:19.088,0.0,0.0,0,mc3,demo1
2026-06-16 14:11:34.676,2026-06-16 12:33:19.088,0.0,0.0,0,mc4,demo1
2026-06-16 14:11:34.704,2026-06-16 12:33:19.088,1.0,1.0,,mc6,demo1
2026-06-16 14:11:34.749,2026-06-16 12:33:19.088,1.0,1.0,,mc5,demo1
2026-06-16 14:11:35.052,2026-06-16 12:28:18.936,1.0,1.0,,mc2,demo1
2026-06-16 14:11:34.808,2026-06-16 12:28:18.936,1.0,1.0,,mc6,demo1
2026-06-16 14:11:34.906,2026-06-16 12:28:18.936,0.0,0.0,0,mc3,demo1
2026-06-16 14:11:34.944,2026-06-16 12:28:18.936,0.0,0.0,0,mc4,demo1
2026-06-16 14:11:34.963,2026-06-16 12:28:18.936,1.0,1.0,,mc5,demo1
2026-06-16 14:11:34.979,2026-06-16 12:28:18.936,1.0,1.0,,mc1,demo1
2026-06-16 14:11:35.072,2026-06-16 12:23:18.992,1.0,1.0,,mc6,demo1
2026-06-16 14:11:35.087,2026-06-16 12:23:18.992,1.0,1.0,,mc2,demo1
2026-06-16 14:11:35.130,2026-06-16 12:23:18.992,0.0,0.0,0,mc4,demo1
2026-06-16 14:11:35.155,2026-06-16 12:23:18.992,1.0,1.0,,mc5,demo1
2026-06-16 14:11:35.170,2026-06-16 12:23:18.992,1.0,1.0,,mc1,demo1
2026-06-16 14:11:35.190,2026-06-16 12:23:18.992,0.0,0.0,0,mc3,demo1
2026-06-16 14:11:35.219,2026-06-16 12:18:18.784,1.0,1.0,,mc2,demo1
2026-06-16 14:11:35.253,2026-06-16 12:18:18.784,0.0,0.0,0,mc3,demo1
2026-06-16 14:11:35.271,2026-06-16 12:18:18.784,1.0,1.0,,mc6,demo1
2026-06-16 14:11:35.294,2026-06-16 12:18:18.784,1.0,1.0,,mc5,demo1
2026-06-16 14:11:35.316,2026-06-16 12:18:18.784,1.0,1.0,,mc1,demo1
2026-06-16 14:11:35.365,2026-06-16 12:18:18.784,0.0,0.0,0,mc4,demo1
2026-06-16 14:11:35.421,2026-06-16 12:13:18.454,1.0,1.0,,mc1,demo1
2026-06-16 14:11:35.388,2026-06-16 12:13:18.454,1.0,1.0,,mc6,demo1
2026-06-16 14:11:35.404,2026-06-16 12:13:18.454,1.0,1.0,,mc2,demo1
2026-06-16 14:11:35.445,2026-06-16 12:13:18.454,0.0,0.0,0,mc3,demo1
2026-06-16 14:11:35.472,2026-06-16 12:13:18.454,0.0,0.0,0,mc4,demo1
2026-06-16 14:11:35.495,2026-06-16 12:13:18.454,1.0,1.0,,mc5,demo1
2026-06-16 14:11:35.520,2026-06-16 12:08:19.254,1.0,1.0,,mc5,demo1
2026-06-16 14:11:35.551,2026-06-16 12:08:19.254,1.0,1.0,,mc2,demo1
2026-06-16 14:11:35.574,2026-06-16 12:08:19.254,1.0,1.0,,mc1,demo1
2026-06-16 14:11:35.596,2026-06-16 12:08:19.254,0.0,0.0,0,mc3,demo1
2026-06-16 14:11:35.612,2026-06-16 12:08:19.254,0.0,0.0,0,mc4,demo1
2026-06-16 14:11:35.646,2026-06-16 12:08:19.254,1.0,1.0,,mc6,demo1
2026-06-16 14:11:35.662,2026-06-16 12:03:18.674,1.0,1.0,,mc2,demo1
2026-06-16 14:11:35.779,2026-06-16 12:03:18.674,0.0,0.0,0,mc3,demo1
2026-06-16 14:11:35.763,2026-06-16 12:03:18.674,1.0,1.0,,mc1,demo1
2026-06-16 14:11:35.747,2026-06-16 12:03:18.674,1.0,1.0,,mc6,demo1
2026-06-16 14:11:35.713,2026-06-16 12:03:18.674,0.0,0.0,0,mc4,demo1
2026-06-16 14:11:35.679,2026-06-16 12:03:18.674,1.0,1.0,,mc5,demo1
2026-06-16 14:11:35.846,2026-06-16 11:58:18.110,1.0,1.0,,mc5,demo1
2026-06-16 14:11:35.796,2026-06-16 11:58:18.110,1.0,1.0,,mc6,demo1
2026-06-16 14:11:35.828,2026-06-16 11:58:18.110,1.0,1.0,,mc1,demo1
2026-06-16 14:11:35.873,2026-06-16 11:58:18.110,0.0,0.0,0,mc4,demo1
2026-06-16 14:11:35.887,2026-06-16 11:58:18.110,1.0,1.0,,mc2,demo1
2026-06-16 14:11:35.904,2026-06-16 11:58:18.110,0.0,0.0,0,mc3,demo1
2026-06-16 14:11:36.022,2026-06-16 11:53:18.482,1.0,1.0,,mc1,demo1
2026-06-16 14:11:36.080,2026-06-16 11:53:18.482,0.0,0.0,0,mc3,demo1
2026-06-16 14:11:35.930,2026-06-16 11:53:18.482,1.0,1.0,,mc6,demo1
2026-06-16 14:11:35.971,2026-06-16 11:53:18.482,1.0,1.0,,mc2,demo1
2026-06-16 14:11:35.996,2026-06-16 11:53:18.482,1.0,1.0,,mc5,demo1
2026-06-16 14:11:36.048,2026-06-16 11:53:18.482,0.0,0.0,0,mc4,demo1
2026-06-16 14:11:36.104,2026-06-16 11:48:18.873,1.0,1.0,,mc5,demo1
2026-06-16 14:11:36.268,2026-06-16 11:48:18.873,0.0,0.0,0,mc3,demo1
2026-06-16 14:11:36.239,2026-06-16 11:48:18.873,1.0,1.0,,mc2,demo1
2026-06-16 14:11:36.188,2026-06-16 11:48:18.873,1.0,1.0,,mc1,demo1
2026-06-16 14:11:36.173,2026-06-16 11:48:18.873,0.0,0.0,0,mc4,demo1
2026-06-16 14:11:36.139,2026-06-16 11:48:18.873,1.0,1.0,,mc6,demo1
2026-06-16 14:11:36.443,2026-06-16 11:43:18.447,0.0,0.0,0,mc3,demo1
2026-06-16 14:11:36.325,2026-06-16 11:43:18.447,0.0,0.0,0,mc4,demo1
2026-06-16 14:11:36.357,2026-06-16 11:43:18.447,1.0,1.0,,mc1,demo1
2026-06-16 14:11:36.380,2026-06-16 11:43:18.447,1.0,1.0,,mc6,demo1
2026-06-16 14:11:36.412,2026-06-16 11:43:18.447,1.0,1.0,,mc5,demo1
2026-06-16 14:11:36.287,2026-06-16 11:43:18.447,1.0,1.0,,mc2,demo1
2026-06-16 14:11:36.579,2026-06-16 11:38:19.529,1.0,1.0,,mc2,demo1
2026-06-16 14:11:37.174,2026-06-16 11:38:19.529,0.0,0.0,0,mc3,demo1
2026-06-16 14:11:37.039,2026-06-16 11:38:19.529,1.0,1.0,,mc6,demo1
2026-06-16 14:11:36.981,2026-06-16 11:38:19.529,1.0,1.0,,mc1,demo1
2026-06-16 14:11:36.695,2026-06-16 11:38:19.529,0.0,0.0,0,mc4,demo1
2026-06-16 14:11:36.623,2026-06-16 11:38:19.529,1.0,1.0,,mc5,demo1
2026-06-16 14:11:37.230,2026-06-16 11:33:18.942,0.0,0.0,0,mc4,demo1
2026-06-16 14:11:37.348,2026-06-16 11:33:18.942,1.0,1.0,,mc5,demo1
2026-06-16 14:11:37.322,2026-06-16 11:33:18.942,0.0,0.0,0,mc3,demo1
2026-06-16 14:11:37.305,2026-06-16 11:33:18.942,1.0,1.0,,mc2,demo1
2026-06-16 14:11:37.273,2026-06-16 11:33:18.942,1.0,1.0,,mc6,demo1
2026-06-16 14:11:37.246,2026-06-16 11:33:18.942,1.0,1.0,,mc1,demo1
2026-06-16 14:11:37.381,2026-06-16 11:28:19.055,1.0,1.0,,mc2,demo1
2026-06-16 14:11:37.504,2026-06-16 11:28:19.055,1.0,1.0,,mc6,demo1
2026-06-16 14:11:37.481,2026-06-16 11:28:19.055,1.0,1.0,,mc5,demo1
2026-06-16 14:11:37.467,2026-06-16 11:28:19.055,0.0,0.0,0,mc3,demo1
2026-06-16 14:11:37.438,2026-06-16 11:28:19.055,0.0,0.0,0,mc4,demo1
2026-06-16 14:11:37.412,2026-06-16 11:28:19.055,1.0,1.0,,mc1,demo1
2026-06-16 14:11:37.531,2026-06-16 11:23:18.899,1.0,1.0,,mc1,demo1
2026-06-16 14:11:37.554,2026-06-16 11:23:18.899,1.0,1.0,,mc2,demo1
2026-06-16 14:11:37.579,2026-06-16 11:23:18.899,0.0,0.0,0,mc4,demo1
2026-06-16 14:11:37.614,2026-06-16 11:23:18.899,0.0,0.0,0,mc3,demo1
2026-06-16 14:11:37.646,2026-06-16 11:23:18.899,1.0,1.0,,mc5,demo1
2026-06-16 14:11:37.679,2026-06-16 11:23:18.899,1.0,1.0,,mc6,demo1
2026-06-16 14:11:37.746,2026-06-16 11:18:18.772,1.0,1.0,,mc1,demo1
2026-06-16 14:11:37.814,2026-06-16 11:18:18.772,0.0,0.0,0,mc4,demo1
2026-06-16 14:11:37.796,2026-06-16 11:18:18.772,1.0,1.0,,mc2,demo1
2026-06-16 14:11:37.762,2026-06-16 11:18:18.772,1.0,1.0,,mc5,demo1
2026-06-16 14:11:37.729,2026-06-16 11:18:18.772,1.0,1.0,,mc6,demo1
2026-06-16 14:11:37.712,2026-06-16 11:18:18.772,0.0,0.0,0,mc3,demo1
2026-06-16 14:11:38.082,2026-06-16 11:13:18.933,1.0,1.0,,mc6,demo1
2026-06-16 14:11:37.848,2026-06-16 11:13:18.933,1.0,1.0,,mc2,demo1
2026-06-16 14:11:37.877,2026-06-16 11:13:18.933,0.0,0.0,0,mc4,demo1
2026-06-16 14:11:37.906,2026-06-16 11:13:18.933,1.0,1.0,,mc1,demo1
2026-06-16 14:11:37.938,2026-06-16 11:13:18.933,0.0,0.0,0,mc3,demo1
2026-06-16 14:11:37.960,2026-06-16 11:13:18.933,1.0,1.0,,mc5,demo1
2026-06-16 14:11:38.133,2026-06-16 11:08:18.658,1.0,1.0,,mc1,demo1
2026-06-16 14:11:38.164,2026-06-16 11:08:18.658,1.0,1.0,,mc5,demo1
2026-06-16 14:11:38.202,2026-06-16 11:08:18.658,0.0,0.0,0,mc4,demo1
2026-06-16 14:11:38.241,2026-06-16 11:08:18.658,1.0,1.0,,mc2,demo1
2026-06-16 14:11:38.286,2026-06-16 11:08:18.658,0.0,0.0,0,mc3,demo1
2026-06-16 14:11:38.330,2026-06-16 11:08:18.658,1.0,1.0,,mc6,demo1
2026-06-16 14:11:38.376,2026-06-16 11:03:19.977,1.0,1.0,,mc6,demo1
2026-06-16 14:11:38.430,2026-06-16 11:03:19.977,1.0,1.0,,mc5,demo1
2026-06-16 14:11:38.459,2026-06-16 11:03:19.977,0.0,0.0,0,mc4,demo1
2026-06-16 14:11:38.502,2026-06-16 11:03:19.977,1.0,1.0,,mc1,demo1
2026-06-16 14:11:38.561,2026-06-16 11:03:19.977,1.0,1.0,,mc2,demo1
2026-06-16 14:11:38.594,2026-06-16 11:03:19.977,0.0,0.0,0,mc3,demo1
2026-06-16 14:11:38.624,2026-06-16 10:58:18.877,0.0,0.0,0,mc4,demo1
2026-06-16 14:11:38.655,2026-06-16 10:58:18.877,1.0,1.0,,mc5,demo1
2026-06-16 14:11:38.678,2026-06-16 10:58:18.877,1.0,1.0,,mc2,demo1
2026-06-16 14:11:38.727,2026-06-16 10:58:18.877,1.0,1.0,,mc1,demo1
2026-06-16 14:11:38.755,2026-06-16 10:58:18.877,0.0,0.0,0,mc3,demo1
2026-06-16 14:11:38.783,2026-06-16 10:58:18.877,1.0,1.0,,mc6,demo1
2026-06-16 14:11:38.814,2026-06-16 10:53:18.871,0.0,0.0,0,mc4,demo1
2026-06-16 14:11:38.860,2026-06-16 10:53:18.871,1.0,1.0,,mc6,demo1
2026-06-16 14:11:38.900,2026-06-16 10:53:18.871,1.0,1.0,,mc2,demo1
2026-06-16 14:11:38.926,2026-06-16 10:53:18.871,1.0,1.0,,mc1,demo1
2026-06-16 14:11:38.951,2026-06-16 10:53:18.871,0.0,0.0,0,mc3,demo1
2026-06-16 14:11:39.002,2026-06-16 10:53:18.871,1.0,1.0,,mc5,demo1
2026-06-16 14:11:39.056,2026-06-16 10:48:18.261,1.0,1.0,,mc5,demo1
2026-06-16 14:11:39.188,2026-06-16 10:48:18.261,1.0,1.0,,mc1,demo1
2026-06-16 14:11:39.159,2026-06-16 10:48:18.261,0.0,0.0,0,mc4,demo1
2026-06-16 14:11:39.131,2026-06-16 10:48:18.261,1.0,1.0,,mc2,demo1
2026-06-16 14:11:39.105,2026-06-16 10:48:18.261,1.0,1.0,,mc6,demo1
2026-06-16 14:11:39.079,2026-06-16 10:48:18.261,0.0,0.0,0,mc3,demo1
2026-06-16 14:11:39.214,2026-06-16 10:43:18.626,0.0,0.0,0,mc3,demo1
2026-06-16 14:11:39.531,2026-06-16 10:43:18.626,1.0,1.0,,mc1,demo1
2026-06-16 14:11:39.391,2026-06-16 10:43:18.626,1.0,1.0,,mc6,demo1
2026-06-16 14:11:39.321,2026-06-16 10:43:18.626,1.0,1.0,,mc5,demo1
2026-06-16 14:11:39.264,2026-06-16 10:43:18.626,0.0,0.0,0,mc4,demo1
2026-06-16 14:11:39.238,2026-06-16 10:43:18.626,1.0,1.0,,mc2,demo1
2026-06-16 14:11:39.598,2026-06-16 10:38:18.507,0.0,0.0,0,mc3,demo1
2026-06-16 14:11:39.649,2026-06-16 10:38:18.507,1.0,1.0,,mc5,demo1
2026-06-16 14:11:39.701,2026-06-16 10:38:18.507,0.0,0.0,0,mc4,demo1
2026-06-16 14:11:39.731,2026-06-16 10:38:18.507,1.0,1.0,,mc1,demo1
2026-06-16 14:11:39.767,2026-06-16 10:38:18.507,1.0,1.0,,mc2,demo1
2026-06-16 14:11:39.791,2026-06-16 10:38:18.507,1.0,1.0,,mc6,demo1
2026-06-16 14:11:39.823,2026-06-16 10:33:18.932,0.0,0.0,0,mc3,demo1
2026-06-16 14:11:39.861,2026-06-16 10:33:18.932,1.0,1.0,,mc2,demo1
2026-06-16 14:11:39.892,2026-06-16 10:33:18.932,1.0,1.0,,mc5,demo1
2026-06-16 14:11:39.952,2026-06-16 10:33:18.932,1.0,1.0,,mc6,demo1
2026-06-16 14:11:39.991,2026-06-16 10:33:18.932,1.0,1.0,,mc1,demo1
2026-06-16 14:11:40.043,2026-06-16 10:33:18.932,0.0,0.0,0,mc4,demo1
2026-06-16 14:11:40.068,2026-06-16 10:28:18.619,0.0,0.0,0,mc4,demo1
2026-06-16 14:11:40.096,2026-06-16 10:28:18.619,1.0,1.0,,mc5,demo1
2026-06-16 14:11:40.118,2026-06-16 10:28:18.619,1.0,1.0,,mc6,demo1
2026-06-16 14:11:40.162,2026-06-16 10:28:18.619,0.0,0.0,0,mc3,demo1
2026-06-16 14:11:40.199,2026-06-16 10:28:18.619,1.0,1.0,,mc1,demo1
2026-06-16 14:11:40.237,2026-06-16 10:28:18.619,1.0,1.0,,mc2,demo1
2026-06-16 14:11:40.273,2026-06-16 10:23:18.327,0.0,0.0,0,mc4,demo1
2026-06-16 14:11:40.301,2026-06-16 10:23:18.327,0.0,0.0,0,mc3,demo1
2026-06-16 14:11:40.334,2026-06-16 10:23:18.327,1.0,1.0,,mc1,demo1
2026-06-16 14:11:40.400,2026-06-16 10:23:18.327,1.0,1.0,,mc6,demo1
2026-06-16 14:11:40.426,2026-06-16 10:23:18.327,1.0,1.0,,mc2,demo1
2026-06-16 14:11:40.472,2026-06-16 10:23:18.327,1.0,1.0,,mc5,demo1
2026-06-16 14:11:40.506,2026-06-16 10:18:19.066,0.0,0.0,0,mc3,demo1
2026-06-16 14:11:40.543,2026-06-16 10:18:19.066,0.0,0.0,0,mc4,demo1
2026-06-16 14:11:40.571,2026-06-16 10:18:19.066,1.0,1.0,,mc1,demo1
2026-06-16 14:11:40.616,2026-06-16 10:18:19.066,1.0,1.0,,mc6,demo1
2026-06-16 14:11:40.647,2026-06-16 10:18:19.066,1.0,1.0,,mc2,demo1
2026-06-16 14:11:40.702,2026-06-16 10:18:19.066,1.0,1.0,,mc5,demo1
2026-06-16 14:11:40.726,2026-06-16 10:13:19.453,1.0,1.0,,mc5,demo1
2026-06-16 14:11:40.750,2026-06-16 10:13:19.453,0.0,0.0,0,mc3,demo1
2026-06-16 14:11:40.787,2026-06-16 10:13:19.453,1.0,1.0,,mc6,demo1
2026-06-16 14:11:40.825,2026-06-16 10:13:19.453,0.0,0.0,0,mc4,demo1
2026-06-16 14:11:40.868,2026-06-16 10:13:19.453,1.0,1.0,,mc2,demo1
2026-06-16 14:11:40.899,2026-06-16 10:13:19.453,1.0,1.0,,mc1,demo1
2026-06-16 14:11:40.924,2026-06-16 10:08:18.470,1.0,1.0,,mc1,demo1
2026-06-16 14:11:40.970,2026-06-16 10:08:18.470,0.0,0.0,0,mc3,demo1
2026-06-16 14:11:41.001,2026-06-16 10:08:18.470,0.0,0.0,0,mc4,demo1
2026-06-16 14:11:41.034,2026-06-16 10:08:18.470,1.0,1.0,,mc6,demo1
2026-06-16 14:11:41.071,2026-06-16 10:08:18.470,1.0,1.0,,mc2,demo1
2026-06-16 14:11:41.092,2026-06-16 10:08:18.470,1.0,1.0,,mc5,demo1
2026-06-16 14:11:41.109,2026-06-16 10:03:18.446,0.0,0.0,0,mc4,demo1
2026-06-16 14:11:41.141,2026-06-16 10:03:18.446,1.0,1.0,,mc2,demo1
2026-06-16 14:11:41.176,2026-06-16 10:03:18.446,1.0,1.0,,mc6,demo1
2026-06-16 14:11:41.201,2026-06-16 10:03:18.446,1.0,1.0,,mc5,demo1
2026-06-16 14:11:41.218,2026-06-16 10:03:18.446,0.0,0.0,0,mc3,demo1
2026-06-16 14:11:41.260,2026-06-16 10:03:18.446,1.0,1.0,,mc1,demo1
2026-06-16 14:11:41.286,2026-06-16 09:58:18.363,1.0,1.0,,mc5,demo1
2026-06-16 14:11:41.316,2026-06-16 09:58:18.363,1.0,1.0,,mc6,demo1
2026-06-16 14:11:41.361,2026-06-16 09:58:18.363,0.0,0.0,0,mc3,demo1
2026-06-16 14:11:41.396,2026-06-16 09:58:18.363,1.0,1.0,,mc2,demo1
2026-06-16 14:11:41.418,2026-06-16 09:58:18.363,1.0,1.0,,mc1,demo1
2026-06-16 14:11:41.442,2026-06-16 09:58:18.363,0.0,0.0,0,mc4,demo1
2026-06-16 14:11:41.467,2026-06-16 09:53:18.372,1.0,1.0,,mc5,demo1
2026-06-16 14:11:41.492,2026-06-16 09:53:18.372,1.0,1.0,,mc1,demo1
2026-06-16 14:11:41.530,2026-06-16 09:53:18.372,0.0,0.0,0,mc4,demo1
2026-06-16 14:11:41.551,2026-06-16 09:53:18.372,1.0,1.0,,mc6,demo1
2026-06-16 14:11:41.584,2026-06-16 09:53:18.372,0.0,0.0,0,mc3,demo1
2026-06-16 14:11:41.632,2026-06-16 09:53:18.372,1.0,1.0,,mc2,demo1
2026-06-16 14:11:41.879,2026-06-16 09:48:18.267,0.0,0.0,0,mc4,demo1
2026-06-16 14:11:42.051,2026-06-16 09:48:18.267,0.0,0.0,0,mc3,demo1
2026-06-16 14:11:42.359,2026-06-16 09:48:18.267,1.0,1.0,,mc1,demo1
2026-06-16 14:11:42.596,2026-06-16 09:48:18.267,1.0,1.0,,mc5,demo1
2026-06-16 14:11:42.801,2026-06-16 09:48:18.267,1.0,1.0,,mc6,demo1
2026-06-16 14:11:42.950,2026-06-16 09:48:18.267,1.0,1.0,,mc2,demo1
2026-06-16 14:11:42.967,2026-06-16 09:43:18.664,1.0,1.0,,mc1,demo1
2026-06-16 14:11:43.030,2026-06-16 09:43:18.664,0.0,0.0,0,mc3,demo1
2026-06-16 14:11:43.050,2026-06-16 09:43:18.664,1.0,1.0,,mc5,demo1
2026-06-16 14:11:43.159,2026-06-16 09:43:18.664,1.0,1.0,,mc6,demo1
2026-06-16 14:11:43.175,2026-06-16 09:43:18.664,0.0,0.0,0,mc4,demo1
2026-06-16 14:11:43.203,2026-06-16 09:43:18.664,1.0,1.0,,mc2,demo1
2026-06-16 14:11:43.268,2026-06-16 09:38:18.309,1.0,1.0,,mc2,demo1
2026-06-16 14:11:43.310,2026-06-16 09:38:18.309,1.0,1.0,,mc6,demo1
2026-06-16 14:11:43.334,2026-06-16 09:38:18.309,0.0,0.0,0,mc3,demo1
2026-06-16 14:11:43.379,2026-06-16 09:38:18.309,1.0,1.0,,mc1,demo1
2026-06-16 14:11:43.406,2026-06-16 09:38:18.309,0.0,0.0,0,mc4,demo1
2026-06-16 14:11:43.442,2026-06-16 09:38:18.309,1.0,1.0,,mc5,demo1
2026-06-16 14:11:43.484,2026-06-16 09:33:18.399,0.0,0.0,0,mc3,demo1
2026-06-16 14:11:43.466,2026-06-16 09:33:18.399,1.0,1.0,,mc6,demo1
2026-06-16 14:11:43.507,2026-06-16 09:33:18.399,0.0,0.0,0,mc4,demo1
2026-06-16 14:11:43.526,2026-06-16 09:33:18.399,1.0,1.0,,mc5,demo1
2026-06-16 14:11:43.542,2026-06-16 09:33:18.399,1.0,1.0,,mc2,demo1
2026-06-16 14:11:43.568,2026-06-16 09:33:18.399,1.0,1.0,,mc1,demo1
2026-06-16 14:11:43.732,2026-06-16 09:28:18.898,0.0,0.0,0,mc4,demo1
2026-06-16 14:11:43.837,2026-06-16 09:28:18.898,0.0,0.0,0,mc3,demo1
2026-06-16 14:11:43.611,2026-06-16 09:28:18.898,1.0,1.0,,mc2,demo1
2026-06-16 14:11:43.683,2026-06-16 09:28:18.898,1.0,1.0,,mc6,demo1
2026-06-16 14:11:43.701,2026-06-16 09:28:18.898,1.0,1.0,,mc5,demo1
2026-06-16 14:11:43.788,2026-06-16 09:28:18.898,1.0,1.0,,mc1,demo1
2026-06-16 14:11:43.870,2026-06-16 09:23:19.140,0.0,0.0,0,mc3,demo1
2026-06-16 14:11:44.197,2026-06-16 09:23:19.140,1.0,1.0,,mc1,demo1
2026-06-16 14:11:44.159,2026-06-16 09:23:19.140,0.0,0.0,0,mc4,demo1
2026-06-16 14:11:44.133,2026-06-16 09:23:19.140,1.0,1.0,,mc5,demo1
2026-06-16 14:11:43.955,2026-06-16 09:23:19.140,1.0,1.0,,mc6,demo1
2026-06-16 14:11:43.899,2026-06-16 09:23:19.140,1.0,1.0,,mc2,demo1
2026-06-16 14:11:44.250,2026-06-16 09:18:18.419,0.0,0.0,0,mc4,demo1
2026-06-16 14:11:44.436,2026-06-16 09:18:18.419,1.0,1.0,,mc1,demo1
2026-06-16 14:11:44.381,2026-06-16 09:18:18.419,1.0,1.0,,mc6,demo1
2026-06-16 14:11:44.327,2026-06-16 09:18:18.419,1.0,1.0,,mc2,demo1
2026-06-16 14:11:44.279,2026-06-16 09:18:18.419,1.0,1.0,,mc5,demo1
2026-06-16 14:11:44.226,2026-06-16 09:18:18.419,0.0,0.0,0,mc3,demo1
2026-06-16 14:11:44.483,2026-06-16 09:13:19.090,1.0,1.0,,mc6,demo1
2026-06-16 14:11:44.617,2026-06-16 09:13:19.090,1.0,1.0,,mc2,demo1
2026-06-16 14:11:44.592,2026-06-16 09:13:19.090,1.0,1.0,,mc1,demo1
2026-06-16 14:11:44.571,2026-06-16 09:13:19.090,1.0,1.0,,mc5,demo1
2026-06-16 14:11:44.534,2026-06-16 09:13:19.090,0.0,0.0,0,mc3,demo1
2026-06-16 14:11:44.509,2026-06-16 09:13:19.090,0.0,0.0,0,mc4,demo1
2026-06-16 14:11:44.768,2026-06-16 09:08:18.267,1.0,1.0,,mc5,demo1
2026-06-16 14:11:44.840,2026-06-16 09:08:18.267,1.0,1.0,,mc6,demo1
2026-06-16 14:11:44.809,2026-06-16 09:08:18.267,1.0,1.0,,mc2,demo1
2026-06-16 14:11:44.749,2026-06-16 09:08:18.267,0.0,0.0,0,mc4,demo1
2026-06-16 14:11:44.680,2026-06-16 09:08:18.267,0.0,0.0,0,mc3,demo1
2026-06-16 14:11:44.637,2026-06-16 09:08:18.267,1.0,1.0,,mc1,demo1
2026-06-16 14:11:44.877,2026-06-16 09:03:18.989,1.0,1.0,,mc6,demo1
2026-06-16 14:11:45.105,2026-06-16 09:03:18.989,1.0,1.0,,mc5,demo1
2026-06-16 14:11:45.084,2026-06-16 09:03:18.989,0.0,0.0,0,mc4,demo1
2026-06-16 14:11:44.983,2026-06-16 09:03:18.989,0.0,0.0,0,mc3,demo1
2026-06-16 14:11:44.959,2026-06-16 09:03:18.989,1.0,1.0,,mc1,demo1
2026-06-16 14:11:44.932,2026-06-16 09:03:18.989,1.0,1.0,,mc2,demo1
2026-06-16 14:11:45.303,2026-06-16 08:58:18.730,1.0,1.0,,mc2,demo1
2026-06-16 14:11:45.177,2026-06-16 08:58:18.730,0.0,0.0,0,mc3,demo1
2026-06-16 14:11:45.192,2026-06-16 08:58:18.730,1.0,1.0,,mc6,demo1
2026-06-16 14:11:45.248,2026-06-16 08:58:18.730,1.0,1.0,,mc1,demo1
2026-06-16 14:11:45.273,2026-06-16 08:58:18.730,1.0,1.0,,mc5,demo1
2026-06-16 14:11:45.149,2026-06-16 08:58:18.730,0.0,0.0,0,mc4,demo1
2026-06-16 14:11:45.521,2026-06-16 08:53:18.313,0.0,0.0,0,mc4,demo1
2026-06-16 14:11:45.641,2026-06-16 08:53:18.313,1.0,1.0,,mc1,demo1
2026-06-16 14:11:45.572,2026-06-16 08:53:18.313,1.0,1.0,,mc5,demo1
2026-06-16 14:11:45.435,2026-06-16 08:53:18.313,1.0,1.0,,mc6,demo1
2026-06-16 14:11:45.324,2026-06-16 08:53:18.313,1.0,1.0,,mc2,demo1
2026-06-16 14:11:45.461,2026-06-16 08:53:18.313,0.0,0.0,0,mc3,demo1
2026-06-16 14:11:45.801,2026-06-16 08:48:18.829,1.0,1.0,,mc5,demo1
2026-06-16 14:11:45.689,2026-06-16 08:48:18.829,0.0,0.0,0,mc3,demo1
2026-06-16 14:11:45.716,2026-06-16 08:48:18.829,1.0,1.0,,mc1,demo1
2026-06-16 14:11:45.760,2026-06-16 08:48:18.829,0.0,0.0,0,mc4,demo1
2026-06-16 14:11:45.824,2026-06-16 08:48:18.829,1.0,1.0,,mc2,demo1
2026-06-16 14:11:45.869,2026-06-16 08:48:18.829,1.0,1.0,,mc6,demo1
2026-06-16 14:11:45.890,2026-06-16 08:43:18.421,1.0,1.0,,mc1,demo1
2026-06-16 14:11:45.936,2026-06-16 08:43:18.421,0.0,0.0,0,mc4,demo1
2026-06-16 14:11:45.967,2026-06-16 08:43:18.421,1.0,1.0,,mc2,demo1
2026-06-16 14:11:45.991,2026-06-16 08:43:18.421,1.0,1.0,,mc6,demo1
2026-06-16 14:11:46.138,2026-06-16 08:43:18.421,1.0,1.0,,mc5,demo1
2026-06-16 14:11:46.179,2026-06-16 08:43:18.421,0.0,0.0,0,mc3,demo1
2026-06-16 14:11:46.244,2026-06-16 08:38:18.825,1.0,1.0,,mc1,demo1
2026-06-16 14:11:46.288,2026-06-16 08:38:18.825,1.0,1.0,,mc2,demo1
2026-06-16 14:11:46.309,2026-06-16 08:38:18.825,1.0,1.0,,mc6,demo1
2026-06-16 14:11:46.326,2026-06-16 08:38:18.825,0.0,0.0,0,mc3,demo1
2026-06-16 14:11:46.378,2026-06-16 08:38:18.825,1.0,1.0,,mc5,demo1
2026-06-16 14:11:46.399,2026-06-16 08:38:18.825,0.0,0.0,0,mc4,demo1
2026-06-16 14:11:46.426,2026-06-16 08:33:19.177,1.0,1.0,,mc1,demo1
2026-06-16 14:11:46.451,2026-06-16 08:33:19.177,1.0,1.0,,mc6,demo1
2026-06-16 14:11:46.467,2026-06-16 08:33:19.177,0.0,0.0,0,mc3,demo1
2026-06-16 14:11:46.513,2026-06-16 08:33:19.177,0.0,0.0,0,mc4,demo1
2026-06-16 14:11:46.551,2026-06-16 08:33:19.177,1.0,1.0,,mc5,demo1
2026-06-16 14:11:46.580,2026-06-16 08:33:19.177,1.0,1.0,,mc2,demo1
2026-06-16 14:11:46.684,2026-06-16 08:28:18.954,0.0,0.0,0,mc3,demo1
2026-06-16 14:11:46.743,2026-06-16 08:28:18.954,0.0,0.0,0,mc4,demo1
2026-06-16 14:11:46.720,2026-06-16 08:28:18.954,1.0,1.0,,mc5,demo1
2026-06-16 14:11:46.659,2026-06-16 08:28:18.954,1.0,1.0,,mc2,demo1
2026-06-16 14:11:46.635,2026-06-16 08:28:18.954,1.0,1.0,,mc6,demo1
2026-06-16 14:11:46.611,2026-06-16 08:28:18.954,1.0,1.0,,mc1,demo1
2026-06-16 14:11:46.768,2026-06-16 08:23:19.006,1.0,1.0,,mc1,demo1
2026-06-16 14:11:46.793,2026-06-16 08:23:19.006,1.0,1.0,,mc2,demo1
2026-06-16 14:11:46.826,2026-06-16 08:23:19.006,1.0,1.0,,mc5,demo1
2026-06-16 14:11:46.876,2026-06-16 08:23:19.006,0.0,0.0,0,mc3,demo1
2026-06-16 14:11:46.933,2026-06-16 08:23:19.006,0.0,0.0,0,mc4,demo1
2026-06-16 14:11:46.959,2026-06-16 08:23:19.006,1.0,1.0,,mc6,demo1
2026-06-16 14:11:46.990,2026-06-16 08:18:18.834,0.0,0.0,0,mc4,demo1
2026-06-16 14:11:47.017,2026-06-16 08:18:18.834,0.0,0.0,0,mc5,demo1
2026-06-16 14:11:47.066,2026-06-16 08:18:18.834,0.0,0.0,0,mc3,demo1
2026-06-16 14:11:47.092,2026-06-16 08:18:18.834,0.0,0.0,0,mc2,demo1
2026-06-16 14:11:47.109,2026-06-16 08:18:18.834,0.0,0.0,0,mc1,demo1
2026-06-16 14:11:47.133,2026-06-16 08:18:18.834,0.0,0.0,0,mc6,demo1
2026-06-16 14:11:47.165,2026-06-16 08:13:18.862,0.0,0.0,0,mc2,demo1
2026-06-16 14:11:47.184,2026-06-16 08:13:18.862,0.0,0.0,0,mc6,demo1
2026-06-16 14:11:47.216,2026-06-16 08:13:18.862,0.0,0.0,0,mc4,demo1
2026-06-16 14:11:47.251,2026-06-16 08:13:18.862,0.0,0.0,0,mc5,demo1
2026-06-16 14:11:47.268,2026-06-16 08:13:18.862,0.0,0.0,0,mc1,demo1
2026-06-16 14:11:47.296,2026-06-16 08:13:18.862,0.0,0.0,0,mc3,demo1
2026-06-16 14:11:47.317,2026-06-16 08:08:18.602,0.0,0.0,0,mc3,demo1
2026-06-16 14:11:47.385,2026-06-16 08:08:18.602,0.0,0.0,0,mc6,demo1
2026-06-16 14:11:47.401,2026-06-16 08:08:18.602,0.0,0.0,0,mc2,demo1
2026-06-16 14:11:47.417,2026-06-16 08:08:18.602,0.0,0.0,0,mc1,demo1
2026-06-16 14:11:47.446,2026-06-16 08:08:18.602,0.0,0.0,0,mc4,demo1
2026-06-16 14:11:47.484,2026-06-16 08:08:18.602,0.0,0.0,0,mc5,demo1
2026-06-16 14:11:47.502,2026-06-16 08:03:18.182,0.0,0.0,0,mc5,demo1
2026-06-16 14:11:47.543,2026-06-16 08:03:18.182,0.0,0.0,0,mc3,demo1
2026-06-16 14:11:47.569,2026-06-16 08:03:18.182,0.0,0.0,0,mc6,demo1
2026-06-16 14:11:47.622,2026-06-16 08:03:18.182,0.0,0.0,0,mc4,demo1
2026-06-16 14:11:47.653,2026-06-16 08:03:18.182,0.0,0.0,0,mc2,demo1
2026-06-16 14:11:47.668,2026-06-16 08:03:18.182,0.0,0.0,0,mc1,demo1
2026-06-16 14:11:47.743,2026-06-16 07:58:18.680,0.0,0.0,0,mc1,demo1
2026-06-16 14:11:47.789,2026-06-16 07:58:18.680,0.0,0.0,0,mc4,demo1
2026-06-16 14:11:47.862,2026-06-16 07:58:18.680,0.0,0.0,0,mc2,demo1
2026-06-16 14:11:47.886,2026-06-16 07:58:18.680,0.0,0.0,0,mc6,demo1
2026-06-16 14:11:47.902,2026-06-16 07:58:18.680,0.0,0.0,0,mc3,demo1
2026-06-16 14:11:47.933,2026-06-16 07:58:18.680,0.0,0.0,0,mc5,demo1
2026-06-16 14:11:47.958,2026-06-16 07:53:18.825,0.0,0.0,0,mc5,demo1
2026-06-16 14:11:47.992,2026-06-16 07:53:18.825,0.0,0.0,0,mc2,demo1
2026-06-16 14:11:48.038,2026-06-16 07:53:18.825,0.0,0.0,0,mc4,demo1
2026-06-16 14:11:48.071,2026-06-16 07:53:18.825,0.0,0.0,0,mc6,demo1
2026-06-16 14:11:48.102,2026-06-16 07:53:18.825,0.0,0.0,0,mc3,demo1
2026-06-16 14:11:48.172,2026-06-16 07:53:18.825,0.0,0.0,0,mc1,demo1
2026-06-16 14:11:48.202,2026-06-16 07:48:18.192,0.0,0.0,0,mc2,demo1
2026-06-16 14:11:48.302,2026-06-16 07:48:18.192,0.0,0.0,0,mc4,demo1
2026-06-16 14:11:48.538,2026-06-16 07:48:18.192,0.0,0.0,0,mc6,demo1
2026-06-16 14:11:48.645,2026-06-16 07:48:18.192,0.0,0.0,0,mc1,demo1
2026-06-16 14:11:48.730,2026-06-16 07:48:18.192,0.0,0.0,0,mc5,demo1
2026-06-16 14:11:48.751,2026-06-16 07:48:18.192,0.0,0.0,0,mc3,demo1
2026-06-16 14:11:48.788,2026-06-16 07:43:18.345,0.0,0.0,0,mc5,demo1
2026-06-16 14:11:48.809,2026-06-16 07:43:18.345,0.0,0.0,0,mc4,demo1
2026-06-16 14:11:48.834,2026-06-16 07:43:18.345,0.0,0.0,0,mc3,demo1
2026-06-16 14:11:48.911,2026-06-16 07:43:18.345,0.0,0.0,0,mc1,demo1
2026-06-16 14:11:48.959,2026-06-16 07:43:18.345,0.0,0.0,0,mc2,demo1
2026-06-16 14:11:48.992,2026-06-16 07:43:18.345,0.0,0.0,0,mc6,demo1
2026-06-16 14:11:49.018,2026-06-16 07:38:18.847,0.0,0.0,0,mc6,demo1
2026-06-16 14:11:49.066,2026-06-16 07:38:18.847,0.0,0.0,0,mc4,demo1
2026-06-16 14:11:49.099,2026-06-16 07:38:18.847,0.0,0.0,0,mc5,demo1
2026-06-16 14:11:49.144,2026-06-16 07:38:18.847,0.0,0.0,0,mc2,demo1
2026-06-16 14:11:49.169,2026-06-16 07:38:18.847,0.0,0.0,0,mc1,demo1
2026-06-16 14:11:49.195,2026-06-16 07:38:18.847,0.0,0.0,0,mc3,demo1
2026-06-16 14:11:49.222,2026-06-16 07:33:19.150,0.0,0.0,0,mc6,demo1
2026-06-16 14:11:49.268,2026-06-16 07:33:19.150,0.0,0.0,0,mc1,demo1
2026-06-16 14:11:49.292,2026-06-16 07:33:19.150,0.0,0.0,0,mc4,demo1
2026-06-16 14:11:49.344,2026-06-16 07:33:19.150,0.0,0.0,0,mc3,demo1
2026-06-16 14:11:49.376,2026-06-16 07:33:19.150,0.0,0.0,0,mc5,demo1
2026-06-16 14:11:49.417,2026-06-16 07:33:19.150,0.0,0.0,0,mc2,demo1
2026-06-16 14:11:49.448,2026-06-16 07:28:18.953,0.0,0.0,0,mc3,demo1
2026-06-16 14:11:49.478,2026-06-16 07:28:18.953,0.0,0.0,0,mc2,demo1
2026-06-16 14:11:49.502,2026-06-16 07:28:18.953,0.0,0.0,0,mc6,demo1
2026-06-16 14:11:49.621,2026-06-16 07:28:18.953,0.0,0.0,0,mc4,demo1
2026-06-16 14:11:49.552,2026-06-16 07:28:18.953,0.0,0.0,0,mc5,demo1
2026-06-16 14:11:49.583,2026-06-16 07:28:18.953,0.0,0.0,0,mc1,demo1
2026-06-16 14:11:49.726,2026-06-16 07:23:18.384,0.0,0.0,0,mc2,demo1
2026-06-16 14:11:49.653,2026-06-16 07:23:18.384,0.0,0.0,0,mc6,demo1
2026-06-16 14:11:49.668,2026-06-16 07:23:18.384,0.0,0.0,0,mc5,demo1
2026-06-16 14:11:49.701,2026-06-16 07:23:18.384,0.0,0.0,0,mc3,demo1
2026-06-16 14:11:49.742,2026-06-16 07:23:18.384,0.0,0.0,0,mc4,demo1
2026-06-16 14:11:49.776,2026-06-16 07:23:18.384,0.0,0.0,0,mc1,demo1
2026-06-16 14:11:49.809,2026-06-16 07:18:18.555,0.0,0.0,0,mc6,demo1
2026-06-16 14:11:50.013,2026-06-16 07:18:18.555,0.0,0.0,0,mc1,demo1
2026-06-16 14:11:49.958,2026-06-16 07:18:18.555,0.0,0.0,0,mc3,demo1
2026-06-16 14:11:49.934,2026-06-16 07:18:18.555,0.0,0.0,0,mc2,demo1
2026-06-16 14:11:49.872,2026-06-16 07:18:18.555,0.0,0.0,0,mc4,demo1
2026-06-16 14:11:49.837,2026-06-16 07:18:18.555,0.0,0.0,0,mc5,demo1
2026-06-16 14:11:50.052,2026-06-16 07:13:18.514,0.0,0.0,0,mc3,demo1
2026-06-16 14:11:50.085,2026-06-16 07:13:18.514,0.0,0.0,0,mc4,demo1
2026-06-16 14:11:50.111,2026-06-16 07:13:18.514,0.0,0.0,0,mc2,demo1
2026-06-16 14:11:50.144,2026-06-16 07:13:18.514,0.0,0.0,0,mc6,demo1
2026-06-16 14:11:50.184,2026-06-16 07:13:18.514,0.0,0.0,0,mc5,demo1
2026-06-16 14:11:50.235,2026-06-16 07:13:18.514,0.0,0.0,0,mc1,demo1
2026-06-16 14:11:50.269,2026-06-16 07:08:18.969,0.0,0.0,0,mc3,demo1
2026-06-16 14:11:50.290,2026-06-16 07:08:18.969,0.0,0.0,0,mc4,demo1
2026-06-16 14:11:50.331,2026-06-16 07:08:18.969,0.0,0.0,0,mc1,demo1
2026-06-16 14:11:50.378,2026-06-16 07:08:18.969,0.0,0.0,0,mc5,demo1
2026-06-16 14:11:50.429,2026-06-16 07:08:18.969,0.0,0.0,0,mc6,demo1
2026-06-16 14:11:50.452,2026-06-16 07:08:18.969,0.0,0.0,0,mc2,demo1
2026-06-16 14:11:50.476,2026-06-16 07:03:18.513,0.0,0.0,0,mc1,demo1
2026-06-16 14:11:50.499,2026-06-16 07:03:18.513,0.0,0.0,0,mc2,demo1
2026-06-16 14:11:50.611,2026-06-16 07:03:18.513,0.0,0.0,0,mc6,demo1
2026-06-16 14:11:50.667,2026-06-16 07:03:18.513,0.0,0.0,0,mc5,demo1
2026-06-16 14:11:50.709,2026-06-16 07:03:18.513,0.0,0.0,0,mc3,demo1
2026-06-16 14:11:50.740,2026-06-16 07:03:18.513,0.0,0.0,0,mc4,demo1
2026-06-16 14:11:50.768,2026-06-16 06:58:19.726,0.0,0.0,0,mc2,demo1
2026-06-16 14:11:50.802,2026-06-16 06:58:19.726,0.0,0.0,0,mc5,demo1
2026-06-16 14:11:50.837,2026-06-16 06:58:19.726,0.0,0.0,0,mc6,demo1
2026-06-16 14:11:50.896,2026-06-16 06:58:19.726,0.0,0.0,0,mc4,demo1
2026-06-16 14:11:50.919,2026-06-16 06:58:19.726,0.0,0.0,0,mc1,demo1
2026-06-16 14:11:50.962,2026-06-16 06:58:19.726,0.0,0.0,0,mc3,demo1
2026-06-16 14:11:50.998,2026-06-16 06:53:18.934,0.0,0.0,0,mc6,demo1
2026-06-16 14:11:51.037,2026-06-16 06:53:18.934,0.0,0.0,0,mc4,demo1
2026-06-16 14:11:51.075,2026-06-16 06:53:18.934,0.0,0.0,0,mc2,demo1
2026-06-16 14:11:51.111,2026-06-16 06:53:18.934,0.0,0.0,0,mc5,demo1
2026-06-16 14:11:51.143,2026-06-16 06:53:18.934,0.0,0.0,0,mc1,demo1
2026-06-16 14:11:51.167,2026-06-16 06:53:18.934,0.0,0.0,0,mc3,demo1
2026-06-16 14:11:51.344,2026-06-16 06:48:18.702,0.0,0.0,0,mc1,demo1
2026-06-16 14:11:51.463,2026-06-16 06:48:18.702,0.0,0.0,0,mc5,demo1
2026-06-16 14:11:51.380,2026-06-16 06:48:18.702,0.0,0.0,0,mc2,demo1
2026-06-16 14:11:51.280,2026-06-16 06:48:18.702,0.0,0.0,0,mc6,demo1
2026-06-16 14:11:51.218,2026-06-16 06:48:18.702,0.0,0.0,0,mc3,demo1
2026-06-16 14:11:51.192,2026-06-16 06:48:18.702,0.0,0.0,0,mc4,demo1
2026-06-16 14:11:51.562,2026-06-16 06:43:18.773,0.0,0.0,0,mc4,demo1
2026-06-16 14:11:51.603,2026-06-16 06:43:18.773,0.0,0.0,0,mc1,demo1
2026-06-16 14:11:51.633,2026-06-16 06:43:18.773,0.0,0.0,0,mc5,demo1
2026-06-16 14:11:51.521,2026-06-16 06:43:18.773,0.0,0.0,0,mc6,demo1
2026-06-16 14:11:51.660,2026-06-16 06:43:18.773,0.0,0.0,0,mc3,demo1
2026-06-16 14:11:51.704,2026-06-16 06:43:18.773,0.0,0.0,0,mc2,demo1
2026-06-16 14:11:51.786,2026-06-16 06:38:18.741,0.0,0.0,0,mc1,demo1
2026-06-16 14:11:51.826,2026-06-16 06:38:18.741,0.0,0.0,0,mc2,demo1
2026-06-16 14:11:51.866,2026-06-16 06:38:18.741,0.0,0.0,0,mc5,demo1
2026-06-16 14:11:51.937,2026-06-16 06:38:18.741,0.0,0.0,0,mc4,demo1
2026-06-16 14:11:51.959,2026-06-16 06:38:18.741,0.0,0.0,0,mc3,demo1
2026-06-16 14:11:52.012,2026-06-16 06:38:18.741,0.0,0.0,0,mc6,demo1
2026-06-16 14:11:52.038,2026-06-16 06:33:18.785,0.0,0.0,0,mc3,demo1
2026-06-16 14:11:52.089,2026-06-16 06:33:18.785,0.0,0.0,0,mc2,demo1
2026-06-16 14:11:52.114,2026-06-16 06:33:18.785,0.0,0.0,0,mc4,demo1
2026-06-16 14:11:52.125,2026-06-16 06:33:18.785,0.0,0.0,0,mc6,demo1
2026-06-16 14:11:52.159,2026-06-16 06:33:18.785,0.0,0.0,0,mc1,demo1
2026-06-16 14:11:52.202,2026-06-16 06:33:18.785,0.0,0.0,0,mc5,demo1
2026-06-16 14:11:52.254,2026-06-16 06:28:18.891,0.0,0.0,0,mc3,demo1
2026-06-16 14:11:52.277,2026-06-16 06:28:18.891,0.0,0.0,0,mc1,demo1
2026-06-16 14:11:52.363,2026-06-16 06:28:18.891,0.0,0.0,0,mc4,demo1
2026-06-16 14:11:52.429,2026-06-16 06:28:18.891,0.0,0.0,0,mc6,demo1
2026-06-16 14:11:52.451,2026-06-16 06:28:18.891,0.0,0.0,0,mc2,demo1
2026-06-16 14:11:52.487,2026-06-16 06:28:18.891,0.0,0.0,0,mc5,demo1
2026-06-16 14:11:52.527,2026-06-16 06:23:18.145,0.0,0.0,0,mc4,demo1
2026-06-16 14:11:52.578,2026-06-16 06:23:18.145,0.0,0.0,0,mc1,demo1
2026-06-16 14:11:52.625,2026-06-16 06:23:18.145,0.0,0.0,0,mc5,demo1
2026-06-16 14:11:52.653,2026-06-16 06:23:18.145,0.0,0.0,0,mc6,demo1
2026-06-16 14:11:52.687,2026-06-16 06:23:18.145,0.0,0.0,0,mc2,demo1
2026-06-16 14:11:52.728,2026-06-16 06:23:18.145,0.0,0.0,0,mc3,demo1
2026-06-16 14:11:53.093,2026-06-16 06:18:18.426,0.0,0.0,0,mc3,demo1
2026-06-16 14:11:52.757,2026-06-16 06:18:18.426,0.0,0.0,0,mc4,demo1
2026-06-16 14:11:52.783,2026-06-16 06:18:18.426,0.0,0.0,0,mc1,demo1
2026-06-16 14:11:52.853,2026-06-16 06:18:18.426,0.0,0.0,0,mc6,demo1
2026-06-16 14:11:53.066,2026-06-16 06:18:18.426,0.0,0.0,0,mc2,demo1
2026-06-16 14:11:53.118,2026-06-16 06:18:18.426,0.0,0.0,0,mc5,demo1
2026-06-16 14:11:53.207,2026-06-16 06:13:18.723,0.0,0.0,0,mc5,demo1
2026-06-16 14:11:53.152,2026-06-16 06:13:18.723,0.0,0.0,0,mc3,demo1
2026-06-16 14:11:53.176,2026-06-16 06:13:18.723,0.0,0.0,0,mc6,demo1
2026-06-16 14:11:53.235,2026-06-16 06:13:18.723,0.0,0.0,0,mc4,demo1
2026-06-16 14:11:53.282,2026-06-16 06:13:18.723,0.0,0.0,0,mc1,demo1
2026-06-16 14:11:53.309,2026-06-16 06:13:18.723,0.0,0.0,0,mc2,demo1
2026-06-16 14:11:53.414,2026-06-16 06:08:19.489,0.0,0.0,0,mc6,demo1
2026-06-16 14:11:53.460,2026-06-16 06:08:19.489,0.0,0.0,0,mc4,demo1
2026-06-16 14:11:53.485,2026-06-16 06:08:19.489,0.0,0.0,0,mc5,demo1
2026-06-16 14:11:53.532,2026-06-16 06:08:19.489,0.0,0.0,0,mc2,demo1
2026-06-16 14:11:53.577,2026-06-16 06:08:19.489,0.0,0.0,0,mc3,demo1
2026-06-16 14:11:53.339,2026-06-16 06:08:19.489,0.0,0.0,0,mc1,demo1
2026-06-16 14:11:53.613,2026-06-16 06:03:19.105,0.0,0.0,0,mc6,demo1
2026-06-16 14:11:53.676,2026-06-16 06:03:19.105,0.0,0.0,0,mc1,demo1
2026-06-16 14:11:53.703,2026-06-16 06:03:19.105,0.0,0.0,0,mc3,demo1
2026-06-16 14:11:53.751,2026-06-16 06:03:19.105,0.0,0.0,0,mc2,demo1
2026-06-16 14:11:53.776,2026-06-16 06:03:19.105,0.0,0.0,0,mc4,demo1
2026-06-16 14:11:53.657,2026-06-16 06:03:19.105,0.0,0.0,0,mc5,demo1
2026-06-16 14:11:54.200,2026-06-16 05:58:18.516,0.0,0.0,0,mc1,demo1
2026-06-16 14:11:54.160,2026-06-16 05:58:18.516,0.0,0.0,0,mc3,demo1
2026-06-16 14:11:54.141,2026-06-16 05:58:18.516,0.0,0.0,0,mc6,demo1
2026-06-16 14:11:54.116,2026-06-16 05:58:18.516,0.0,0.0,0,mc5,demo1
2026-06-16 14:11:54.043,2026-06-16 05:58:18.516,0.0,0.0,0,mc2,demo1
2026-06-16 14:11:53.809,2026-06-16 05:58:18.516,0.0,0.0,0,mc4,demo1
2026-06-16 14:11:54.234,2026-06-16 05:53:18.302,0.0,0.0,0,mc5,demo1
2026-06-16 14:11:54.250,2026-06-16 05:53:18.302,0.0,0.0,0,mc1,demo1
2026-06-16 14:11:54.284,2026-06-16 05:53:18.302,0.0,0.0,0,mc2,demo1
2026-06-16 14:11:54.317,2026-06-16 05:53:18.302,0.0,0.0,0,mc4,demo1
2026-06-16 14:11:54.335,2026-06-16 05:53:18.302,0.0,0.0,0,mc6,demo1
2026-06-16 14:11:54.217,2026-06-16 05:53:18.302,0.0,0.0,0,mc3,demo1
2026-06-16 14:11:54.567,2026-06-16 05:48:18.324,0.0,0.0,0,mc1,demo1
2026-06-16 14:11:54.524,2026-06-16 05:48:18.324,0.0,0.0,0,mc5,demo1
2026-06-16 14:11:54.503,2026-06-16 05:48:18.324,0.0,0.0,0,mc6,demo1
2026-06-16 14:11:54.480,2026-06-16 05:48:18.324,0.0,0.0,0,mc4,demo1
2026-06-16 14:11:54.435,2026-06-16 05:48:18.324,0.0,0.0,0,mc2,demo1
2026-06-16 14:11:54.407,2026-06-16 05:48:18.324,0.0,0.0,0,mc3,demo1
2026-06-16 14:11:54.754,2026-06-16 05:43:18.681,0.0,0.0,0,mc1,demo1
2026-06-16 14:11:54.591,2026-06-16 05:43:18.681,0.0,0.0,0,mc6,demo1
2026-06-16 14:11:54.632,2026-06-16 05:43:18.681,0.0,0.0,0,mc3,demo1
2026-06-16 14:11:54.670,2026-06-16 05:43:18.681,0.0,0.0,0,mc4,demo1
2026-06-16 14:11:54.694,2026-06-16 05:43:18.681,0.0,0.0,0,mc5,demo1
2026-06-16 14:11:54.724,2026-06-16 05:43:18.681,0.0,0.0,0,mc2,demo1
2026-06-16 14:11:54.792,2026-06-16 05:38:18.977,0.0,0.0,0,mc3,demo1
2026-06-16 14:11:54.961,2026-06-16 05:38:18.977,0.0,0.0,0,mc6,demo1
2026-06-16 14:11:54.933,2026-06-16 05:38:18.977,0.0,0.0,0,mc1,demo1
2026-06-16 14:11:54.875,2026-06-16 05:38:18.977,0.0,0.0,0,mc2,demo1
2026-06-16 14:11:54.833,2026-06-16 05:38:18.977,0.0,0.0,0,mc4,demo1
2026-06-16 14:11:54.810,2026-06-16 05:38:18.977,0.0,0.0,0,mc5,demo1
2026-06-16 14:11:55.003,2026-06-16 05:33:19.527,0.0,0.0,0,mc6,demo1
2026-06-16 14:11:55.170,2026-06-16 05:33:19.527,0.0,0.0,0,mc4,demo1
2026-06-16 14:11:55.142,2026-06-16 05:33:19.527,0.0,0.0,0,mc1,demo1
2026-06-16 14:11:55.102,2026-06-16 05:33:19.527,0.0,0.0,0,mc3,demo1
2026-06-16 14:11:55.066,2026-06-16 05:33:19.527,0.0,0.0,0,mc5,demo1
2026-06-16 14:11:55.026,2026-06-16 05:33:19.527,0.0,0.0,0,mc2,demo1
2026-06-16 14:11:55.403,2026-06-16 05:28:18.572,0.0,0.0,0,mc4,demo1
2026-06-16 14:11:55.213,2026-06-16 05:28:18.572,0.0,0.0,0,mc6,demo1
2026-06-16 14:11:55.243,2026-06-16 05:28:18.572,0.0,0.0,0,mc3,demo1
2026-06-16 14:11:55.283,2026-06-16 05:28:18.572,0.0,0.0,0,mc5,demo1
2026-06-16 14:11:55.318,2026-06-16 05:28:18.572,0.0,0.0,0,mc2,demo1
2026-06-16 14:11:55.372,2026-06-16 05:28:18.572,0.0,0.0,0,mc1,demo1
2026-06-16 14:11:55.619,2026-06-16 05:23:18.629,0.0,0.0,0,mc5,demo1
2026-06-16 14:11:55.449,2026-06-16 05:23:18.629,0.0,0.0,0,mc4,demo1
2026-06-16 14:11:55.508,2026-06-16 05:23:18.629,0.0,0.0,0,mc3,demo1
2026-06-16 14:11:55.533,2026-06-16 05:23:18.629,0.0,0.0,0,mc2,demo1
2026-06-16 14:11:55.562,2026-06-16 05:23:18.629,0.0,0.0,0,mc6,demo1
2026-06-16 14:11:55.598,2026-06-16 05:23:18.629,0.0,0.0,0,mc1,demo1
2026-06-16 14:11:55.685,2026-06-16 05:18:19.084,0.0,0.0,0,mc6,demo1
2026-06-16 14:11:55.807,2026-06-16 05:18:19.084,0.0,0.0,0,mc5,demo1
2026-06-16 14:11:55.772,2026-06-16 05:18:19.084,0.0,0.0,0,mc3,demo1
2026-06-16 14:11:55.734,2026-06-16 05:18:19.084,0.0,0.0,0,mc1,demo1
2026-06-16 14:11:55.717,2026-06-16 05:18:19.084,0.0,0.0,0,mc4,demo1
2026-06-16 14:11:55.661,2026-06-16 05:18:19.084,0.0,0.0,0,mc2,demo1
2026-06-16 14:11:55.841,2026-06-16 05:13:19.069,0.0,0.0,0,mc6,demo1
2026-06-16 14:11:55.889,2026-06-16 05:13:19.069,0.0,0.0,0,mc2,demo1
2026-06-16 14:11:55.938,2026-06-16 05:13:19.069,0.0,0.0,0,mc1,demo1
2026-06-16 14:11:56.018,2026-06-16 05:13:19.069,0.0,0.0,0,mc5,demo1
2026-06-16 14:11:56.111,2026-06-16 05:13:19.069,0.0,0.0,0,mc4,demo1
2026-06-16 14:11:56.136,2026-06-16 05:13:19.069,0.0,0.0,0,mc3,demo1
2026-06-16 14:11:56.162,2026-06-16 05:08:18.884,0.0,0.0,0,mc6,demo1
2026-06-16 14:11:56.220,2026-06-16 05:08:18.884,0.0,0.0,0,mc3,demo1
2026-06-16 14:11:56.261,2026-06-16 05:08:18.884,0.0,0.0,0,mc2,demo1
2026-06-16 14:11:56.370,2026-06-16 05:08:18.884,0.0,0.0,0,mc4,demo1
2026-06-16 14:11:56.285,2026-06-16 05:08:18.884,0.0,0.0,0,mc5,demo1
2026-06-16 14:11:56.317,2026-06-16 05:08:18.884,0.0,0.0,0,mc1,demo1
2026-06-16 14:11:56.489,2026-06-16 05:03:18.847,0.0,0.0,0,mc5,demo1
2026-06-16 14:11:56.586,2026-06-16 05:03:18.847,0.0,0.0,0,mc3,demo1
2026-06-16 14:11:56.562,2026-06-16 05:03:18.847,0.0,0.0,0,mc1,demo1
2026-06-16 14:11:56.521,2026-06-16 05:03:18.847,0.0,0.0,0,mc4,demo1
2026-06-16 14:11:56.437,2026-06-16 05:03:18.847,0.0,0.0,0,mc2,demo1
2026-06-16 14:11:56.395,2026-06-16 05:03:18.847,0.0,0.0,0,mc6,demo1
2026-06-16 14:11:56.900,2026-06-16 04:58:18.635,0.0,0.0,0,mc4,demo1
2026-06-16 14:11:56.728,2026-06-16 04:58:18.635,0.0,0.0,0,mc1,demo1
2026-06-16 14:11:56.772,2026-06-16 04:58:18.635,0.0,0.0,0,mc6,demo1
2026-06-16 14:11:56.791,2026-06-16 04:58:18.635,0.0,0.0,0,mc3,demo1
2026-06-16 14:11:56.827,2026-06-16 04:58:18.635,0.0,0.0,0,mc5,demo1
2026-06-16 14:11:56.869,2026-06-16 04:58:18.635,0.0,0.0,0,mc2,demo1
2026-06-16 14:11:56.937,2026-06-16 04:53:18.784,0.0,0.0,0,mc6,demo1
2026-06-16 14:11:56.981,2026-06-16 04:53:18.784,0.0,0.0,0,mc5,demo1
2026-06-16 14:11:57.030,2026-06-16 04:53:18.784,0.0,0.0,0,mc1,demo1
2026-06-16 14:11:57.051,2026-06-16 04:53:18.784,0.0,0.0,0,mc4,demo1
2026-06-16 14:11:57.085,2026-06-16 04:53:18.784,0.0,0.0,0,mc3,demo1
2026-06-16 14:11:57.101,2026-06-16 04:53:18.784,0.0,0.0,0,mc2,demo1
2026-06-16 14:11:57.284,2026-06-16 04:48:18.458,0.0,0.0,0,mc3,demo1
2026-06-16 14:11:57.128,2026-06-16 04:48:18.458,0.0,0.0,0,mc1,demo1
2026-06-16 14:11:57.151,2026-06-16 04:48:18.458,0.0,0.0,0,mc4,demo1
2026-06-16 14:11:57.189,2026-06-16 04:48:18.458,0.0,0.0,0,mc5,demo1
2026-06-16 14:11:57.230,2026-06-16 04:48:18.458,0.0,0.0,0,mc6,demo1
2026-06-16 14:11:57.250,2026-06-16 04:48:18.458,0.0,0.0,0,mc2,demo1
2026-06-16 14:11:57.307,2026-06-16 04:43:19.182,0.0,0.0,0,mc5,demo1
2026-06-16 14:11:57.460,2026-06-16 04:43:19.182,0.0,0.0,0,mc1,demo1
2026-06-16 14:11:57.435,2026-06-16 04:43:19.182,0.0,0.0,0,mc4,demo1
2026-06-16 14:11:57.394,2026-06-16 04:43:19.182,0.0,0.0,0,mc2,demo1
2026-06-16 14:11:57.376,2026-06-16 04:43:19.182,0.0,0.0,0,mc6,demo1
2026-06-16 14:11:57.343,2026-06-16 04:43:19.182,0.0,0.0,0,mc3,demo1
2026-06-16 14:11:57.495,2026-06-16 04:38:18.487,0.0,0.0,0,mc5,demo1
2026-06-16 14:11:57.654,2026-06-16 04:38:18.487,0.0,0.0,0,mc3,demo1
2026-06-16 14:11:57.625,2026-06-16 04:38:18.487,0.0,0.0,0,mc1,demo1
2026-06-16 14:11:57.594,2026-06-16 04:38:18.487,0.0,0.0,0,mc4,demo1
2026-06-16 14:11:57.560,2026-06-16 04:38:18.487,0.0,0.0,0,mc6,demo1
2026-06-16 14:11:57.538,2026-06-16 04:38:18.487,0.0,0.0,0,mc2,demo1
2026-06-16 14:11:57.718,2026-06-16 04:33:18.800,0.0,0.0,0,mc4,demo1
2026-06-16 14:11:57.845,2026-06-16 04:33:18.800,0.0,0.0,0,mc2,demo1
2026-06-16 14:11:57.805,2026-06-16 04:33:18.800,0.0,0.0,0,mc5,demo1
2026-06-16 14:11:57.784,2026-06-16 04:33:18.800,0.0,0.0,0,mc3,demo1
2026-06-16 14:11:57.749,2026-06-16 04:33:18.800,0.0,0.0,0,mc6,demo1
2026-06-16 14:11:57.689,2026-06-16 04:33:18.800,0.0,0.0,0,mc1,demo1
2026-06-16 14:11:57.878,2026-06-16 04:28:19.058,0.0,0.0,0,mc5,demo1
2026-06-16 14:11:58.063,2026-06-16 04:28:19.058,0.0,0.0,0,mc3,demo1
2026-06-16 14:11:58.028,2026-06-16 04:28:19.058,0.0,0.0,0,mc4,demo1
2026-06-16 14:11:58.001,2026-06-16 04:28:19.058,0.0,0.0,0,mc2,demo1
2026-06-16 14:11:57.971,2026-06-16 04:28:19.058,0.0,0.0,0,mc1,demo1
2026-06-16 14:11:57.921,2026-06-16 04:28:19.058,0.0,0.0,0,mc6,demo1
2026-06-16 14:11:58.099,2026-06-16 04:23:19.421,0.0,0.0,0,mc2,demo1
2026-06-16 14:11:58.271,2026-06-16 04:23:19.421,0.0,0.0,0,mc3,demo1
2026-06-16 14:11:58.238,2026-06-16 04:23:19.421,0.0,0.0,0,mc1,demo1
2026-06-16 14:11:58.213,2026-06-16 04:23:19.421,0.0,0.0,0,mc4,demo1
2026-06-16 14:11:58.179,2026-06-16 04:23:19.421,0.0,0.0,0,mc5,demo1
2026-06-16 14:11:58.150,2026-06-16 04:23:19.421,0.0,0.0,0,mc6,demo1
2026-06-16 14:11:58.399,2026-06-16 04:18:18.731,0.0,0.0,0,mc3,demo1
2026-06-16 14:11:58.340,2026-06-16 04:18:18.731,0.0,0.0,0,mc5,demo1
2026-06-16 14:11:58.459,2026-06-16 04:18:18.731,0.0,0.0,0,mc1,demo1
2026-06-16 14:11:58.430,2026-06-16 04:18:18.731,0.0,0.0,0,mc4,demo1
2026-06-16 14:11:58.302,2026-06-16 04:18:18.731,0.0,0.0,0,mc2,demo1
2026-06-16 14:11:58.375,2026-06-16 04:18:18.731,0.0,0.0,0,mc6,demo1
2026-06-16 14:11:58.680,2026-06-16 04:13:18.704,0.0,0.0,0,mc2,demo1
2026-06-16 14:11:58.927,2026-06-16 04:13:18.704,0.0,0.0,0,mc3,demo1
2026-06-16 14:11:58.895,2026-06-16 04:13:18.704,0.0,0.0,0,mc4,demo1
2026-06-16 14:11:58.831,2026-06-16 04:13:18.704,0.0,0.0,0,mc1,demo1
2026-06-16 14:11:58.746,2026-06-16 04:13:18.704,0.0,0.0,0,mc6,demo1
2026-06-16 14:11:58.719,2026-06-16 04:13:18.704,0.0,0.0,0,mc5,demo1
2026-06-16 14:11:59.180,2026-06-16 04:08:18.707,0.0,0.0,0,mc1,demo1
2026-06-16 14:11:59.239,2026-06-16 04:08:18.707,0.0,0.0,0,mc4,demo1
2026-06-16 14:11:59.206,2026-06-16 04:08:18.707,0.0,0.0,0,mc5,demo1
2026-06-16 14:11:59.148,2026-06-16 04:08:18.707,0.0,0.0,0,mc3,demo1
2026-06-16 14:11:59.113,2026-06-16 04:08:18.707,0.0,0.0,0,mc2,demo1
2026-06-16 14:11:59.089,2026-06-16 04:08:18.707,0.0,0.0,0,mc6,demo1
2026-06-16 14:11:59.279,2026-06-16 04:03:18.416,0.0,0.0,0,mc2,demo1
2026-06-16 14:11:59.312,2026-06-16 04:03:18.416,0.0,0.0,0,mc1,demo1
2026-06-16 14:11:59.338,2026-06-16 04:03:18.416,0.0,0.0,0,mc4,demo1
2026-06-16 14:11:59.366,2026-06-16 04:03:18.416,0.0,0.0,0,mc3,demo1
2026-06-16 14:11:59.413,2026-06-16 04:03:18.416,0.0,0.0,0,mc5,demo1
2026-06-16 14:11:59.454,2026-06-16 04:03:18.416,0.0,0.0,0,mc6,demo1
2026-06-16 14:11:59.488,2026-06-16 03:58:18.789,0.0,0.0,0,mc3,demo1
2026-06-16 14:11:59.586,2026-06-16 03:58:18.789,0.0,0.0,0,mc5,demo1
2026-06-16 14:11:59.711,2026-06-16 03:58:18.789,0.0,0.0,0,mc4,demo1
2026-06-16 14:11:59.764,2026-06-16 03:58:18.789,0.0,0.0,0,mc2,demo1
2026-06-16 14:11:59.791,2026-06-16 03:58:18.789,0.0,0.0,0,mc6,demo1
2026-06-16 14:11:59.813,2026-06-16 03:58:18.789,0.0,0.0,0,mc1,demo1
2026-06-16 14:11:59.829,2026-06-16 03:53:18.739,0.0,0.0,0,mc3,demo1
2026-06-16 14:11:59.865,2026-06-16 03:53:18.739,0.0,0.0,0,mc5,demo1
2026-06-16 14:11:59.896,2026-06-16 03:53:18.739,0.0,0.0,0,mc4,demo1
2026-06-16 14:11:59.923,2026-06-16 03:53:18.739,0.0,0.0,0,mc2,demo1
2026-06-16 14:11:59.954,2026-06-16 03:53:18.739,0.0,0.0,0,mc6,demo1
2026-06-16 14:11:59.982,2026-06-16 03:53:18.739,0.0,0.0,0,mc1,demo1
2026-06-16 14:12:00.014,2026-06-16 03:48:19.157,0.0,0.0,0,mc5,demo1
2026-06-16 14:12:00.044,2026-06-16 03:48:19.157,0.0,0.0,0,mc1,demo1
2026-06-16 14:12:00.071,2026-06-16 03:48:19.157,0.0,0.0,0,mc6,demo1
2026-06-16 14:12:00.099,2026-06-16 03:48:19.157,0.0,0.0,0,mc4,demo1
2026-06-16 14:12:00.127,2026-06-16 03:48:19.157,0.0,0.0,0,mc3,demo1
2026-06-16 14:12:00.153,2026-06-16 03:48:19.157,0.0,0.0,0,mc2,demo1
2026-06-16 14:12:00.178,2026-06-16 03:43:18.669,0.0,0.0,0,mc1,demo1
2026-06-16 14:12:00.204,2026-06-16 03:43:18.669,0.0,0.0,0,mc4,demo1
2026-06-16 14:12:00.231,2026-06-16 03:43:18.669,0.0,0.0,0,mc5,demo1
2026-06-16 14:12:00.253,2026-06-16 03:43:18.669,0.0,0.0,0,mc3,demo1
2026-06-16 14:12:00.282,2026-06-16 03:43:18.669,0.0,0.0,0,mc2,demo1
2026-06-16 14:12:00.301,2026-06-16 03:43:18.669,0.0,0.0,0,mc6,demo1
2026-06-16 14:12:00.334,2026-06-16 03:38:18.726,0.0,0.0,0,mc1,demo1
2026-06-16 14:12:00.372,2026-06-16 03:38:18.726,0.0,0.0,0,mc5,demo1
2026-06-16 14:12:00.405,2026-06-16 03:38:18.726,0.0,0.0,0,mc3,demo1
2026-06-16 14:12:00.422,2026-06-16 03:38:18.726,0.0,0.0,0,mc2,demo1
2026-06-16 14:12:00.451,2026-06-16 03:38:18.726,0.0,0.0,0,mc6,demo1
2026-06-16 14:12:00.489,2026-06-16 03:38:18.726,0.0,0.0,0,mc4,demo1
2026-06-16 14:12:00.514,2026-06-16 03:33:18.845,0.0,0.0,0,mc6,demo1
2026-06-16 14:12:00.539,2026-06-16 03:33:18.845,0.0,0.0,0,mc2,demo1
2026-06-16 14:12:00.563,2026-06-16 03:33:18.845,0.0,0.0,0,mc3,demo1
2026-06-16 14:12:00.580,2026-06-16 03:33:18.845,0.0,0.0,0,mc1,demo1
2026-06-16 14:12:00.597,2026-06-16 03:33:18.845,0.0,0.0,0,mc5,demo1
2026-06-16 14:12:00.675,2026-06-16 03:33:18.845,0.0,0.0,0,mc4,demo1
2026-06-16 14:12:00.713,2026-06-16 03:28:18.917,0.0,0.0,0,mc6,demo1
2026-06-16 14:12:00.784,2026-06-16 03:28:18.917,0.0,0.0,0,mc3,demo1
2026-06-16 14:12:00.803,2026-06-16 03:28:18.917,0.0,0.0,0,mc4,demo1
2026-06-16 14:12:00.897,2026-06-16 03:28:18.917,0.0,0.0,0,mc5,demo1
2026-06-16 14:12:00.845,2026-06-16 03:28:18.917,0.0,0.0,0,mc2,demo1
2026-06-16 14:12:00.870,2026-06-16 03:28:18.917,0.0,0.0,0,mc1,demo1
2026-06-16 14:12:01.019,2026-06-16 03:23:18.767,0.0,0.0,0,mc4,demo1
2026-06-16 14:12:00.916,2026-06-16 03:23:18.767,0.0,0.0,0,mc5,demo1
2026-06-16 14:12:00.947,2026-06-16 03:23:18.767,0.0,0.0,0,mc2,demo1
2026-06-16 14:12:00.990,2026-06-16 03:23:18.767,0.0,0.0,0,mc1,demo1
2026-06-16 14:12:01.045,2026-06-16 03:23:18.767,0.0,0.0,0,mc3,demo1
2026-06-16 14:12:01.089,2026-06-16 03:23:18.767,0.0,0.0,0,mc6,demo1
2026-06-16 14:12:01.530,2026-06-16 03:18:18.842,0.0,0.0,0,mc5,demo1
2026-06-16 14:12:01.145,2026-06-16 03:18:18.842,0.0,0.0,0,mc1,demo1
2026-06-16 14:12:01.178,2026-06-16 03:18:18.842,0.0,0.0,0,mc2,demo1
2026-06-16 14:12:01.126,2026-06-16 03:18:18.842,0.0,0.0,0,mc3,demo1
2026-06-16 14:12:01.195,2026-06-16 03:18:18.842,0.0,0.0,0,mc6,demo1
2026-06-16 14:12:01.249,2026-06-16 03:18:18.842,0.0,0.0,0,mc4,demo1
2026-06-16 14:12:01.872,2026-06-16 03:13:19.445,0.0,0.0,0,mc4,demo1
2026-06-16 14:12:01.648,2026-06-16 03:13:19.445,0.0,0.0,0,mc6,demo1
2026-06-16 14:12:01.748,2026-06-16 03:13:19.445,0.0,0.0,0,mc1,demo1
2026-06-16 14:12:01.790,2026-06-16 03:13:19.445,0.0,0.0,0,mc2,demo1
2026-06-16 14:12:01.839,2026-06-16 03:13:19.445,0.0,0.0,0,mc3,demo1
2026-06-16 14:12:01.908,2026-06-16 03:13:19.445,0.0,0.0,0,mc5,demo1
2026-06-16 14:12:02.045,2026-06-16 03:08:19.217,0.0,0.0,0,mc2,demo1
2026-06-16 14:12:01.929,2026-06-16 03:08:19.217,0.0,0.0,0,mc6,demo1
2026-06-16 14:12:01.963,2026-06-16 03:08:19.217,0.0,0.0,0,mc3,demo1
2026-06-16 14:12:01.988,2026-06-16 03:08:19.217,0.0,0.0,0,mc5,demo1
2026-06-16 14:12:02.014,2026-06-16 03:08:19.217,0.0,0.0,0,mc4,demo1
2026-06-16 14:12:02.063,2026-06-16 03:08:19.217,0.0,0.0,0,mc1,demo1
2026-06-16 14:12:02.230,2026-06-16 03:03:18.818,0.0,0.0,0,mc6,demo1
2026-06-16 14:12:02.088,2026-06-16 03:03:18.818,0.0,0.0,0,mc1,demo1
2026-06-16 14:12:02.113,2026-06-16 03:03:18.818,0.0,0.0,0,mc4,demo1
2026-06-16 14:12:02.152,2026-06-16 03:03:18.818,0.0,0.0,0,mc5,demo1
2026-06-16 14:12:02.199,2026-06-16 03:03:18.818,0.0,0.0,0,mc2,demo1
2026-06-16 14:12:02.255,2026-06-16 03:03:18.818,0.0,0.0,0,mc3,demo1
2026-06-16 14:12:02.395,2026-06-16 02:58:18.886,0.0,0.0,0,mc2,demo1
2026-06-16 14:12:02.279,2026-06-16 02:58:18.886,0.0,0.0,0,mc1,demo1
2026-06-16 14:12:02.304,2026-06-16 02:58:18.886,0.0,0.0,0,mc6,demo1
2026-06-16 14:12:02.320,2026-06-16 02:58:18.886,0.0,0.0,0,mc4,demo1
2026-06-16 14:12:02.337,2026-06-16 02:58:18.886,0.0,0.0,0,mc3,demo1
2026-06-16 14:12:02.370,2026-06-16 02:58:18.886,0.0,0.0,0,mc5,demo1
2026-06-16 14:12:02.680,2026-06-16 02:53:18.228,0.0,0.0,0,mc6,demo1
2026-06-16 14:12:02.471,2026-06-16 02:53:18.228,0.0,0.0,0,mc3,demo1
2026-06-16 14:12:02.512,2026-06-16 02:53:18.228,0.0,0.0,0,mc5,demo1
2026-06-16 14:12:02.542,2026-06-16 02:53:18.228,0.0,0.0,0,mc4,demo1
2026-06-16 14:12:02.617,2026-06-16 02:53:18.228,0.0,0.0,0,mc1,demo1
2026-06-16 14:12:02.658,2026-06-16 02:53:18.228,0.0,0.0,0,mc2,demo1
2026-06-16 14:12:02.821,2026-06-16 02:48:18.617,0.0,0.0,0,mc1,demo1
2026-06-16 14:12:02.705,2026-06-16 02:48:18.617,0.0,0.0,0,mc6,demo1
2026-06-16 14:12:02.738,2026-06-16 02:48:18.617,0.0,0.0,0,mc5,demo1
2026-06-16 14:12:02.770,2026-06-16 02:48:18.617,0.0,0.0,0,mc3,demo1
2026-06-16 14:12:02.796,2026-06-16 02:48:18.617,0.0,0.0,0,mc4,demo1
2026-06-16 14:12:02.847,2026-06-16 02:48:18.617,0.0,0.0,0,mc2,demo1
2026-06-16 14:12:02.995,2026-06-16 02:43:18.450,0.0,0.0,0,mc1,demo1
2026-06-16 14:12:02.879,2026-06-16 02:43:18.450,0.0,0.0,0,mc5,demo1
2026-06-16 14:12:02.917,2026-06-16 02:43:18.450,0.0,0.0,0,mc4,demo1
2026-06-16 14:12:02.937,2026-06-16 02:43:18.450,0.0,0.0,0,mc3,demo1
2026-06-16 14:12:02.979,2026-06-16 02:43:18.450,0.0,0.0,0,mc6,demo1
2026-06-16 14:12:03.012,2026-06-16 02:43:18.450,0.0,0.0,0,mc2,demo1
2026-06-16 14:12:03.177,2026-06-16 02:38:18.953,0.0,0.0,0,mc5,demo1
2026-06-16 14:12:03.046,2026-06-16 02:38:18.953,0.0,0.0,0,mc2,demo1
2026-06-16 14:12:03.071,2026-06-16 02:38:18.953,0.0,0.0,0,mc4,demo1
2026-06-16 14:12:03.114,2026-06-16 02:38:18.953,0.0,0.0,0,mc3,demo1
2026-06-16 14:12:03.138,2026-06-16 02:38:18.953,0.0,0.0,0,mc6,demo1
2026-06-16 14:12:03.206,2026-06-16 02:38:18.953,0.0,0.0,0,mc1,demo1
2026-06-16 14:12:03.321,2026-06-16 02:33:18.556,0.0,0.0,0,mc3,demo1
2026-06-16 14:12:03.227,2026-06-16 02:33:18.556,0.0,0.0,0,mc2,demo1
2026-06-16 14:12:03.246,2026-06-16 02:33:18.556,0.0,0.0,0,mc6,demo1
2026-06-16 14:12:03.279,2026-06-16 02:33:18.556,0.0,0.0,0,mc5,demo1
2026-06-16 14:12:03.304,2026-06-16 02:33:18.556,0.0,0.0,0,mc4,demo1
2026-06-16 14:12:03.337,2026-06-16 02:33:18.556,0.0,0.0,0,mc1,demo1
2026-06-16 14:12:03.503,2026-06-16 02:28:18.360,0.0,0.0,0,mc1,demo1
2026-06-16 14:12:03.374,2026-06-16 02:28:18.360,0.0,0.0,0,mc6,demo1
2026-06-16 14:12:03.389,2026-06-16 02:28:18.360,0.0,0.0,0,mc2,demo1
2026-06-16 14:12:03.422,2026-06-16 02:28:18.360,0.0,0.0,0,mc3,demo1
2026-06-16 14:12:03.445,2026-06-16 02:28:18.360,0.0,0.0,0,mc4,demo1
2026-06-16 14:12:03.476,2026-06-16 02:28:18.360,0.0,0.0,0,mc5,demo1
2026-06-16 14:12:03.738,2026-06-16 02:23:18.403,0.0,0.0,0,mc5,demo1
2026-06-16 14:12:03.534,2026-06-16 02:23:18.403,0.0,0.0,0,mc6,demo1
2026-06-16 14:12:03.561,2026-06-16 02:23:18.403,0.0,0.0,0,mc4,demo1
2026-06-16 14:12:03.579,2026-06-16 02:23:18.403,0.0,0.0,0,mc3,demo1
2026-06-16 14:12:03.689,2026-06-16 02:23:18.403,0.0,0.0,0,mc1,demo1
2026-06-16 14:12:03.713,2026-06-16 02:23:18.403,0.0,0.0,0,mc2,demo1
2026-06-16 14:12:03.887,2026-06-16 02:18:18.707,0.0,0.0,0,mc3,demo1
2026-06-16 14:12:03.788,2026-06-16 02:18:18.707,0.0,0.0,0,mc4,demo1
2026-06-16 14:12:03.815,2026-06-16 02:18:18.707,0.0,0.0,0,mc6,demo1
2026-06-16 14:12:03.838,2026-06-16 02:18:18.707,0.0,0.0,0,mc1,demo1
2026-06-16 14:12:03.863,2026-06-16 02:18:18.707,0.0,0.0,0,mc5,demo1
2026-06-16 14:12:03.946,2026-06-16 02:18:18.707,0.0,0.0,0,mc2,demo1
2026-06-16 14:12:04.054,2026-06-16 02:13:18.388,0.0,0.0,0,mc1,demo1
2026-06-16 14:12:03.962,2026-06-16 02:13:18.388,0.0,0.0,0,mc2,demo1
2026-06-16 14:12:03.988,2026-06-16 02:13:18.388,0.0,0.0,0,mc5,demo1
2026-06-16 14:12:04.008,2026-06-16 02:13:18.388,0.0,0.0,0,mc6,demo1
2026-06-16 14:12:04.028,2026-06-16 02:13:18.388,0.0,0.0,0,mc3,demo1
2026-06-16 14:12:04.107,2026-06-16 02:13:18.388,0.0,0.0,0,mc4,demo1
2026-06-16 14:12:04.263,2026-06-16 02:08:18.563,0.0,0.0,0,mc3,demo1
2026-06-16 14:12:04.137,2026-06-16 02:08:18.563,0.0,0.0,0,mc6,demo1
2026-06-16 14:12:04.155,2026-06-16 02:08:18.563,0.0,0.0,0,mc5,demo1
2026-06-16 14:12:04.170,2026-06-16 02:08:18.563,0.0,0.0,0,mc4,demo1
2026-06-16 14:12:04.230,2026-06-16 02:08:18.563,0.0,0.0,0,mc1,demo1
2026-06-16 14:12:04.278,2026-06-16 02:08:18.563,0.0,0.0,0,mc2,demo1
2026-06-16 14:12:04.505,2026-06-16 02:03:20.122,0.0,0.0,0,mc5,demo1
2026-06-16 14:12:04.300,2026-06-16 02:03:20.122,0.0,0.0,0,mc3,demo1
2026-06-16 14:12:04.320,2026-06-16 02:03:20.122,0.0,0.0,0,mc1,demo1
2026-06-16 14:12:04.337,2026-06-16 02:03:20.122,0.0,0.0,0,mc6,demo1
2026-06-16 14:12:04.402,2026-06-16 02:03:20.122,0.0,0.0,0,mc2,demo1
2026-06-16 14:12:04.528,2026-06-16 02:03:20.122,0.0,0.0,0,mc4,demo1
2026-06-16 14:12:04.884,2026-06-16 01:58:18.413,0.0,0.0,0,mc6,demo1
2026-06-16 14:12:04.556,2026-06-16 01:58:18.413,0.0,0.0,0,mc4,demo1
2026-06-16 14:12:04.589,2026-06-16 01:58:18.413,0.0,0.0,0,mc2,demo1
2026-06-16 14:12:04.998,2026-06-16 01:58:18.413,0.0,0.0,0,mc1,demo1
2026-06-16 14:12:05.036,2026-06-16 01:58:18.413,0.0,0.0,0,mc3,demo1
2026-06-16 14:12:05.073,2026-06-16 01:58:18.413,0.0,0.0,0,mc5,demo1
2026-06-16 14:12:05.279,2026-06-16 01:53:18.950,0.0,0.0,0,mc5,demo1
2026-06-16 14:12:05.095,2026-06-16 01:53:18.950,0.0,0.0,0,mc3,demo1
2026-06-16 14:12:05.163,2026-06-16 01:53:18.950,0.0,0.0,0,mc6,demo1
2026-06-16 14:12:05.204,2026-06-16 01:53:18.950,0.0,0.0,0,mc2,demo1
2026-06-16 14:12:05.237,2026-06-16 01:53:18.950,0.0,0.0,0,mc1,demo1
2026-06-16 14:12:05.262,2026-06-16 01:53:18.950,0.0,0.0,0,mc4,demo1
2026-06-16 14:12:05.461,2026-06-16 01:48:19.002,0.0,0.0,0,mc4,demo1
2026-06-16 14:12:05.296,2026-06-16 01:48:19.002,0.0,0.0,0,mc2,demo1
2026-06-16 14:12:05.377,2026-06-16 01:48:19.002,0.0,0.0,0,mc3,demo1
2026-06-16 14:12:05.406,2026-06-16 01:48:19.002,0.0,0.0,0,mc5,demo1
2026-06-16 14:12:05.437,2026-06-16 01:48:19.002,0.0,0.0,0,mc1,demo1
2026-06-16 14:12:05.529,2026-06-16 01:48:19.002,0.0,0.0,0,mc6,demo1
2026-06-16 14:12:05.680,2026-06-16 01:43:18.432,0.0,0.0,0,mc3,demo1
2026-06-16 14:12:05.570,2026-06-16 01:43:18.432,0.0,0.0,0,mc2,demo1
2026-06-16 14:12:05.595,2026-06-16 01:43:18.432,0.0,0.0,0,mc1,demo1
2026-06-16 14:12:05.626,2026-06-16 01:43:18.432,0.0,0.0,0,mc4,demo1
2026-06-16 14:12:05.658,2026-06-16 01:43:18.432,0.0,0.0,0,mc6,demo1
2026-06-16 14:12:05.697,2026-06-16 01:43:18.432,0.0,0.0,0,mc5,demo1
2026-06-16 14:12:05.812,2026-06-16 01:38:18.502,0.0,0.0,0,mc5,demo1
2026-06-16 14:12:05.712,2026-06-16 01:38:18.502,0.0,0.0,0,mc6,demo1
2026-06-16 14:12:05.729,2026-06-16 01:38:18.502,0.0,0.0,0,mc4,demo1
2026-06-16 14:12:05.775,2026-06-16 01:38:18.502,0.0,0.0,0,mc3,demo1
2026-06-16 14:12:05.795,2026-06-16 01:38:18.502,0.0,0.0,0,mc2,demo1
2026-06-16 14:12:05.848,2026-06-16 01:38:18.502,0.0,0.0,0,mc1,demo1
2026-06-16 14:12:05.964,2026-06-16 01:33:18.245,0.0,0.0,0,mc2,demo1
2026-06-16 14:12:05.872,2026-06-16 01:33:18.245,0.0,0.0,0,mc6,demo1
2026-06-16 14:12:05.896,2026-06-16 01:33:18.245,0.0,0.0,0,mc4,demo1
2026-06-16 14:12:06.024,2026-06-16 01:33:18.245,0.0,0.0,0,mc5,demo1
2026-06-16 14:12:05.921,2026-06-16 01:33:18.245,0.0,0.0,0,mc1,demo1
2026-06-16 14:12:05.998,2026-06-16 01:33:18.245,0.0,0.0,0,mc3,demo1
2026-06-16 14:12:06.095,2026-06-16 01:28:18.494,0.0,0.0,0,mc1,demo1
2026-06-16 14:12:06.162,2026-06-16 01:28:18.494,0.0,0.0,0,mc2,demo1
2026-06-16 14:12:06.138,2026-06-16 01:28:18.494,0.0,0.0,0,mc5,demo1
2026-06-16 14:12:06.120,2026-06-16 01:28:18.494,0.0,0.0,0,mc6,demo1
2026-06-16 14:12:06.079,2026-06-16 01:28:18.494,0.0,0.0,0,mc3,demo1
2026-06-16 14:12:06.046,2026-06-16 01:28:18.494,0.0,0.0,0,mc4,demo1
2026-06-16 14:12:06.296,2026-06-16 01:23:18.755,0.0,0.0,0,mc6,demo1
2026-06-16 14:12:06.179,2026-06-16 01:23:18.755,0.0,0.0,0,mc3,demo1
2026-06-16 14:12:06.196,2026-06-16 01:23:18.755,0.0,0.0,0,mc5,demo1
2026-06-16 14:12:06.222,2026-06-16 01:23:18.755,0.0,0.0,0,mc1,demo1
2026-06-16 14:12:06.257,2026-06-16 01:23:18.755,0.0,0.0,0,mc4,demo1
2026-06-16 14:12:06.279,2026-06-16 01:23:18.755,0.0,0.0,0,mc2,demo1
2026-06-16 14:12:06.465,2026-06-16 01:18:18.301,0.0,0.0,0,mc3,demo1
2026-06-16 14:12:06.331,2026-06-16 01:18:18.301,0.0,0.0,0,mc6,demo1
2026-06-16 14:12:06.364,2026-06-16 01:18:18.301,0.0,0.0,0,mc1,demo1
2026-06-16 14:12:06.397,2026-06-16 01:18:18.301,0.0,0.0,0,mc4,demo1
2026-06-16 14:12:06.421,2026-06-16 01:18:18.301,0.0,0.0,0,mc5,demo1
2026-06-16 14:12:06.487,2026-06-16 01:18:18.301,0.0,0.0,0,mc2,demo1
2026-06-16 14:12:06.620,2026-06-16 01:13:18.837,0.0,0.0,0,mc4,demo1
2026-06-16 14:12:06.512,2026-06-16 01:13:18.837,0.0,0.0,0,mc6,demo1
2026-06-16 14:12:06.546,2026-06-16 01:13:18.837,0.0,0.0,0,mc3,demo1
2026-06-16 14:12:06.571,2026-06-16 01:13:18.837,0.0,0.0,0,mc5,demo1
2026-06-16 14:12:06.596,2026-06-16 01:13:18.837,0.0,0.0,0,mc1,demo1
2026-06-16 14:12:06.662,2026-06-16 01:13:18.837,0.0,0.0,0,mc2,demo1
2026-06-16 14:12:06.795,2026-06-16 01:08:18.977,0.0,0.0,0,mc1,demo1
2026-06-16 14:12:06.687,2026-06-16 01:08:18.977,0.0,0.0,0,mc5,demo1
2026-06-16 14:12:06.711,2026-06-16 01:08:18.977,0.0,0.0,0,mc2,demo1
2026-06-16 14:12:06.739,2026-06-16 01:08:18.977,0.0,0.0,0,mc6,demo1
2026-06-16 14:12:06.774,2026-06-16 01:08:18.977,0.0,0.0,0,mc4,demo1
2026-06-16 14:12:06.820,2026-06-16 01:08:18.977,0.0,0.0,0,mc3,demo1
2026-06-16 14:12:07.061,2026-06-16 01:03:18.745,0.0,0.0,0,mc1,demo1
2026-06-16 14:12:06.845,2026-06-16 01:03:18.745,0.0,0.0,0,mc5,demo1
2026-06-16 14:12:06.891,2026-06-16 01:03:18.745,0.0,0.0,0,mc2,demo1
2026-06-16 14:12:06.913,2026-06-16 01:03:18.745,0.0,0.0,0,mc4,demo1
2026-06-16 14:12:06.946,2026-06-16 01:03:18.745,0.0,0.0,0,mc3,demo1
2026-06-16 14:12:07.035,2026-06-16 01:03:18.745,0.0,0.0,0,mc6,demo1
2026-06-16 14:12:07.213,2026-06-16 00:58:18.908,0.0,0.0,0,mc2,demo1
2026-06-16 14:12:07.088,2026-06-16 00:58:18.908,0.0,0.0,0,mc5,demo1
2026-06-16 14:12:07.121,2026-06-16 00:58:18.908,0.0,0.0,0,mc3,demo1
2026-06-16 14:12:07.146,2026-06-16 00:58:18.908,0.0,0.0,0,mc1,demo1
2026-06-16 14:12:07.179,2026-06-16 00:58:18.908,0.0,0.0,0,mc6,demo1
2026-06-16 14:12:07.195,2026-06-16 00:58:18.908,0.0,0.0,0,mc4,demo1
2026-06-16 14:12:07.383,2026-06-16 00:53:19.107,0.0,0.0,0,mc4,demo1
2026-06-16 14:12:07.245,2026-06-16 00:53:19.107,0.0,0.0,0,mc5,demo1
2026-06-16 14:12:07.271,2026-06-16 00:53:19.107,0.0,0.0,0,mc1,demo1
2026-06-16 14:12:07.297,2026-06-16 00:53:19.107,0.0,0.0,0,mc2,demo1
2026-06-16 14:12:07.340,2026-06-16 00:53:19.107,0.0,0.0,0,mc6,demo1
2026-06-16 14:12:07.405,2026-06-16 00:53:19.107,0.0,0.0,0,mc3,demo1
2026-06-16 14:12:07.545,2026-06-16 00:48:18.300,0.0,0.0,0,mc1,demo1
2026-06-16 14:12:07.430,2026-06-16 00:48:18.300,0.0,0.0,0,mc6,demo1
2026-06-16 14:12:07.455,2026-06-16 00:48:18.300,0.0,0.0,0,mc3,demo1
2026-06-16 14:12:07.510,2026-06-16 00:48:18.300,0.0,0.0,0,mc5,demo1
2026-06-16 14:12:07.529,2026-06-16 00:48:18.300,0.0,0.0,0,mc2,demo1
2026-06-16 14:12:07.563,2026-06-16 00:48:18.300,0.0,0.0,0,mc4,demo1
2026-06-16 14:12:07.697,2026-06-16 00:43:19.386,0.0,0.0,0,mc4,demo1
2026-06-16 14:12:07.596,2026-06-16 00:43:19.386,0.0,0.0,0,mc1,demo1
2026-06-16 14:12:07.613,2026-06-16 00:43:19.386,0.0,0.0,0,mc5,demo1
2026-06-16 14:12:07.629,2026-06-16 00:43:19.386,0.0,0.0,0,mc2,demo1
2026-06-16 14:12:07.663,2026-06-16 00:43:19.386,0.0,0.0,0,mc6,demo1
2026-06-16 14:12:07.721,2026-06-16 00:43:19.386,0.0,0.0,0,mc3,demo1
2026-06-16 14:12:07.880,2026-06-16 00:38:18.958,0.0,0.0,0,mc5,demo1
2026-06-16 14:12:07.762,2026-06-16 00:38:18.958,0.0,0.0,0,mc6,demo1
2026-06-16 14:12:07.803,2026-06-16 00:38:18.958,0.0,0.0,0,mc2,demo1
2026-06-16 14:12:07.821,2026-06-16 00:38:18.958,0.0,0.0,0,mc3,demo1
2026-06-16 14:12:07.847,2026-06-16 00:38:18.958,0.0,0.0,0,mc4,demo1
2026-06-16 14:12:07.905,2026-06-16 00:38:18.958,0.0,0.0,0,mc1,demo1
2026-06-16 14:12:08.046,2026-06-16 00:33:19.087,0.0,0.0,0,mc4,demo1
2026-06-16 14:12:07.921,2026-06-16 00:33:19.087,0.0,0.0,0,mc6,demo1
2026-06-16 14:12:07.946,2026-06-16 00:33:19.087,0.0,0.0,0,mc2,demo1
2026-06-16 14:12:07.982,2026-06-16 00:33:19.087,0.0,0.0,0,mc1,demo1
2026-06-16 14:12:08.004,2026-06-16 00:33:19.087,0.0,0.0,0,mc5,demo1
2026-06-16 14:12:08.029,2026-06-16 00:33:19.087,0.0,0.0,0,mc3,demo1
2026-06-16 14:12:08.213,2026-06-16 00:28:18.807,0.0,0.0,0,mc4,demo1
2026-06-16 14:12:08.063,2026-06-16 00:28:18.807,0.0,0.0,0,mc3,demo1
2026-06-16 14:12:08.085,2026-06-16 00:28:18.807,0.0,0.0,0,mc1,demo1
2026-06-16 14:12:08.121,2026-06-16 00:28:18.807,0.0,0.0,0,mc5,demo1
2026-06-16 14:12:08.146,2026-06-16 00:28:18.807,0.0,0.0,0,mc2,demo1
2026-06-16 14:12:08.187,2026-06-16 00:28:18.807,0.0,0.0,0,mc6,demo1
2026-06-16 14:12:08.557,2026-06-16 00:23:18.880,0.0,0.0,0,mc6,demo1
2026-06-16 14:12:08.240,2026-06-16 00:23:18.880,0.0,0.0,0,mc4,demo1
2026-06-16 14:12:08.263,2026-06-16 00:23:18.880,0.0,0.0,0,mc5,demo1
2026-06-16 14:12:08.280,2026-06-16 00:23:18.880,0.0,0.0,0,mc1,demo1
2026-06-16 14:12:08.390,2026-06-16 00:23:18.880,0.0,0.0,0,mc3,demo1
2026-06-16 14:12:08.633,2026-06-16 00:23:18.880,0.0,0.0,0,mc2,demo1
2026-06-16 14:12:09.230,2026-06-16 00:18:18.337,0.0,0.0,0,mc1,demo1
2026-06-16 14:12:08.701,2026-06-16 00:18:18.337,0.0,0.0,0,mc5,demo1
2026-06-16 14:12:08.928,2026-06-16 00:18:18.337,0.0,0.0,0,mc2,demo1
2026-06-16 14:12:09.031,2026-06-16 00:18:18.337,0.0,0.0,0,mc6,demo1
2026-06-16 14:12:09.098,2026-06-16 00:18:18.337,0.0,0.0,0,mc3,demo1
2026-06-16 14:12:08.667,2026-06-16 00:18:18.337,0.0,0.0,0,mc4,demo1
2026-06-16 14:12:09.650,2026-06-16 00:13:18.248,0.0,0.0,0,mc6,demo1
2026-06-16 14:12:09.826,2026-06-16 00:13:18.248,0.0,0.0,0,mc1,demo1
2026-06-16 14:12:09.783,2026-06-16 00:13:18.248,0.0,0.0,0,mc3,demo1
2026-06-16 14:12:09.520,2026-06-16 00:13:18.248,0.0,0.0,0,mc2,demo1
2026-06-16 14:12:09.448,2026-06-16 00:13:18.248,0.0,0.0,0,mc5,demo1
2026-06-16 14:12:09.348,2026-06-16 00:13:18.248,0.0,0.0,0,mc4,demo1
2026-06-16 14:12:09.991,2026-06-16 00:08:18.707,0.0,0.0,0,mc2,demo1
2026-06-16 14:12:10.784,2026-06-16 00:08:18.707,0.0,0.0,0,mc5,demo1
2026-06-16 14:12:10.662,2026-06-16 00:08:18.707,0.0,0.0,0,mc3,demo1
2026-06-16 14:12:10.591,2026-06-16 00:08:18.707,0.0,0.0,0,mc4,demo1
2026-06-16 14:12:10.244,2026-06-16 00:08:18.707,0.0,0.0,0,mc6,demo1
2026-06-16 14:12:10.086,2026-06-16 00:08:18.707,0.0,0.0,0,mc1,demo1
2026-06-16 14:12:10.983,2026-06-16 00:03:19.004,0.0,0.0,0,mc6,demo1
2026-06-16 14:12:11.715,2026-06-16 00:03:19.004,0.0,0.0,0,mc5,demo1
2026-06-16 14:12:11.573,2026-06-16 00:03:19.004,0.0,0.0,0,mc4,demo1
2026-06-16 14:12:11.449,2026-06-16 00:03:19.004,0.0,0.0,0,mc2,demo1
2026-06-16 14:12:11.199,2026-06-16 00:03:19.004,0.0,0.0,0,mc1,demo1
2026-06-16 14:12:11.129,2026-06-16 00:03:19.004,0.0,0.0,0,mc3,demo1
2026-06-16 14:12:12.039,2026-06-15 23:58:18.958,0.0,0.0,0,mc3,demo1
2026-06-16 14:12:13.145,2026-06-15 23:58:18.958,0.0,0.0,0,mc6,demo1
2026-06-16 14:12:12.819,2026-06-15 23:58:18.958,0.0,0.0,0,mc5,demo1
2026-06-16 14:12:12.577,2026-06-15 23:58:18.958,0.0,0.0,0,mc2,demo1
2026-06-16 14:12:12.477,2026-06-15 23:58:18.958,0.0,0.0,0,mc4,demo1
2026-06-16 14:12:12.215,2026-06-15 23:58:18.958,0.0,0.0,0,mc1,demo1
2026-06-16 14:12:13.251,2026-06-15 23:53:18.341,0.0,0.0,0,mc2,demo1
2026-06-16 14:12:13.392,2026-06-15 23:53:18.341,0.0,0.0,0,mc4,demo1
2026-06-16 14:12:13.365,2026-06-15 23:53:18.341,0.0,0.0,0,mc3,demo1
2026-06-16 14:12:13.318,2026-06-15 23:53:18.341,0.0,0.0,0,mc1,demo1
2026-06-16 14:12:13.280,2026-06-15 23:53:18.341,0.0,0.0,0,mc5,demo1
2026-06-16 14:12:13.209,2026-06-15 23:53:18.341,0.0,0.0,0,mc6,demo1
2026-06-16 14:12:13.488,2026-06-15 23:48:18.244,0.0,0.0,0,mc2,demo1
2026-06-16 14:12:13.666,2026-06-15 23:48:18.244,0.0,0.0,0,mc6,demo1
2026-06-16 14:12:13.600,2026-06-15 23:48:18.244,0.0,0.0,0,mc4,demo1
2026-06-16 14:12:13.562,2026-06-15 23:48:18.244,0.0,0.0,0,mc3,demo1
2026-06-16 14:12:13.528,2026-06-15 23:48:18.244,0.0,0.0,0,mc5,demo1
2026-06-16 14:12:13.463,2026-06-15 23:48:18.244,0.0,0.0,0,mc1,demo1
2026-06-16 14:12:13.773,2026-06-15 23:43:18.688,0.0,0.0,0,mc6,demo1
2026-06-16 14:12:14.199,2026-06-15 23:43:18.688,0.0,0.0,0,mc4,demo1
2026-06-16 14:12:14.169,2026-06-15 23:43:18.688,0.0,0.0,0,mc3,demo1
2026-06-16 14:12:14.033,2026-06-15 23:43:18.688,0.0,0.0,0,mc1,demo1
2026-06-16 14:12:13.974,2026-06-15 23:43:18.688,0.0,0.0,0,mc2,demo1
2026-06-16 14:12:13.879,2026-06-15 23:43:18.688,0.0,0.0,0,mc5,demo1
2026-06-16 14:12:14.720,2026-06-15 23:38:18.364,0.0,0.0,0,mc4,demo1
2026-06-16 14:12:14.607,2026-06-15 23:38:18.364,0.0,0.0,0,mc3,demo1
2026-06-16 14:12:14.639,2026-06-15 23:38:18.364,0.0,0.0,0,mc2,demo1
2026-06-16 14:12:14.366,2026-06-15 23:38:18.364,0.0,0.0,0,mc1,demo1
2026-06-16 14:12:14.663,2026-06-15 23:38:18.364,0.0,0.0,0,mc6,demo1
2026-06-16 14:12:14.687,2026-06-15 23:38:18.364,0.0,0.0,0,mc5,demo1
2026-06-16 14:12:14.757,2026-06-15 23:33:18.478,0.0,0.0,0,mc1,demo1
2026-06-16 14:12:14.773,2026-06-15 23:33:18.478,0.0,0.0,0,mc3,demo1
2026-06-16 14:12:14.789,2026-06-15 23:33:18.478,0.0,0.0,0,mc2,demo1
2026-06-16 14:12:14.805,2026-06-15 23:33:18.478,0.0,0.0,0,mc6,demo1
2026-06-16 14:12:14.844,2026-06-15 23:33:18.478,0.0,0.0,0,mc5,demo1
2026-06-16 14:12:14.871,2026-06-15 23:33:18.478,0.0,0.0,0,mc4,demo1
2026-06-16 14:12:14.987,2026-06-15 23:28:18.877,0.0,0.0,0,mc4,demo1
2026-06-16 14:12:15.054,2026-06-15 23:28:18.877,0.0,0.0,0,mc2,demo1
2026-06-16 14:12:14.887,2026-06-15 23:28:18.877,0.0,0.0,0,mc5,demo1
2026-06-16 14:12:14.928,2026-06-15 23:28:18.877,0.0,0.0,0,mc1,demo1
2026-06-16 14:12:14.957,2026-06-15 23:28:18.877,0.0,0.0,0,mc3,demo1
2026-06-16 14:12:15.029,2026-06-15 23:28:18.877,0.0,0.0,0,mc6,demo1
2026-06-16 14:12:15.103,2026-06-15 23:23:18.525,0.0,0.0,0,mc4,demo1
2026-06-16 14:12:15.287,2026-06-15 23:23:18.525,0.0,0.0,0,mc5,demo1
2026-06-16 14:12:15.255,2026-06-15 23:23:18.525,0.0,0.0,0,mc1,demo1
2026-06-16 14:12:15.213,2026-06-15 23:23:18.525,0.0,0.0,0,mc3,demo1
2026-06-16 14:12:15.190,2026-06-15 23:23:18.525,0.0,0.0,0,mc2,demo1
2026-06-16 14:12:15.134,2026-06-15 23:23:18.525,0.0,0.0,0,mc6,demo1
2026-06-16 14:12:15.558,2026-06-15 23:18:18.743,0.0,0.0,0,mc5,demo1
2026-06-16 14:12:15.400,2026-06-15 23:18:18.743,0.0,0.0,0,mc6,demo1
2026-06-16 14:12:15.432,2026-06-15 23:18:18.743,0.0,0.0,0,mc3,demo1
2026-06-16 14:12:15.492,2026-06-15 23:18:18.743,0.0,0.0,0,mc1,demo1
2026-06-16 14:12:15.527,2026-06-15 23:18:18.743,0.0,0.0,0,mc2,demo1
2026-06-16 14:12:15.317,2026-06-15 23:18:18.743,0.0,0.0,0,mc4,demo1
2026-06-16 14:12:15.617,2026-06-15 23:13:18.677,0.0,0.0,0,mc2,demo1
2026-06-16 14:12:15.755,2026-06-15 23:13:18.677,0.0,0.0,0,mc3,demo1
2026-06-16 14:12:15.720,2026-06-15 23:13:18.677,0.0,0.0,0,mc6,demo1
2026-06-16 14:12:15.671,2026-06-15 23:13:18.677,0.0,0.0,0,mc4,demo1
2026-06-16 14:12:15.636,2026-06-15 23:13:18.677,0.0,0.0,0,mc5,demo1
2026-06-16 14:12:15.591,2026-06-15 23:13:18.677,0.0,0.0,0,mc1,demo1
2026-06-16 14:12:15.787,2026-06-15 23:08:18.332,0.0,0.0,0,mc3,demo1
2026-06-16 14:12:16.204,2026-06-15 23:08:18.332,0.0,0.0,0,mc1,demo1
2026-06-16 14:12:16.188,2026-06-15 23:08:18.332,0.0,0.0,0,mc4,demo1
2026-06-16 14:12:16.158,2026-06-15 23:08:18.332,0.0,0.0,0,mc6,demo1
2026-06-16 14:12:16.108,2026-06-15 23:08:18.332,0.0,0.0,0,mc2,demo1
2026-06-16 14:12:15.856,2026-06-15 23:08:18.332,0.0,0.0,0,mc5,demo1
2026-06-16 14:12:16.229,2026-06-15 23:03:18.662,0.0,0.0,0,mc3,demo1
2026-06-16 14:12:16.419,2026-06-15 23:03:18.662,0.0,0.0,0,mc1,demo1
2026-06-16 14:12:16.351,2026-06-15 23:03:18.662,0.0,0.0,0,mc4,demo1
2026-06-16 14:12:16.321,2026-06-15 23:03:18.662,0.0,0.0,0,mc2,demo1
2026-06-16 14:12:16.277,2026-06-15 23:03:18.662,0.0,0.0,0,mc5,demo1
2026-06-16 14:12:16.251,2026-06-15 23:03:18.662,0.0,0.0,0,mc6,demo1
2026-06-16 14:12:16.470,2026-06-15 22:58:18.871,0.0,0.0,0,mc4,demo1
2026-06-16 14:12:16.592,2026-06-15 22:58:18.871,0.0,0.0,0,mc5,demo1
2026-06-16 14:12:16.567,2026-06-15 22:58:18.871,0.0,0.0,0,mc2,demo1
2026-06-16 14:12:16.537,2026-06-15 22:58:18.871,0.0,0.0,0,mc1,demo1
2026-06-16 14:12:16.504,2026-06-15 22:58:18.871,0.0,0.0,0,mc6,demo1
2026-06-16 14:12:16.443,2026-06-15 22:58:18.871,0.0,0.0,0,mc3,demo1
2026-06-16 14:12:16.789,2026-06-15 22:53:18.480,0.0,0.0,0,mc4,demo1
2026-06-16 14:12:16.659,2026-06-15 22:53:18.480,0.0,0.0,0,mc1,demo1
2026-06-16 14:12:16.693,2026-06-15 22:53:18.480,0.0,0.0,0,mc6,demo1
2026-06-16 14:12:16.721,2026-06-15 22:53:18.480,0.0,0.0,0,mc2,demo1
2026-06-16 14:12:16.761,2026-06-15 22:53:18.480,0.0,0.0,0,mc5,demo1
2026-06-16 14:12:16.611,2026-06-15 22:53:18.480,0.0,0.0,0,mc3,demo1
2026-06-16 14:12:16.891,2026-06-15 22:48:18.933,0.0,0.0,0,mc6,demo1
2026-06-16 14:12:17.038,2026-06-15 22:48:18.933,0.0,0.0,0,mc3,demo1
2026-06-16 14:12:17.002,2026-06-15 22:48:18.933,0.0,0.0,0,mc1,demo1
2026-06-16 14:12:16.928,2026-06-15 22:48:18.933,0.0,0.0,0,mc5,demo1
2026-06-16 14:12:16.838,2026-06-15 22:48:18.933,0.0,0.0,0,mc4,demo1
2026-06-16 14:12:16.812,2026-06-15 22:48:18.933,0.0,0.0,0,mc2,demo1
2026-06-16 14:12:17.278,2026-06-15 22:43:18.723,0.0,0.0,0,mc6,demo1
2026-06-16 14:12:17.099,2026-06-15 22:43:18.723,0.0,0.0,0,mc1,demo1
2026-06-16 14:12:17.127,2026-06-15 22:43:18.723,0.0,0.0,0,mc3,demo1
2026-06-16 14:12:17.157,2026-06-15 22:43:18.723,0.0,0.0,0,mc2,demo1
2026-06-16 14:12:17.187,2026-06-15 22:43:18.723,0.0,0.0,0,mc5,demo1
2026-06-16 14:12:17.224,2026-06-15 22:43:18.723,0.0,0.0,0,mc4,demo1
2026-06-16 14:12:17.318,2026-06-15 22:38:19.320,0.0,0.0,0,mc5,demo1
2026-06-16 14:12:17.379,2026-06-15 22:38:19.320,0.0,0.0,0,mc6,demo1
2026-06-16 14:12:17.408,2026-06-15 22:38:19.320,0.0,0.0,0,mc1,demo1
2026-06-16 14:12:17.433,2026-06-15 22:38:19.320,0.0,0.0,0,mc2,demo1
2026-06-16 14:12:17.467,2026-06-15 22:38:19.320,0.0,0.0,0,mc4,demo1
2026-06-16 14:12:17.510,2026-06-15 22:38:19.320,0.0,0.0,0,mc3,demo1
2026-06-16 14:12:17.543,2026-06-15 22:33:18.836,0.0,0.0,0,mc6,demo1
2026-06-16 14:12:17.568,2026-06-15 22:33:18.836,0.0,0.0,0,mc2,demo1
2026-06-16 14:12:17.610,2026-06-15 22:33:18.836,0.0,0.0,0,mc3,demo1
2026-06-16 14:12:17.642,2026-06-15 22:33:18.836,0.0,0.0,0,mc1,demo1
2026-06-16 14:12:17.684,2026-06-15 22:33:18.836,0.0,0.0,0,mc5,demo1
2026-06-16 14:12:17.709,2026-06-15 22:33:18.836,0.0,0.0,0,mc4,demo1
2026-06-16 14:12:17.734,2026-06-15 22:28:18.391,0.0,0.0,0,mc1,demo1
2026-06-16 14:12:17.771,2026-06-15 22:28:18.391,0.0,0.0,0,mc5,demo1
2026-06-16 14:12:17.812,2026-06-15 22:28:18.391,0.0,0.0,0,mc2,demo1
2026-06-16 14:12:17.844,2026-06-15 22:28:18.391,0.0,0.0,0,mc4,demo1
2026-06-16 14:12:17.884,2026-06-15 22:28:18.391,0.0,0.0,0,mc3,demo1
2026-06-16 14:12:17.917,2026-06-15 22:28:18.391,0.0,0.0,0,mc6,demo1
2026-06-16 14:12:17.950,2026-06-15 22:23:18.767,0.0,0.0,0,mc2,demo1
2026-06-16 14:12:18.101,2026-06-15 22:23:18.767,0.0,0.0,0,mc5,demo1
2026-06-16 14:12:18.059,2026-06-15 22:23:18.767,0.0,0.0,0,mc6,demo1
2026-06-16 14:12:18.033,2026-06-15 22:23:18.767,0.0,0.0,0,mc3,demo1
2026-06-16 14:12:17.992,2026-06-15 22:23:18.767,0.0,0.0,0,mc4,demo1
2026-06-16 14:12:17.975,2026-06-15 22:23:18.767,0.0,0.0,0,mc1,demo1
2026-06-16 14:12:18.122,2026-06-15 22:18:18.489,0.0,0.0,0,mc4,demo1
2026-06-16 14:12:18.267,2026-06-15 22:18:18.489,0.0,0.0,0,mc1,demo1
2026-06-16 14:12:18.244,2026-06-15 22:18:18.489,0.0,0.0,0,mc5,demo1
2026-06-16 14:12:18.226,2026-06-15 22:18:18.489,0.0,0.0,0,mc3,demo1
2026-06-16 14:12:18.198,2026-06-15 22:18:18.489,0.0,0.0,0,mc2,demo1
2026-06-16 14:12:18.157,2026-06-15 22:18:18.489,0.0,0.0,0,mc6,demo1
2026-06-16 14:12:18.292,2026-06-15 22:13:18.788,0.0,0.0,0,mc6,demo1
2026-06-16 14:12:18.326,2026-06-15 22:13:18.788,0.0,0.0,0,mc4,demo1
2026-06-16 14:12:18.342,2026-06-15 22:13:18.788,0.0,0.0,0,mc1,demo1
2026-06-16 14:12:18.390,2026-06-15 22:13:18.788,0.0,0.0,0,mc2,demo1
2026-06-16 14:12:18.417,2026-06-15 22:13:18.788,0.0,0.0,0,mc5,demo1
2026-06-16 14:12:18.465,2026-06-15 22:13:18.788,0.0,0.0,0,mc3,demo1
2026-06-16 14:12:18.507,2026-06-15 22:08:19.075,0.0,0.0,0,mc4,demo1
2026-06-16 14:12:18.544,2026-06-15 22:08:19.075,0.0,0.0,0,mc5,demo1
2026-06-16 14:12:18.567,2026-06-15 22:08:19.075,0.0,0.0,0,mc3,demo1
2026-06-16 14:12:18.592,2026-06-15 22:08:19.075,0.0,0.0,0,mc1,demo1
2026-06-16 14:12:18.610,2026-06-15 22:08:19.075,0.0,0.0,0,mc6,demo1
2026-06-16 14:12:18.634,2026-06-15 22:08:19.075,0.0,0.0,0,mc2,demo1
2026-06-16 14:12:18.658,2026-06-15 22:03:19.034,0.0,0.0,0,mc4,demo1
2026-06-16 14:12:18.685,2026-06-15 22:03:19.034,0.0,0.0,0,mc6,demo1
2026-06-16 14:12:18.741,2026-06-15 22:03:19.034,0.0,0.0,0,mc1,demo1
2026-06-16 14:12:18.800,2026-06-15 22:03:19.034,0.0,0.0,0,mc2,demo1
2026-06-16 14:12:18.875,2026-06-15 22:03:19.034,0.0,0.0,0,mc3,demo1
2026-06-16 14:12:18.950,2026-06-15 22:03:19.034,0.0,0.0,0,mc5,demo1
2026-06-16 14:12:19.044,2026-06-15 21:58:18.490,0.0,0.0,0,mc2,demo1
2026-06-16 14:12:19.075,2026-06-15 21:58:18.490,0.0,0.0,0,mc1,demo1
2026-06-16 14:12:19.100,2026-06-15 21:58:18.490,0.0,0.0,0,mc4,demo1
2026-06-16 14:12:19.117,2026-06-15 21:58:18.490,0.0,0.0,0,mc6,demo1
2026-06-16 14:12:19.151,2026-06-15 21:58:18.490,0.0,0.0,0,mc5,demo1
2026-06-16 14:12:19.167,2026-06-15 21:58:18.490,0.0,0.0,0,mc3,demo1
2026-06-16 14:12:19.184,2026-06-15 21:53:18.175,0.0,0.0,0,mc5,demo1
2026-06-16 14:12:19.200,2026-06-15 21:53:18.175,0.0,0.0,0,mc3,demo1
2026-06-16 14:12:19.246,2026-06-15 21:53:18.175,0.0,0.0,0,mc1,demo1
2026-06-16 14:12:19.277,2026-06-15 21:53:18.175,0.0,0.0,0,mc2,demo1
2026-06-16 14:12:19.301,2026-06-15 21:53:18.175,0.0,0.0,0,mc6,demo1
2026-06-16 14:12:19.326,2026-06-15 21:53:18.175,0.0,0.0,0,mc4,demo1
2026-06-16 14:12:19.350,2026-06-15 21:48:18.572,0.0,0.0,0,mc5,demo1
2026-06-16 14:12:19.408,2026-06-15 21:48:18.572,0.0,0.0,0,mc1,demo1
2026-06-16 14:12:19.450,2026-06-15 21:48:18.572,0.0,0.0,0,mc6,demo1
2026-06-16 14:12:19.483,2026-06-15 21:48:18.572,0.0,0.0,0,mc2,demo1
2026-06-16 14:12:19.500,2026-06-15 21:48:18.572,0.0,0.0,0,mc4,demo1
2026-06-16 14:12:19.527,2026-06-15 21:48:18.572,0.0,0.0,0,mc3,demo1
2026-06-16 14:12:19.558,2026-06-15 21:43:18.634,0.0,0.0,0,mc4,demo1
2026-06-16 14:12:19.583,2026-06-15 21:43:18.634,0.0,0.0,0,mc5,demo1
2026-06-16 14:12:19.617,2026-06-15 21:43:18.634,0.0,0.0,0,mc6,demo1
2026-06-16 14:12:19.635,2026-06-15 21:43:18.634,0.0,0.0,0,mc3,demo1
2026-06-16 14:12:19.662,2026-06-15 21:43:18.634,0.0,0.0,0,mc2,demo1
2026-06-16 14:12:19.692,2026-06-15 21:43:18.634,0.0,0.0,0,mc1,demo1
2026-06-16 14:12:19.717,2026-06-15 21:38:18.596,0.0,0.0,0,mc2,demo1
2026-06-16 14:12:19.757,2026-06-15 21:38:18.596,0.0,0.0,0,mc6,demo1
2026-06-16 14:12:19.790,2026-06-15 21:38:18.596,0.0,0.0,0,mc5,demo1
2026-06-16 14:12:19.817,2026-06-15 21:38:18.596,0.0,0.0,0,mc4,demo1
2026-06-16 14:12:19.842,2026-06-15 21:38:18.596,0.0,0.0,0,mc3,demo1
2026-06-16 14:12:19.895,2026-06-15 21:38:18.596,0.0,0.0,0,mc1,demo1
2026-06-16 14:12:19.926,2026-06-15 21:33:18.244,0.0,0.0,0,mc3,demo1
2026-06-16 14:12:19.942,2026-06-15 21:33:18.244,0.0,0.0,0,mc5,demo1
2026-06-16 14:12:19.998,2026-06-15 21:33:18.244,0.0,0.0,0,mc6,demo1
2026-06-16 14:12:20.183,2026-06-15 21:33:18.244,0.0,0.0,0,mc4,demo1
2026-06-16 14:12:20.214,2026-06-15 21:33:18.244,0.0,0.0,0,mc1,demo1
2026-06-16 14:12:20.233,2026-06-15 21:33:18.244,0.0,0.0,0,mc2,demo1
2026-06-16 14:12:20.250,2026-06-15 21:28:18.711,0.0,0.0,0,mc3,demo1
2026-06-16 14:12:20.270,2026-06-15 21:28:18.711,0.0,0.0,0,mc6,demo1
2026-06-16 14:12:20.304,2026-06-15 21:28:18.711,0.0,0.0,0,mc2,demo1
2026-06-16 14:12:20.334,2026-06-15 21:28:18.711,0.0,0.0,0,mc5,demo1
2026-06-16 14:12:20.377,2026-06-15 21:28:18.711,0.0,0.0,0,mc4,demo1
2026-06-16 14:12:20.401,2026-06-15 21:28:18.711,0.0,0.0,0,mc1,demo1
2026-06-16 14:12:20.434,2026-06-15 21:23:18.610,0.0,0.0,0,mc6,demo1
2026-06-16 14:12:20.464,2026-06-15 21:23:18.610,0.0,0.0,0,mc4,demo1
2026-06-16 14:12:20.509,2026-06-15 21:23:18.610,0.0,0.0,0,mc2,demo1
2026-06-16 14:12:20.547,2026-06-15 21:23:18.610,0.0,0.0,0,mc1,demo1
2026-06-16 14:12:20.567,2026-06-15 21:23:18.610,0.0,0.0,0,mc5,demo1
2026-06-16 14:12:20.600,2026-06-15 21:23:18.610,0.0,0.0,0,mc3,demo1
2026-06-16 14:12:20.624,2026-06-15 21:18:19.040,0.0,0.0,0,mc3,demo1
2026-06-16 14:12:20.653,2026-06-15 21:18:19.040,0.0,0.0,0,mc5,demo1
2026-06-16 14:12:20.701,2026-06-15 21:18:19.040,0.0,0.0,0,mc6,demo1
2026-06-16 14:12:20.733,2026-06-15 21:18:19.040,0.0,0.0,0,mc2,demo1
2026-06-16 14:12:20.783,2026-06-15 21:18:19.040,0.0,0.0,0,mc1,demo1
2026-06-16 14:12:20.821,2026-06-15 21:18:19.040,0.0,0.0,0,mc4,demo1
2026-06-16 14:12:20.842,2026-06-15 21:13:18.235,0.0,0.0,0,mc5,demo1
2026-06-16 14:12:21.124,2026-06-15 21:13:18.235,0.0,0.0,0,mc6,demo1
2026-06-16 14:12:21.267,2026-06-15 21:13:18.235,0.0,0.0,0,mc2,demo1
2026-06-16 14:12:21.293,2026-06-15 21:13:18.235,0.0,0.0,0,mc1,demo1
2026-06-16 14:12:21.309,2026-06-15 21:13:18.235,0.0,0.0,0,mc3,demo1
2026-06-16 14:12:21.342,2026-06-15 21:13:18.235,0.0,0.0,0,mc4,demo1
2026-06-16 14:12:21.450,2026-06-15 21:08:18.301,0.0,0.0,0,mc4,demo1
2026-06-16 14:12:21.385,2026-06-15 21:08:18.301,0.0,0.0,0,mc6,demo1
2026-06-16 14:12:21.427,2026-06-15 21:08:18.301,0.0,0.0,0,mc2,demo1
2026-06-16 14:12:21.479,2026-06-15 21:08:18.301,0.0,0.0,0,mc5,demo1
2026-06-16 14:12:21.509,2026-06-15 21:08:18.301,0.0,0.0,0,mc1,demo1
2026-06-16 14:12:21.542,2026-06-15 21:08:18.301,0.0,0.0,0,mc3,demo1
2026-06-16 14:12:21.692,2026-06-15 21:03:18.717,0.0,0.0,0,mc5,demo1
2026-06-16 14:12:21.768,2026-06-15 21:03:18.717,0.0,0.0,0,mc1,demo1
2026-06-16 14:12:21.606,2026-06-15 21:03:18.717,0.0,0.0,0,mc3,demo1
2026-06-16 14:12:21.642,2026-06-15 21:03:18.717,0.0,0.0,0,mc2,demo1
2026-06-16 14:12:21.668,2026-06-15 21:03:18.717,0.0,0.0,0,mc6,demo1
2026-06-16 14:12:21.739,2026-06-15 21:03:18.717,0.0,0.0,0,mc4,demo1
2026-06-16 14:12:21.793,2026-06-15 20:58:19.021,0.0,0.0,0,mc6,demo1
2026-06-16 14:12:21.998,2026-06-15 20:58:19.021,0.0,0.0,0,mc3,demo1
2026-06-16 14:12:21.973,2026-06-15 20:58:19.021,0.0,0.0,0,mc1,demo1
2026-06-16 14:12:21.951,2026-06-15 20:58:19.021,0.0,0.0,0,mc4,demo1
2026-06-16 14:12:21.878,2026-06-15 20:58:19.021,0.0,0.0,0,mc5,demo1
2026-06-16 14:12:21.836,2026-06-15 20:58:19.021,0.0,0.0,0,mc2,demo1
2026-06-16 14:12:22.075,2026-06-15 20:53:18.167,0.0,0.0,0,mc1,demo1
2026-06-16 14:12:22.177,2026-06-15 20:53:18.167,0.0,0.0,0,mc4,demo1
2026-06-16 14:12:22.160,2026-06-15 20:53:18.167,0.0,0.0,0,mc6,demo1
2026-06-16 14:12:22.135,2026-06-15 20:53:18.167,0.0,0.0,0,mc3,demo1
2026-06-16 14:12:22.101,2026-06-15 20:53:18.167,0.0,0.0,0,mc2,demo1
2026-06-16 14:12:22.050,2026-06-15 20:53:18.167,0.0,0.0,0,mc5,demo1
2026-06-16 14:12:22.233,2026-06-15 20:48:18.686,0.0,0.0,0,mc5,demo1
2026-06-16 14:12:22.398,2026-06-15 20:48:18.686,0.0,0.0,0,mc4,demo1
2026-06-16 14:12:22.348,2026-06-15 20:48:18.686,0.0,0.0,0,mc1,demo1
2026-06-16 14:12:22.325,2026-06-15 20:48:18.686,0.0,0.0,0,mc3,demo1
2026-06-16 14:12:22.287,2026-06-15 20:48:18.686,0.0,0.0,0,mc6,demo1
2026-06-16 14:12:22.262,2026-06-15 20:48:18.686,0.0,0.0,0,mc2,demo1
2026-06-16 14:12:22.500,2026-06-15 20:43:18.656,0.0,0.0,0,mc4,demo1
2026-06-16 14:12:22.582,2026-06-15 20:43:18.656,0.0,0.0,0,mc5,demo1
2026-06-16 14:12:22.558,2026-06-15 20:43:18.656,0.0,0.0,0,mc6,demo1
2026-06-16 14:12:22.475,2026-06-15 20:43:18.656,0.0,0.0,0,mc3,demo1
2026-06-16 14:12:22.458,2026-06-15 20:43:18.656,0.0,0.0,0,mc2,demo1
2026-06-16 14:12:22.436,2026-06-15 20:43:18.656,0.0,0.0,0,mc1,demo1
2026-06-16 14:12:22.601,2026-06-15 20:38:18.425,0.0,0.0,0,mc1,demo1
2026-06-16 14:12:22.743,2026-06-15 20:38:18.425,0.0,0.0,0,mc6,demo1
2026-06-16 14:12:22.702,2026-06-15 20:38:18.425,0.0,0.0,0,mc5,demo1
2026-06-16 14:12:22.684,2026-06-15 20:38:18.425,0.0,0.0,0,mc3,demo1
2026-06-16 14:12:22.658,2026-06-15 20:38:18.425,0.0,0.0,0,mc2,demo1
2026-06-16 14:12:22.630,2026-06-15 20:38:18.425,0.0,0.0,0,mc4,demo1
2026-06-16 14:12:22.936,2026-06-15 20:33:18.518,0.0,0.0,0,mc5,demo1
2026-06-16 14:12:22.776,2026-06-15 20:33:18.518,0.0,0.0,0,mc3,demo1
2026-06-16 14:12:22.818,2026-06-15 20:33:18.518,0.0,0.0,0,mc6,demo1
2026-06-16 14:12:22.851,2026-06-15 20:33:18.518,0.0,0.0,0,mc2,demo1
2026-06-16 14:12:22.760,2026-06-15 20:33:18.518,0.0,0.0,0,mc4,demo1
2026-06-16 14:12:22.906,2026-06-15 20:33:18.518,0.0,0.0,0,mc1,demo1
2026-06-16 14:12:23.010,2026-06-15 20:28:18.376,0.0,0.0,0,mc4,demo1
2026-06-16 14:12:23.163,2026-06-15 20:28:18.376,0.0,0.0,0,mc2,demo1
2026-06-16 14:12:23.075,2026-06-15 20:28:18.376,0.0,0.0,0,mc1,demo1
2026-06-16 14:12:22.986,2026-06-15 20:28:18.376,0.0,0.0,0,mc3,demo1
2026-06-16 14:12:23.043,2026-06-15 20:28:18.376,0.0,0.0,0,mc5,demo1
2026-06-16 14:12:22.967,2026-06-15 20:28:18.376,0.0,0.0,0,mc6,demo1
2026-06-16 14:12:23.341,2026-06-15 20:23:18.210,0.0,0.0,0,mc2,demo1
2026-06-16 14:12:23.254,2026-06-15 20:23:18.210,0.0,0.0,0,mc3,demo1
2026-06-16 14:12:23.275,2026-06-15 20:23:18.210,0.0,0.0,0,mc1,demo1
2026-06-16 14:12:23.315,2026-06-15 20:23:18.210,0.0,0.0,0,mc6,demo1
2026-06-16 14:12:23.419,2026-06-15 20:23:18.210,0.0,0.0,0,mc4,demo1
2026-06-16 14:12:23.450,2026-06-15 20:23:18.210,0.0,0.0,0,mc5,demo1
2026-06-16 14:12:23.476,2026-06-15 20:18:19.337,0.0,0.0,0,mc1,demo1
2026-06-16 14:12:23.502,2026-06-15 20:18:19.337,0.0,0.0,0,mc4,demo1
2026-06-16 14:12:23.546,2026-06-15 20:18:19.337,0.0,0.0,0,mc3,demo1
2026-06-16 14:12:23.575,2026-06-15 20:18:19.337,0.0,0.0,0,mc6,demo1
2026-06-16 14:12:23.600,2026-06-15 20:18:19.337,0.0,0.0,0,mc5,demo1
2026-06-16 14:12:23.617,2026-06-15 20:18:19.337,0.0,0.0,0,mc2,demo1
2026-06-16 14:12:23.654,2026-06-15 20:13:18.723,0.0,0.0,0,mc6,demo1
2026-06-16 14:12:23.705,2026-06-15 20:13:18.723,0.0,0.0,0,mc4,demo1
2026-06-16 14:12:23.743,2026-06-15 20:13:18.723,0.0,0.0,0,mc3,demo1
2026-06-16 14:12:23.800,2026-06-15 20:13:18.723,0.0,0.0,0,mc2,demo1
2026-06-16 14:12:23.842,2026-06-15 20:13:18.723,0.0,0.0,0,mc5,demo1
2026-06-16 14:12:23.886,2026-06-15 20:13:18.723,0.0,0.0,0,mc1,demo1
2026-06-16 14:12:23.914,2026-06-15 20:08:18.879,0.0,0.0,0,mc5,demo1
2026-06-16 14:12:24.184,2026-06-15 20:08:18.879,0.0,0.0,0,mc1,demo1
2026-06-16 14:12:24.113,2026-06-15 20:08:18.879,0.0,0.0,0,mc6,demo1
2026-06-16 14:12:24.040,2026-06-15 20:08:18.879,0.0,0.0,0,mc2,demo1
2026-06-16 14:12:23.977,2026-06-15 20:08:18.879,0.0,0.0,0,mc4,demo1
2026-06-16 14:12:23.956,2026-06-15 20:08:18.879,0.0,0.0,0,mc3,demo1
2026-06-16 14:12:24.216,2026-06-15 20:03:18.264,0.0,0.0,0,mc3,demo1
2026-06-16 14:12:24.453,2026-06-15 20:03:18.264,0.0,0.0,0,mc1,demo1
2026-06-16 14:12:24.342,2026-06-15 20:03:18.264,0.0,0.0,0,mc6,demo1
2026-06-16 14:12:24.325,2026-06-15 20:03:18.264,0.0,0.0,0,mc5,demo1
2026-06-16 14:12:24.294,2026-06-15 20:03:18.264,0.0,0.0,0,mc2,demo1
2026-06-16 14:12:24.266,2026-06-15 20:03:18.264,0.0,0.0,0,mc4,demo1
2026-06-16 14:12:24.493,2026-06-15 19:58:19.020,0.0,0.0,0,mc6,demo1
2026-06-16 14:12:24.526,2026-06-15 19:58:19.020,0.0,0.0,0,mc4,demo1
2026-06-16 14:12:24.549,2026-06-15 19:58:19.020,0.0,0.0,0,mc2,demo1
2026-06-16 14:12:24.592,2026-06-15 19:58:19.020,0.0,0.0,0,mc5,demo1
2026-06-16 14:12:24.609,2026-06-15 19:58:19.020,0.0,0.0,0,mc3,demo1
2026-06-16 14:12:24.659,2026-06-15 19:58:19.020,0.0,0.0,0,mc1,demo1
2026-06-16 14:12:24.683,2026-06-15 19:53:19.034,0.0,0.0,0,mc1,demo1
2026-06-16 14:12:24.700,2026-06-15 19:53:19.034,0.0,0.0,0,mc3,demo1
2026-06-16 14:12:24.726,2026-06-15 19:53:19.034,0.0,0.0,0,mc6,demo1
2026-06-16 14:12:24.744,2026-06-15 19:53:19.034,0.0,0.0,0,mc4,demo1
2026-06-16 14:12:24.776,2026-06-15 19:53:19.034,0.0,0.0,0,mc5,demo1
2026-06-16 14:12:24.808,2026-06-15 19:53:19.034,0.0,0.0,0,mc2,demo1
2026-06-16 14:12:24.828,2026-06-15 19:48:18.897,0.0,0.0,0,mc6,demo1
2026-06-16 14:12:24.921,2026-06-15 19:48:18.897,0.0,0.0,0,mc4,demo1
2026-06-16 14:12:24.967,2026-06-15 19:48:18.897,0.0,0.0,0,mc1,demo1
2026-06-16 14:12:25.000,2026-06-15 19:48:18.897,0.0,0.0,0,mc5,demo1
2026-06-16 14:12:25.024,2026-06-15 19:48:18.897,0.0,0.0,0,mc3,demo1
2026-06-16 14:12:25.066,2026-06-15 19:48:18.897,0.0,0.0,0,mc2,demo1
2026-06-16 14:12:25.126,2026-06-15 19:43:19.070,0.0,0.0,0,mc6,demo1
2026-06-16 14:12:25.186,2026-06-15 19:43:19.070,0.0,0.0,0,mc1,demo1
2026-06-16 14:12:25.218,2026-06-15 19:43:19.070,0.0,0.0,0,mc3,demo1
2026-06-16 14:12:25.243,2026-06-15 19:43:19.070,0.0,0.0,0,mc4,demo1
2026-06-16 14:12:25.288,2026-06-15 19:43:19.070,0.0,0.0,0,mc2,demo1
2026-06-16 14:12:25.309,2026-06-15 19:43:19.070,0.0,0.0,0,mc5,demo1
2026-06-16 14:12:25.337,2026-06-15 19:38:18.960,0.0,0.0,0,mc1,demo1
2026-06-16 14:12:25.389,2026-06-15 19:38:18.960,0.0,0.0,0,mc2,demo1
2026-06-16 14:12:25.419,2026-06-15 19:38:18.960,0.0,0.0,0,mc5,demo1
2026-06-16 14:12:25.460,2026-06-15 19:38:18.960,0.0,0.0,0,mc6,demo1
2026-06-16 14:12:25.491,2026-06-15 19:38:18.960,0.0,0.0,0,mc3,demo1
2026-06-16 14:12:25.520,2026-06-15 19:38:18.960,0.0,0.0,0,mc4,demo1
2026-06-16 14:12:25.542,2026-06-15 19:33:18.330,0.0,0.0,0,mc3,demo1
2026-06-16 14:12:25.567,2026-06-15 19:33:18.330,0.0,0.0,0,mc5,demo1
2026-06-16 14:12:25.600,2026-06-15 19:33:18.330,0.0,0.0,0,mc4,demo1
2026-06-16 14:12:25.757,2026-06-15 19:33:18.330,0.0,0.0,0,mc2,demo1
2026-06-16 14:12:25.798,2026-06-15 19:33:18.330,0.0,0.0,0,mc6,demo1
2026-06-16 14:12:25.847,2026-06-15 19:33:18.330,0.0,0.0,0,mc1,demo1
2026-06-16 14:12:25.906,2026-06-15 19:28:18.181,0.0,0.0,0,mc1,demo1
2026-06-16 14:12:25.925,2026-06-15 19:28:18.181,0.0,0.0,0,mc6,demo1
2026-06-16 14:12:25.954,2026-06-15 19:28:18.181,0.0,0.0,0,mc4,demo1
2026-06-16 14:12:25.976,2026-06-15 19:28:18.181,0.0,0.0,0,mc3,demo1
2026-06-16 14:12:26.009,2026-06-15 19:28:18.181,0.0,0.0,0,mc2,demo1
2026-06-16 14:12:26.058,2026-06-15 19:28:18.181,0.0,0.0,0,mc5,demo1
2026-06-16 14:12:26.075,2026-06-15 19:23:18.312,0.0,0.0,0,mc1,demo1
2026-06-16 14:12:26.107,2026-06-15 19:23:18.312,0.0,0.0,0,mc6,demo1
2026-06-16 14:12:26.134,2026-06-15 19:23:18.312,0.0,0.0,0,mc5,demo1
2026-06-16 14:12:26.167,2026-06-15 19:23:18.312,0.0,0.0,0,mc3,demo1
2026-06-16 14:12:26.193,2026-06-15 19:23:18.312,0.0,0.0,0,mc2,demo1
2026-06-16 14:12:26.322,2026-06-15 19:23:18.312,0.0,0.0,0,mc4,demo1
2026-06-16 14:12:26.375,2026-06-15 19:18:18.849,0.0,0.0,0,mc1,demo1
2026-06-16 14:12:26.423,2026-06-15 19:18:18.849,0.0,0.0,0,mc6,demo1
2026-06-16 14:12:26.467,2026-06-15 19:18:18.849,0.0,0.0,0,mc5,demo1
2026-06-16 14:12:26.492,2026-06-15 19:18:18.849,0.0,0.0,0,mc3,demo1
2026-06-16 14:12:26.541,2026-06-15 19:18:18.849,0.0,0.0,0,mc4,demo1
2026-06-16 14:12:26.586,2026-06-15 19:18:18.849,0.0,0.0,0,mc2,demo1
2026-06-16 14:12:26.730,2026-06-15 19:13:18.737,0.0,0.0,0,mc1,demo1
2026-06-16 14:12:26.807,2026-06-15 19:13:18.737,0.0,0.0,0,mc3,demo1
2026-06-16 14:12:26.843,2026-06-15 19:13:18.737,0.0,0.0,0,mc5,demo1
2026-06-16 14:12:26.876,2026-06-15 19:13:18.737,0.0,0.0,0,mc2,demo1
2026-06-16 14:12:26.899,2026-06-15 19:13:18.737,0.0,0.0,0,mc6,demo1
2026-06-16 14:12:26.926,2026-06-15 19:13:18.737,0.0,0.0,0,mc4,demo1
2026-06-16 14:12:26.958,2026-06-15 19:08:19.823,0.0,0.0,0,mc3,demo1
2026-06-16 14:12:26.997,2026-06-15 19:08:19.823,0.0,0.0,0,mc2,demo1
2026-06-16 14:12:27.044,2026-06-15 19:08:19.823,0.0,0.0,0,mc6,demo1
2026-06-16 14:12:27.073,2026-06-15 19:08:19.823,0.0,0.0,0,mc5,demo1
2026-06-16 14:12:27.110,2026-06-15 19:08:19.823,0.0,0.0,0,mc4,demo1
2026-06-16 14:12:27.132,2026-06-15 19:08:19.823,0.0,0.0,0,mc1,demo1
2026-06-16 14:12:27.201,2026-06-15 19:03:18.933,0.0,0.0,0,mc3,demo1
2026-06-16 14:12:27.176,2026-06-15 19:03:18.933,0.0,0.0,0,mc2,demo1
2026-06-16 14:12:27.217,2026-06-15 19:03:18.933,0.0,0.0,0,mc5,demo1
2026-06-16 14:12:27.242,2026-06-15 19:03:18.933,0.0,0.0,0,mc6,demo1
2026-06-16 14:12:27.279,2026-06-15 19:03:18.933,0.0,0.0,0,mc4,demo1
2026-06-16 14:12:27.300,2026-06-15 19:03:18.933,0.0,0.0,0,mc1,demo1
2026-06-16 14:12:27.337,2026-06-15 18:58:18.263,0.0,0.0,0,mc3,demo1
2026-06-16 14:12:27.504,2026-06-15 18:58:18.263,0.0,0.0,0,mc6,demo1
2026-06-16 14:12:27.475,2026-06-15 18:58:18.263,0.0,0.0,0,mc1,demo1
2026-06-16 14:12:27.446,2026-06-15 18:58:18.263,0.0,0.0,0,mc2,demo1
2026-06-16 14:12:27.411,2026-06-15 18:58:18.263,0.0,0.0,0,mc4,demo1
2026-06-16 14:12:27.378,2026-06-15 18:58:18.263,0.0,0.0,0,mc5,demo1
2026-06-16 14:12:27.541,2026-06-15 18:53:19.102,0.0,0.0,0,mc6,demo1
2026-06-16 14:12:27.683,2026-06-15 18:53:19.102,0.0,0.0,0,mc5,demo1
2026-06-16 14:12:27.667,2026-06-15 18:53:19.102,0.0,0.0,0,mc1,demo1
2026-06-16 14:12:27.642,2026-06-15 18:53:19.102,0.0,0.0,0,mc4,demo1
2026-06-16 14:12:27.617,2026-06-15 18:53:19.102,0.0,0.0,0,mc2,demo1
2026-06-16 14:12:27.583,2026-06-15 18:53:19.102,0.0,0.0,0,mc3,demo1
2026-06-16 14:12:27.885,2026-06-15 18:48:18.912,0.0,0.0,0,mc2,demo1
2026-06-16 14:12:27.749,2026-06-15 18:48:18.912,0.0,0.0,0,mc3,demo1
2026-06-16 14:12:27.767,2026-06-15 18:48:18.912,0.0,0.0,0,mc5,demo1
2026-06-16 14:12:27.808,2026-06-15 18:48:18.912,0.0,0.0,0,mc4,demo1
2026-06-16 14:12:27.834,2026-06-15 18:48:18.912,0.0,0.0,0,mc1,demo1
2026-06-16 14:12:27.726,2026-06-15 18:48:18.912,0.0,0.0,0,mc6,demo1
2026-06-16 14:12:27.932,2026-06-15 18:43:18.702,0.0,0.0,0,mc3,demo1
2026-06-16 14:12:27.966,2026-06-15 18:43:18.702,0.0,0.0,0,mc1,demo1
2026-06-16 14:12:27.999,2026-06-15 18:43:18.702,0.0,0.0,0,mc4,demo1
2026-06-16 14:12:28.026,2026-06-15 18:43:18.702,0.0,0.0,0,mc6,demo1
2026-06-16 14:12:28.068,2026-06-15 18:43:18.702,0.0,0.0,0,mc5,demo1
2026-06-16 14:12:28.093,2026-06-15 18:43:18.702,0.0,0.0,0,mc2,demo1
2026-06-16 14:12:28.118,2026-06-15 18:38:19.323,0.0,0.0,0,mc6,demo1
2026-06-16 14:12:28.155,2026-06-15 18:38:19.323,0.0,0.0,0,mc1,demo1
2026-06-16 14:12:28.185,2026-06-15 18:38:19.323,0.0,0.0,0,mc4,demo1
2026-06-16 14:12:28.226,2026-06-15 18:38:19.323,0.0,0.0,0,mc2,demo1
2026-06-16 14:12:28.258,2026-06-15 18:38:19.323,0.0,0.0,0,mc5,demo1
2026-06-16 14:12:28.285,2026-06-15 18:38:19.323,0.0,0.0,0,mc3,demo1
2026-06-16 14:12:28.318,2026-06-15 18:33:18.896,0.0,0.0,0,mc3,demo1
2026-06-16 14:12:28.360,2026-06-15 18:33:18.896,0.0,0.0,0,mc2,demo1
2026-06-16 14:12:28.392,2026-06-15 18:33:18.896,0.0,0.0,0,mc4,demo1
2026-06-16 14:12:28.408,2026-06-15 18:33:18.896,0.0,0.0,0,mc6,demo1
2026-06-16 14:12:28.426,2026-06-15 18:33:18.896,0.0,0.0,0,mc1,demo1
2026-06-16 14:12:28.442,2026-06-15 18:33:18.896,0.0,0.0,0,mc5,demo1
2026-06-16 14:12:28.467,2026-06-15 18:28:18.161,0.0,0.0,0,mc3,demo1
2026-06-16 14:12:28.487,2026-06-15 18:28:18.161,0.0,0.0,0,mc5,demo1
2026-06-16 14:12:28.592,2026-06-15 18:28:18.161,0.0,0.0,0,mc4,demo1
2026-06-16 14:12:28.624,2026-06-15 18:28:18.161,0.0,0.0,0,mc2,demo1
2026-06-16 14:12:28.650,2026-06-15 18:28:18.161,0.0,0.0,0,mc6,demo1
2026-06-16 14:12:28.685,2026-06-15 18:28:18.161,0.0,0.0,0,mc1,demo1
2026-06-16 14:12:28.737,2026-06-15 18:23:18.406,0.0,0.0,0,mc5,demo1
2026-06-16 14:12:28.990,2026-06-15 18:23:18.406,0.0,0.0,0,mc1,demo1
2026-06-16 14:12:28.879,2026-06-15 18:23:18.406,0.0,0.0,0,mc4,demo1
2026-06-16 14:12:28.842,2026-06-15 18:23:18.406,0.0,0.0,0,mc3,demo1
2026-06-16 14:12:28.801,2026-06-15 18:23:18.406,0.0,0.0,0,mc2,demo1
2026-06-16 14:12:28.769,2026-06-15 18:23:18.406,0.0,0.0,0,mc6,demo1
2026-06-16 14:12:29.045,2026-06-15 18:18:18.352,0.0,0.0,0,mc6,demo1
2026-06-16 14:12:29.079,2026-06-15 18:18:18.352,0.0,0.0,0,mc4,demo1
2026-06-16 14:12:29.120,2026-06-15 18:18:18.352,0.0,0.0,0,mc5,demo1
2026-06-16 14:12:29.162,2026-06-15 18:18:18.352,0.0,0.0,0,mc1,demo1
2026-06-16 14:12:29.230,2026-06-15 18:18:18.352,0.0,0.0,0,mc2,demo1
2026-06-16 14:12:29.282,2026-06-15 18:18:18.352,0.0,0.0,0,mc3,demo1
2026-06-16 14:12:29.315,2026-06-15 18:13:18.910,0.0,0.0,0,mc1,demo1
2026-06-16 14:12:29.342,2026-06-15 18:13:18.910,0.0,0.0,0,mc6,demo1
2026-06-16 14:12:29.407,2026-06-15 18:13:18.910,0.0,0.0,0,mc4,demo1
2026-06-16 14:12:29.433,2026-06-15 18:13:18.910,0.0,0.0,0,mc2,demo1
2026-06-16 14:12:29.460,2026-06-15 18:13:18.910,0.0,0.0,0,mc3,demo1
2026-06-16 14:12:29.523,2026-06-15 18:13:18.910,0.0,0.0,0,mc5,demo1
2026-06-16 14:12:29.767,2026-06-15 18:08:18.933,0.0,0.0,0,mc1,demo1
2026-06-16 14:12:29.970,2026-06-15 18:08:18.933,0.0,0.0,0,mc2,demo1
2026-06-16 14:12:29.998,2026-06-15 18:08:18.933,0.0,0.0,0,mc5,demo1
2026-06-16 14:12:30.044,2026-06-15 18:08:18.933,0.0,0.0,0,mc3,demo1
2026-06-16 14:12:30.075,2026-06-15 18:08:18.933,0.0,0.0,0,mc4,demo1
2026-06-16 14:12:30.100,2026-06-15 18:08:18.933,0.0,0.0,0,mc6,demo1
2026-06-16 14:12:30.125,2026-06-15 18:03:18.665,0.0,0.0,0,mc4,demo1
2026-06-16 14:12:30.150,2026-06-15 18:03:18.665,0.0,0.0,0,mc5,demo1
2026-06-16 14:12:30.173,2026-06-15 18:03:18.665,0.0,0.0,0,mc3,demo1
2026-06-16 14:12:30.190,2026-06-15 18:03:18.665,0.0,0.0,0,mc1,demo1
2026-06-16 14:12:30.218,2026-06-15 18:03:18.665,0.0,0.0,0,mc2,demo1
2026-06-16 14:12:30.242,2026-06-15 18:03:18.665,0.0,0.0,0,mc6,demo1
2026-06-16 14:12:30.268,2026-06-15 17:58:19.193,0.0,0.0,0,mc4,demo1
2026-06-16 14:12:30.307,2026-06-15 17:58:19.193,0.0,0.0,0,mc2,demo1
2026-06-16 14:12:30.334,2026-06-15 17:58:19.193,0.0,0.0,0,mc3,demo1
2026-06-16 14:12:30.350,2026-06-15 17:58:19.193,0.0,0.0,0,mc6,demo1
2026-06-16 14:12:30.393,2026-06-15 17:58:19.193,0.0,0.0,0,mc5,demo1
2026-06-16 14:12:30.432,2026-06-15 17:58:19.193,0.0,0.0,0,mc1,demo1
2026-06-16 14:12:30.466,2026-06-15 17:53:18.818,0.0,0.0,0,mc3,demo1
2026-06-16 14:12:30.483,2026-06-15 17:53:18.818,0.0,0.0,0,mc6,demo1
2026-06-16 14:12:30.500,2026-06-15 17:53:18.818,0.0,0.0,0,mc5,demo1
2026-06-16 14:12:30.526,2026-06-15 17:53:18.818,0.0,0.0,0,mc4,demo1
2026-06-16 14:12:30.582,2026-06-15 17:53:18.818,0.0,0.0,0,mc1,demo1
2026-06-16 14:12:30.686,2026-06-15 17:53:18.818,0.0,0.0,0,mc2,demo1
2026-06-16 14:12:30.967,2026-06-15 17:48:18.651,0.0,0.0,0,mc2,demo1
2026-06-16 14:12:30.714,2026-06-15 17:48:18.651,0.0,0.0,0,mc3,demo1
2026-06-16 14:12:30.934,2026-06-15 17:48:18.651,0.0,0.0,0,mc6,demo1
2026-06-16 14:12:31.025,2026-06-15 17:48:18.651,0.0,0.0,0,mc1,demo1
2026-06-16 14:12:31.048,2026-06-15 17:48:18.651,0.0,0.0,0,mc4,demo1
2026-06-16 14:12:31.084,2026-06-15 17:48:18.651,0.0,0.0,0,mc5,demo1
2026-06-16 14:12:31.133,2026-06-15 17:43:19.046,0.0,0.0,0,mc3,demo1
2026-06-16 14:12:31.150,2026-06-15 17:43:19.046,0.0,0.0,0,mc5,demo1
2026-06-16 14:12:31.185,2026-06-15 17:43:19.046,0.0,0.0,0,mc1,demo1
2026-06-16 14:12:31.244,2026-06-15 17:43:19.046,0.0,0.0,0,mc6,demo1
2026-06-16 14:12:31.288,2026-06-15 17:43:19.046,0.0,0.0,0,mc2,demo1
2026-06-16 14:12:31.111,2026-06-15 17:43:19.046,0.0,0.0,0,mc4,demo1
2026-06-16 14:12:31.316,2026-06-15 17:38:18.923,0.0,0.0,0,mc5,demo1
2026-06-16 14:12:31.408,2026-06-15 17:38:18.923,0.0,0.0,0,mc3,demo1
2026-06-16 14:12:31.433,2026-06-15 17:38:18.923,0.0,0.0,0,mc1,demo1
2026-06-16 14:12:31.475,2026-06-15 17:38:18.923,0.0,0.0,0,mc4,demo1
2026-06-16 14:12:31.509,2026-06-15 17:38:18.923,0.0,0.0,0,mc6,demo1
2026-06-16 14:12:31.357,2026-06-15 17:38:18.923,0.0,0.0,0,mc2,demo1
2026-06-16 14:12:31.793,2026-06-15 17:33:18.672,0.0,0.0,0,mc5,demo1
2026-06-16 14:12:31.776,2026-06-15 17:33:18.672,0.0,0.0,0,mc1,demo1
2026-06-16 14:12:31.639,2026-06-15 17:33:18.672,0.0,0.0,0,mc2,demo1
2026-06-16 14:12:31.608,2026-06-15 17:33:18.672,0.0,0.0,0,mc4,demo1
2026-06-16 14:12:31.581,2026-06-15 17:33:18.672,0.0,0.0,0,mc3,demo1
2026-06-16 14:12:31.550,2026-06-15 17:33:18.672,0.0,0.0,0,mc6,demo1
2026-06-16 14:12:31.944,2026-06-15 17:28:18.853,0.0,0.0,0,mc3,demo1
2026-06-16 14:12:31.975,2026-06-15 17:28:18.853,0.0,0.0,0,mc6,demo1
2026-06-16 14:12:31.999,2026-06-15 17:28:18.853,0.0,0.0,0,mc2,demo1
2026-06-16 14:12:32.050,2026-06-15 17:28:18.853,0.0,0.0,0,mc1,demo1
2026-06-16 14:12:32.077,2026-06-15 17:28:18.853,0.0,0.0,0,mc5,demo1
2026-06-16 14:12:31.845,2026-06-15 17:28:18.853,0.0,0.0,0,mc4,demo1
2026-06-16 14:12:32.109,2026-06-15 17:23:18.920,0.0,0.0,0,mc2,demo1
2026-06-16 14:12:32.276,2026-06-15 17:23:18.920,0.0,0.0,0,mc6,demo1
2026-06-16 14:12:32.209,2026-06-15 17:23:18.920,0.0,0.0,0,mc5,demo1
2026-06-16 14:12:32.186,2026-06-15 17:23:18.920,0.0,0.0,0,mc3,demo1
2026-06-16 14:12:32.152,2026-06-15 17:23:18.920,0.0,0.0,0,mc1,demo1
2026-06-16 14:12:32.502,2026-06-15 17:23:18.920,0.0,0.0,0,mc4,demo1
2026-06-16 14:12:32.634,2026-06-15 17:18:18.439,0.0,0.0,0,mc2,demo1
2026-06-16 14:12:32.526,2026-06-15 17:18:18.439,0.0,0.0,0,mc6,demo1
2026-06-16 14:12:32.559,2026-06-15 17:18:18.439,0.0,0.0,0,mc1,demo1
2026-06-16 14:12:32.575,2026-06-15 17:18:18.439,0.0,0.0,0,mc5,demo1
2026-06-16 14:12:32.610,2026-06-15 17:18:18.439,0.0,0.0,0,mc4,demo1
2026-06-16 14:12:32.677,2026-06-15 17:18:18.439,0.0,0.0,0,mc3,demo1
2026-06-16 14:12:32.844,2026-06-15 17:13:18.889,0.0,0.0,0,mc5,demo1
2026-06-16 14:12:32.700,2026-06-15 17:13:18.889,0.0,0.0,0,mc2,demo1
2026-06-16 14:12:32.717,2026-06-15 17:13:18.889,0.0,0.0,0,mc1,demo1
2026-06-16 14:12:32.742,2026-06-15 17:13:18.889,0.0,0.0,0,mc4,demo1
2026-06-16 14:12:32.784,2026-06-15 17:13:18.889,0.0,0.0,0,mc3,demo1
2026-06-16 14:12:32.815,2026-06-15 17:13:18.889,0.0,0.0,0,mc6,demo1
2026-06-16 14:12:33.032,2026-06-15 17:08:18.351,0.0,0.0,0,mc4,demo1
2026-06-16 14:12:32.910,2026-06-15 17:08:18.351,0.0,0.0,0,mc1,demo1
2026-06-16 14:12:32.942,2026-06-15 17:08:18.351,0.0,0.0,0,mc3,demo1
2026-06-16 14:12:32.966,2026-06-15 17:08:18.351,0.0,0.0,0,mc2,demo1
2026-06-16 14:12:32.990,2026-06-15 17:08:18.351,0.0,0.0,0,mc6,demo1
2026-06-16 14:12:33.059,2026-06-15 17:08:18.351,0.0,0.0,0,mc5,demo1
2026-06-16 14:12:33.236,2026-06-15 17:03:18.566,0.0,0.0,0,mc3,demo1
2026-06-16 14:12:33.103,2026-06-15 17:03:18.566,1.0,1.0,,mc1,demo1
2026-06-16 14:12:33.133,2026-06-15 17:03:18.566,1.0,1.0,,mc5,demo1
2026-06-16 14:12:33.159,2026-06-15 17:03:18.566,0.0,0.0,0,mc4,demo1
2026-06-16 14:12:33.208,2026-06-15 17:03:18.566,1.0,1.0,,mc2,demo1
2026-06-16 14:12:33.290,2026-06-15 17:03:18.566,1.0,1.0,,mc6,demo1
2026-06-16 14:12:33.532,2026-06-15 16:58:18.776,1.0,1.0,,mc1,demo1
2026-06-16 14:12:33.502,2026-06-15 16:58:18.776,0.0,0.0,0,mc3,demo1
2026-06-16 14:12:33.434,2026-06-15 16:58:18.776,1.0,1.0,,mc2,demo1
2026-06-16 14:12:33.414,2026-06-15 16:58:18.776,0.0,0.0,0,mc4,demo1
2026-06-16 14:12:33.363,2026-06-15 16:58:18.776,1.0,1.0,,mc5,demo1
2026-06-16 14:12:33.315,2026-06-15 16:58:18.776,1.0,1.0,,mc6,demo1
2026-06-16 14:12:33.582,2026-06-15 16:53:18.516,0.0,0.0,0,mc3,demo1
2026-06-16 14:12:33.709,2026-06-15 16:53:18.516,0.0,0.0,0,mc4,demo1
2026-06-16 14:12:33.683,2026-06-15 16:53:18.516,1.0,1.0,,mc2,demo1
2026-06-16 14:12:33.662,2026-06-15 16:53:18.516,1.0,1.0,,mc1,demo1
2026-06-16 14:12:33.634,2026-06-15 16:53:18.516,1.0,1.0,,mc6,demo1
2026-06-16 14:12:33.608,2026-06-15 16:53:18.516,1.0,1.0,,mc5,demo1
2026-06-16 14:12:33.748,2026-06-15 16:48:19.496,0.0,0.0,0,mc3,demo1
2026-06-16 14:12:34.067,2026-06-15 16:48:19.496,1.0,1.0,,mc1,demo1
2026-06-16 14:12:34.017,2026-06-15 16:48:19.496,1.0,1.0,,mc6,demo1
2026-06-16 14:12:33.967,2026-06-15 16:48:19.496,0.0,0.0,0,mc4,demo1
2026-06-16 14:12:33.924,2026-06-15 16:48:19.496,1.0,1.0,,mc2,demo1
2026-06-16 14:12:33.811,2026-06-15 16:48:19.496,1.0,1.0,,mc5,demo1
2026-06-16 14:12:34.118,2026-06-15 16:43:18.841,0.0,0.0,0,mc4,demo1
2026-06-16 14:12:34.409,2026-06-15 16:43:18.841,1.0,1.0,,mc1,demo1
2026-06-16 14:12:34.283,2026-06-15 16:43:18.841,1.0,1.0,,mc6,demo1
2026-06-16 14:12:34.261,2026-06-15 16:43:18.841,1.0,1.0,,mc5,demo1
2026-06-16 14:12:34.212,2026-06-15 16:43:18.841,1.0,1.0,,mc2,demo1
2026-06-16 14:12:34.157,2026-06-15 16:43:18.841,0.0,0.0,0,mc3,demo1
2026-06-16 14:12:34.475,2026-06-15 16:38:18.929,0.0,0.0,0,mc3,demo1
2026-06-16 14:12:34.532,2026-06-15 16:38:18.929,1.0,1.0,,mc2,demo1
2026-06-16 14:12:34.588,2026-06-15 16:38:18.929,0.0,0.0,0,mc4,demo1
2026-06-16 14:12:34.623,2026-06-15 16:38:18.929,1.0,1.0,,mc5,demo1
2026-06-16 14:12:34.699,2026-06-15 16:38:18.929,1.0,1.0,,mc6,demo1
2026-06-16 14:12:34.760,2026-06-15 16:38:18.929,1.0,1.0,,mc1,demo1
2026-06-16 14:12:34.914,2026-06-15 16:33:18.932,1.0,1.0,,mc2,demo1
2026-06-16 14:12:34.825,2026-06-15 16:33:18.932,1.0,1.0,,mc5,demo1
2026-06-16 14:12:34.936,2026-06-15 16:33:18.932,0.0,0.0,0,mc4,demo1
2026-06-16 14:12:34.961,2026-06-15 16:33:18.932,0.0,0.0,0,mc3,demo1
2026-06-16 14:12:35.005,2026-06-15 16:33:18.932,1.0,1.0,,mc6,demo1
2026-06-16 14:12:35.040,2026-06-15 16:33:18.932,1.0,1.0,,mc1,demo1
2026-06-16 14:12:35.311,2026-06-15 16:28:18.515,0.0,0.0,0,mc4,demo1
2026-06-16 14:12:35.140,2026-06-15 16:28:18.515,0.0,0.0,0,mc3,demo1
2026-06-16 14:12:35.180,2026-06-15 16:28:18.515,1.0,1.0,,mc6,demo1
2026-06-16 14:12:35.209,2026-06-15 16:28:18.515,1.0,1.0,,mc5,demo1
2026-06-16 14:12:35.242,2026-06-15 16:28:18.515,1.0,1.0,,mc2,demo1
2026-06-16 14:12:35.276,2026-06-15 16:28:18.515,1.0,1.0,,mc1,demo1
2026-06-16 14:12:35.348,2026-06-15 16:23:18.873,1.0,1.0,,mc2,demo1
2026-06-16 14:12:35.498,2026-06-15 16:23:18.873,0.0,0.0,0,mc3,demo1
2026-06-16 14:12:35.469,2026-06-15 16:23:18.873,0.0,0.0,0,mc4,demo1
2026-06-16 14:12:35.444,2026-06-15 16:23:18.873,1.0,1.0,,mc6,demo1
2026-06-16 14:12:35.409,2026-06-15 16:23:18.873,1.0,1.0,,mc1,demo1
2026-06-16 14:12:35.373,2026-06-15 16:23:18.873,1.0,1.0,,mc5,demo1
2026-06-16 14:12:35.533,2026-06-15 16:18:18.331,0.0,0.0,0,mc3,demo1
2026-06-16 14:12:35.662,2026-06-15 16:18:18.331,0.0,0.0,0,mc4,demo1
2026-06-16 14:12:35.633,2026-06-15 16:18:18.331,1.0,1.0,,mc6,demo1
2026-06-16 14:12:35.606,2026-06-15 16:18:18.331,1.0,1.0,,mc1,demo1
2026-06-16 14:12:35.582,2026-06-15 16:18:18.331,1.0,1.0,,mc5,demo1
2026-06-16 14:12:35.559,2026-06-15 16:18:18.331,1.0,1.0,,mc2,demo1
2026-06-16 14:12:35.744,2026-06-15 16:13:19.053,1.0,1.0,,mc6,demo1
2026-06-16 14:12:35.969,2026-06-15 16:13:19.053,1.0,1.0,,mc2,demo1
2026-06-16 14:12:35.937,2026-06-15 16:13:19.053,0.0,0.0,0,mc4,demo1
2026-06-16 14:12:35.819,2026-06-15 16:13:19.053,0.0,0.0,0,mc3,demo1
2026-06-16 14:12:35.777,2026-06-15 16:13:19.053,1.0,1.0,,mc1,demo1
2026-06-16 14:12:35.685,2026-06-15 16:13:19.053,1.0,1.0,,mc5,demo1
2026-06-16 14:12:35.991,2026-06-15 16:08:18.689,1.0,1.0,,mc5,demo1
2026-06-16 14:12:36.142,2026-06-15 16:08:18.689,1.0,1.0,,mc2,demo1
2026-06-16 14:12:36.117,2026-06-15 16:08:18.689,0.0,0.0,0,mc4,demo1
2026-06-16 14:12:36.093,2026-06-15 16:08:18.689,0.0,0.0,0,mc3,demo1
2026-06-16 14:12:36.067,2026-06-15 16:08:18.689,1.0,1.0,,mc1,demo1
2026-06-16 14:12:36.045,2026-06-15 16:08:18.689,1.0,1.0,,mc6,demo1
2026-06-16 14:12:36.161,2026-06-15 16:03:18.742,0.0,0.0,0,mc4,demo1
2026-06-16 14:12:36.186,2026-06-15 16:03:18.742,1.0,1.0,,mc1,demo1
2026-06-16 14:12:36.203,2026-06-15 16:03:18.742,1.0,1.0,,mc2,demo1
2026-06-16 14:12:36.231,2026-06-15 16:03:18.742,1.0,1.0,,mc5,demo1
2026-06-16 14:12:36.267,2026-06-15 16:03:18.742,0.0,0.0,0,mc3,demo1
2026-06-16 14:12:36.292,2026-06-15 16:03:18.742,1.0,1.0,,mc6,demo1
2026-06-16 14:12:36.521,2026-06-15 15:58:18.824,0.0,0.0,0,mc3,demo1
2026-06-16 14:12:36.348,2026-06-15 15:58:18.824,1.0,1.0,,mc6,demo1
2026-06-16 14:12:36.454,2026-06-15 15:58:18.824,1.0,1.0,,mc5,demo1
2026-06-16 14:12:36.311,2026-06-15 15:58:18.824,0.0,0.0,0,mc4,demo1
2026-06-16 14:12:36.490,2026-06-15 15:58:18.824,1.0,1.0,,mc1,demo1
2026-06-16 14:12:36.396,2026-06-15 15:58:18.824,1.0,1.0,,mc2,demo1
2026-06-16 14:12:36.681,2026-06-15 15:53:18.951,1.0,1.0,,mc1,demo1
2026-06-16 14:12:36.541,2026-06-15 15:53:18.951,0.0,0.0,0,mc4,demo1
2026-06-16 14:12:36.570,2026-06-15 15:53:18.951,1.0,1.0,,mc5,demo1
2026-06-16 14:12:36.614,2026-06-15 15:53:18.951,1.0,1.0,,mc6,demo1
2026-06-16 14:12:36.638,2026-06-15 15:53:18.951,1.0,1.0,,mc2,demo1
2026-06-16 14:12:36.726,2026-06-15 15:53:18.951,0.0,0.0,0,mc3,demo1
2026-06-16 14:12:36.759,2026-06-15 15:48:18.862,1.0,1.0,,mc1,demo1
2026-06-16 14:12:36.948,2026-06-15 15:48:18.862,1.0,1.0,,mc2,demo1
2026-06-16 14:12:36.905,2026-06-15 15:48:18.862,1.0,1.0,,mc6,demo1
2026-06-16 14:12:36.866,2026-06-15 15:48:18.862,0.0,0.0,0,mc3,demo1
2026-06-16 14:12:36.827,2026-06-15 15:48:18.862,1.0,1.0,,mc5,demo1
2026-06-16 14:12:36.789,2026-06-15 15:48:18.862,0.0,0.0,0,mc4,demo1
2026-06-16 14:12:36.980,2026-06-15 15:43:18.964,0.0,0.0,0,mc3,demo1
2026-06-16 14:12:37.269,2026-06-15 15:43:18.964,1.0,1.0,,mc6,demo1
2026-06-16 14:12:37.403,2026-06-15 15:43:18.964,1.0,1.0,,mc5,demo1
2026-06-16 14:12:37.420,2026-06-15 15:43:18.964,0.0,0.0,0,mc4,demo1
2026-06-16 14:12:37.473,2026-06-15 15:43:18.964,1.0,1.0,,mc2,demo1
2026-06-16 14:12:37.503,2026-06-15 15:43:18.964,1.0,1.0,,mc1,demo1
2026-06-16 14:12:37.528,2026-06-15 15:38:19.889,1.0,1.0,,mc2,demo1
2026-06-16 14:12:37.554,2026-06-15 15:38:19.889,1.0,1.0,,mc6,demo1
2026-06-16 14:12:37.575,2026-06-15 15:38:19.889,0.0,0.0,0,mc4,demo1
2026-06-16 14:12:37.586,2026-06-15 15:38:19.889,1.0,1.0,,mc1,demo1
2026-06-16 14:12:37.620,2026-06-15 15:38:19.889,0.0,0.0,0,mc3,demo1
2026-06-16 14:12:37.646,2026-06-15 15:38:19.889,1.0,1.0,,mc5,demo1
2026-06-16 14:12:37.676,2026-06-15 15:33:18.846,0.0,0.0,0,mc3,demo1
2026-06-16 14:12:37.702,2026-06-15 15:33:18.846,1.0,1.0,,mc6,demo1
2026-06-16 14:12:37.728,2026-06-15 15:33:18.846,1.0,1.0,,mc1,demo1
2026-06-16 14:12:37.766,2026-06-15 15:33:18.846,1.0,1.0,,mc2,demo1
2026-06-16 14:12:37.786,2026-06-15 15:33:18.846,1.0,1.0,,mc5,demo1
2026-06-16 14:12:37.812,2026-06-15 15:33:18.846,0.0,0.0,0,mc4,demo1
2026-06-16 14:12:37.836,2026-06-15 15:28:18.390,1.0,1.0,,mc5,demo1
2026-06-16 14:12:37.861,2026-06-15 15:28:18.390,1.0,1.0,,mc2,demo1
2026-06-16 14:12:37.901,2026-06-15 15:28:18.390,0.0,0.0,0,mc3,demo1
2026-06-16 14:12:37.964,2026-06-15 15:28:18.390,0.0,0.0,0,mc4,demo1
2026-06-16 14:12:38.234,2026-06-15 15:28:18.390,1.0,1.0,,mc1,demo1
2026-06-16 14:12:38.252,2026-06-15 15:28:18.390,1.0,1.0,,mc6,demo1
2026-06-16 14:12:38.278,2026-06-15 15:23:18.936,0.0,0.0,0,mc3,demo1
2026-06-16 14:12:38.302,2026-06-15 15:23:18.936,0.0,0.0,0,mc4,demo1
2026-06-16 14:12:38.327,2026-06-15 15:23:18.936,1.0,1.0,,mc6,demo1
2026-06-16 14:12:38.362,2026-06-15 15:23:18.936,1.0,1.0,,mc5,demo1
2026-06-16 14:12:38.378,2026-06-15 15:23:18.936,1.0,1.0,,mc2,demo1
2026-06-16 14:12:38.411,2026-06-15 15:23:18.936,1.0,1.0,,mc1,demo1
2026-06-16 14:12:38.436,2026-06-15 15:18:18.930,1.0,1.0,,mc2,demo1
2026-06-16 14:12:38.463,2026-06-15 15:18:18.930,0.0,0.0,0,mc3,demo1
2026-06-16 14:12:38.485,2026-06-15 15:18:18.930,0.0,0.0,0,mc4,demo1
2026-06-16 14:12:38.514,2026-06-15 15:18:18.930,1.0,1.0,,mc5,demo1
2026-06-16 14:12:38.527,2026-06-15 15:18:18.930,1.0,1.0,,mc1,demo1
2026-06-16 14:12:38.544,2026-06-15 15:18:18.930,1.0,1.0,,mc6,demo1
2026-06-16 14:12:38.561,2026-06-15 15:13:19.091,1.0,1.0,,mc5,demo1
2026-06-16 14:12:38.586,2026-06-15 15:13:19.091,0.0,0.0,0,mc4,demo1
2026-06-16 14:12:38.602,2026-06-15 15:13:19.091,0.0,0.0,0,mc3,demo1
2026-06-16 14:12:38.619,2026-06-15 15:13:19.091,1.0,1.0,,mc1,demo1
2026-06-16 14:12:38.653,2026-06-15 15:13:19.091,1.0,1.0,,mc6,demo1
2026-06-16 14:12:38.677,2026-06-15 15:13:19.091,1.0,1.0,,mc2,demo1
2026-06-16 14:12:38.763,2026-06-15 15:08:19.127,0.0,0.0,0,mc3,demo1
2026-06-16 14:12:38.702,2026-06-15 15:08:19.127,0.0,0.0,0,mc4,demo1
2026-06-16 14:12:38.719,2026-06-15 15:08:19.127,1.0,1.0,,mc6,demo1
2026-06-16 14:12:38.746,2026-06-15 15:08:19.127,1.0,1.0,,mc1,demo1
2026-06-16 14:12:38.786,2026-06-15 15:08:19.127,1.0,1.0,,mc5,demo1
2026-06-16 14:12:38.835,2026-06-15 15:08:19.127,1.0,1.0,,mc2,demo1
2026-06-16 14:12:39.020,2026-06-15 15:03:18.422,1.0,1.0,,mc5,demo1
2026-06-16 14:12:38.870,2026-06-15 15:03:18.422,0.0,0.0,0,mc3,demo1
2026-06-16 14:12:38.906,2026-06-15 15:03:18.422,1.0,1.0,,mc6,demo1
2026-06-16 14:12:38.852,2026-06-15 15:03:18.422,1.0,1.0,,mc2,demo1
2026-06-16 14:12:38.928,2026-06-15 15:03:18.422,1.0,1.0,,mc1,demo1
2026-06-16 14:12:38.988,2026-06-15 15:03:18.422,0.0,0.0,0,mc4,demo1
2026-06-16 14:12:39.160,2026-06-15 14:58:19.171,1.0,1.0,,mc5,demo1
2026-06-16 14:12:39.056,2026-06-15 14:58:19.171,1.0,1.0,,mc2,demo1
2026-06-16 14:12:39.079,2026-06-15 14:58:19.171,1.0,1.0,,mc6,demo1
2026-06-16 14:12:39.110,2026-06-15 14:58:19.171,0.0,0.0,0,mc3,demo1
2026-06-16 14:12:39.139,2026-06-15 14:58:19.171,1.0,1.0,,mc1,demo1
2026-06-16 14:12:39.232,2026-06-15 14:58:19.171,0.0,0.0,0,mc4,demo1
2026-06-16 14:12:39.371,2026-06-15 14:53:18.198,0.0,0.0,0,mc3,demo1
2026-06-16 14:12:39.275,2026-06-15 14:53:18.198,1.0,1.0,,mc1,demo1
2026-06-16 14:12:39.294,2026-06-15 14:53:18.198,0.0,0.0,0,mc4,demo1
2026-06-16 14:12:39.319,2026-06-15 14:53:18.198,1.0,1.0,,mc6,demo1
2026-06-16 14:12:39.347,2026-06-15 14:53:18.198,1.0,1.0,,mc2,demo1
2026-06-16 14:12:39.386,2026-06-15 14:53:18.198,1.0,1.0,,mc5,demo1
2026-06-16 14:12:39.677,2026-06-15 14:48:18.844,1.0,1.0,,mc5,demo1
2026-06-16 14:12:39.536,2026-06-15 14:48:18.844,1.0,1.0,,mc1,demo1
2026-06-16 14:12:39.561,2026-06-15 14:48:18.844,1.0,1.0,,mc6,demo1
2026-06-16 14:12:39.586,2026-06-15 14:48:18.844,0.0,0.0,0,mc3,demo1
2026-06-16 14:12:39.611,2026-06-15 14:48:18.844,0.0,0.0,0,mc4,demo1
2026-06-16 14:12:39.655,2026-06-15 14:48:18.844,1.0,1.0,,mc2,demo1
2026-06-16 14:12:39.883,2026-06-15 14:43:18.435,0.0,0.0,0,mc4,demo1
2026-06-16 14:12:39.709,2026-06-15 14:43:18.435,1.0,1.0,,mc1,demo1
2026-06-16 14:12:39.737,2026-06-15 14:43:18.435,1.0,1.0,,mc6,demo1
2026-06-16 14:12:39.752,2026-06-15 14:43:18.435,1.0,1.0,,mc2,demo1
2026-06-16 14:12:39.786,2026-06-15 14:43:18.435,1.0,1.0,,mc5,demo1
2026-06-16 14:12:39.835,2026-06-15 14:43:18.435,0.0,0.0,0,mc3,demo1
2026-06-16 14:12:40.018,2026-06-15 14:38:20.199,1.0,1.0,,mc2,demo1
2026-06-16 14:12:39.917,2026-06-15 14:38:20.199,1.0,1.0,,mc1,demo1
2026-06-16 14:12:39.970,2026-06-15 14:38:20.199,1.0,1.0,,mc6,demo1
2026-06-16 14:12:39.986,2026-06-15 14:38:20.199,0.0,0.0,0,mc4,demo1
2026-06-16 14:12:40.002,2026-06-15 14:38:20.199,0.0,0.0,0,mc3,demo1
2026-06-16 14:12:40.034,2026-06-15 14:38:20.199,1.0,1.0,,mc5,demo1
2026-06-16 14:12:40.153,2026-06-15 14:33:18.474,0.0,0.0,0,mc4,demo1
2026-06-16 14:12:40.060,2026-06-15 14:33:18.474,0.0,0.0,0,mc3,demo1
2026-06-16 14:12:40.087,2026-06-15 14:33:18.474,1.0,1.0,,mc2,demo1
2026-06-16 14:12:40.111,2026-06-15 14:33:18.474,1.0,1.0,,mc1,demo1
2026-06-16 14:12:40.136,2026-06-15 14:33:18.474,1.0,1.0,,mc6,demo1
2026-06-16 14:12:40.169,2026-06-15 14:33:18.474,1.0,1.0,,mc5,demo1
2026-06-16 14:12:40.286,2026-06-15 14:28:18.900,0.0,0.0,0,mc3,demo1
2026-06-16 14:12:40.193,2026-06-15 14:28:18.900,1.0,1.0,,mc5,demo1
2026-06-16 14:12:40.221,2026-06-15 14:28:18.900,1.0,1.0,,mc6,demo1
2026-06-16 14:12:40.242,2026-06-15 14:28:18.900,0.0,0.0,0,mc4,demo1
2026-06-16 14:12:40.270,2026-06-15 14:28:18.900,1.0,1.0,,mc1,demo1
2026-06-16 14:12:40.311,2026-06-15 14:28:18.900,1.0,1.0,,mc2,demo1
2026-06-16 14:12:40.507,2026-06-15 14:23:18.119,0.0,0.0,0,mc3,demo1
2026-06-16 14:12:40.358,2026-06-15 14:23:18.119,1.0,1.0,,mc5,demo1
2026-06-16 14:12:40.404,2026-06-15 14:23:18.119,1.0,1.0,,mc6,demo1
2026-06-16 14:12:40.428,2026-06-15 14:23:18.119,1.0,1.0,,mc2,demo1
2026-06-16 14:12:40.462,2026-06-15 14:23:18.119,0.0,0.0,0,mc4,demo1
2026-06-16 14:12:40.478,2026-06-15 14:23:18.119,1.0,1.0,,mc1,demo1
2026-06-16 14:12:40.678,2026-06-15 14:18:18.483,1.0,1.0,,mc6,demo1
2026-06-16 14:12:40.557,2026-06-15 14:18:18.483,0.0,0.0,0,mc3,demo1
2026-06-16 14:12:40.578,2026-06-15 14:18:18.483,1.0,1.0,,mc2,demo1
2026-06-16 14:12:40.599,2026-06-15 14:18:18.483,0.0,0.0,0,mc4,demo1
2026-06-16 14:12:40.620,2026-06-15 14:18:18.483,1.0,1.0,,mc5,demo1
2026-06-16 14:12:40.648,2026-06-15 14:18:18.483,1.0,1.0,,mc1,demo1
2026-06-16 14:12:40.854,2026-06-15 14:13:18.814,0.0,0.0,0,mc3,demo1
2026-06-16 14:12:40.703,2026-06-15 14:13:18.814,1.0,1.0,,mc1,demo1
2026-06-16 14:12:40.756,2026-06-15 14:13:18.814,1.0,1.0,,mc6,demo1
2026-06-16 14:12:40.778,2026-06-15 14:13:18.814,0.0,0.0,0,mc4,demo1
2026-06-16 14:12:40.815,2026-06-15 14:13:18.814,1.0,1.0,,mc2,demo1
2026-06-16 14:12:40.877,2026-06-15 14:13:18.814,1.0,1.0,,mc5,demo1
2026-06-16 14:12:41.178,2026-06-15 14:08:18.699,1.0,1.0,,mc6,demo1
2026-06-16 14:12:40.930,2026-06-15 14:08:18.699,1.0,1.0,,mc5,demo1
2026-06-16 14:12:40.955,2026-06-15 14:08:18.699,0.0,0.0,0,mc3,demo1
2026-06-16 14:12:41.084,2026-06-15 14:08:18.699,0.0,0.0,0,mc4,demo1
2026-06-16 14:12:41.120,2026-06-15 14:08:18.699,1.0,1.0,,mc2,demo1
2026-06-16 14:12:41.286,2026-06-15 14:08:18.699,1.0,1.0,,mc1,demo1
2026-06-16 14:12:41.466,2026-06-15 14:03:18.765,1.0,1.0,,mc5,demo1
2026-06-16 14:12:41.312,2026-06-15 14:03:18.765,1.0,1.0,,mc1,demo1
2026-06-16 14:12:41.351,2026-06-15 14:03:18.765,1.0,1.0,,mc2,demo1
2026-06-16 14:12:41.404,2026-06-15 14:03:18.765,0.0,0.0,0,mc3,demo1
2026-06-16 14:12:41.428,2026-06-15 14:03:18.765,1.0,1.0,,mc6,demo1
2026-06-16 14:12:41.521,2026-06-15 14:03:18.765,0.0,0.0,0,mc4,demo1
2026-06-16 14:12:41.595,2026-06-15 13:58:18.848,1.0,1.0,,mc1,demo1
2026-06-16 14:12:41.545,2026-06-15 13:58:18.848,1.0,1.0,,mc2,demo1
2026-06-16 14:12:41.568,2026-06-15 13:58:18.848,1.0,1.0,,mc6,demo1
2026-06-16 14:12:41.623,2026-06-15 13:58:18.848,0.0,0.0,0,mc3,demo1
2026-06-16 14:12:41.645,2026-06-15 13:58:18.848,1.0,1.0,,mc5,demo1
2026-06-16 14:12:41.677,2026-06-15 13:58:18.848,0.0,0.0,0,mc4,demo1
2026-06-16 14:12:42.222,2026-06-15 13:53:19.140,0.0,0.0,0,mc3,demo1
2026-06-16 14:12:41.887,2026-06-15 13:53:19.140,1.0,1.0,,mc6,demo1
2026-06-16 14:12:41.913,2026-06-15 13:53:19.140,0.0,0.0,0,mc4,demo1
2026-06-16 14:12:41.947,2026-06-15 13:53:19.140,1.0,1.0,,mc2,demo1
2026-06-16 14:12:41.978,2026-06-15 13:53:19.140,1.0,1.0,,mc1,demo1
2026-06-16 14:12:42.020,2026-06-15 13:53:19.140,1.0,1.0,,mc5,demo1
2026-06-16 14:12:42.870,2026-06-15 13:48:18.918,1.0,1.0,,mc1,demo1
2026-06-16 14:12:42.293,2026-06-15 13:48:18.918,1.0,1.0,,mc5,demo1
2026-06-16 14:12:42.444,2026-06-15 13:48:18.918,0.0,0.0,0,mc3,demo1
2026-06-16 14:12:42.711,2026-06-15 13:48:18.918,1.0,1.0,,mc2,demo1
2026-06-16 14:12:42.851,2026-06-15 13:48:18.918,0.0,0.0,0,mc4,demo1
2026-06-16 14:12:42.939,2026-06-15 13:48:18.918,1.0,1.0,,mc6,demo1
2026-06-16 14:12:43.140,2026-06-15 13:43:19.117,0.0,0.0,0,mc3,demo1
2026-06-16 14:12:42.962,2026-06-15 13:43:19.117,1.0,1.0,,mc6,demo1
2026-06-16 14:12:43.006,2026-06-15 13:43:19.117,1.0,1.0,,mc1,demo1
2026-06-16 14:12:43.073,2026-06-15 13:43:19.117,0.0,0.0,0,mc4,demo1
2026-06-16 14:12:43.105,2026-06-15 13:43:19.117,1.0,1.0,,mc5,demo1
2026-06-16 14:12:43.182,2026-06-15 13:43:19.117,1.0,1.0,,mc2,demo1
2026-06-16 14:12:43.344,2026-06-15 13:38:18.602,1.0,1.0,,mc1,demo1
2026-06-16 14:12:43.228,2026-06-15 13:38:18.602,0.0,0.0,0,mc3,demo1
2026-06-16 14:12:43.282,2026-06-15 13:38:18.602,0.0,0.0,0,mc4,demo1
2026-06-16 14:12:43.420,2026-06-15 13:38:18.602,1.0,1.0,,mc5,demo1
2026-06-16 14:12:43.316,2026-06-15 13:38:18.602,1.0,1.0,,mc2,demo1
2026-06-16 14:12:43.373,2026-06-15 13:38:18.602,1.0,1.0,,mc6,demo1
2026-06-16 14:12:43.549,2026-06-15 13:33:18.883,1.0,1.0,,mc5,demo1
2026-06-16 14:12:43.955,2026-06-15 13:33:18.883,1.0,1.0,,mc2,demo1
2026-06-16 14:12:43.924,2026-06-15 13:33:18.883,0.0,0.0,0,mc3,demo1
2026-06-16 14:12:43.861,2026-06-15 13:33:18.883,1.0,1.0,,mc6,demo1
2026-06-16 14:12:43.487,2026-06-15 13:33:18.883,1.0,1.0,,mc1,demo1
2026-06-16 14:12:43.458,2026-06-15 13:33:18.883,0.0,0.0,0,mc4,demo1
2026-06-16 14:12:44.270,2026-06-15 13:28:19.430,1.0,1.0,,mc5,demo1
2026-06-16 14:12:44.150,2026-06-15 13:28:19.430,1.0,1.0,,mc6,demo1
2026-06-16 14:12:44.178,2026-06-15 13:28:19.430,1.0,1.0,,mc2,demo1
2026-06-16 14:12:44.207,2026-06-15 13:28:19.430,0.0,0.0,0,mc4,demo1
2026-06-16 14:12:44.232,2026-06-15 13:28:19.430,0.0,0.0,0,mc3,demo1
2026-06-16 14:12:44.253,2026-06-15 13:28:19.430,1.0,1.0,,mc1,demo1
2026-06-16 14:12:44.405,2026-06-15 13:23:18.756,1.0,1.0,,mc1,demo1
2026-06-16 14:12:44.286,2026-06-15 13:23:18.756,1.0,1.0,,mc6,demo1
2026-06-16 14:12:44.303,2026-06-15 13:23:18.756,0.0,0.0,0,mc3,demo1
2026-06-16 14:12:44.335,2026-06-15 13:23:18.756,1.0,1.0,,mc5,demo1
2026-06-16 14:12:44.371,2026-06-15 13:23:18.756,0.0,0.0,0,mc4,demo1
2026-06-16 14:12:44.419,2026-06-15 13:23:18.756,1.0,1.0,,mc2,demo1
2026-06-16 14:12:44.603,2026-06-15 13:18:18.302,1.0,1.0,,mc5,demo1
2026-06-16 14:12:44.461,2026-06-15 13:18:18.302,1.0,1.0,,mc1,demo1
2026-06-16 14:12:44.494,2026-06-15 13:18:18.302,0.0,0.0,0,mc4,demo1
2026-06-16 14:12:44.511,2026-06-15 13:18:18.302,1.0,1.0,,mc2,demo1
2026-06-16 14:12:44.527,2026-06-15 13:18:18.302,1.0,1.0,,mc6,demo1
2026-06-16 14:12:44.628,2026-06-15 13:18:18.302,0.0,0.0,0,mc3,demo1
2026-06-16 14:12:44.803,2026-06-15 13:13:18.358,1.0,1.0,,mc5,demo1
2026-06-16 14:12:44.663,2026-06-15 13:13:18.358,0.0,0.0,0,mc3,demo1
2026-06-16 14:12:44.688,2026-06-15 13:13:18.358,0.0,0.0,0,mc4,demo1
2026-06-16 14:12:44.743,2026-06-15 13:13:18.358,1.0,1.0,,mc1,demo1
2026-06-16 14:12:44.762,2026-06-15 13:13:18.358,1.0,1.0,,mc6,demo1
2026-06-16 14:12:44.786,2026-06-15 13:13:18.358,1.0,1.0,,mc2,demo1
2026-06-16 14:12:44.949,2026-06-15 13:08:18.761,1.0,1.0,,mc6,demo1
2026-06-16 14:12:44.820,2026-06-15 13:08:18.761,1.0,1.0,,mc2,demo1
2026-06-16 14:12:44.836,2026-06-15 13:08:18.761,0.0,0.0,0,mc3,demo1
2026-06-16 14:12:44.868,2026-06-15 13:08:18.761,0.0,0.0,0,mc4,demo1
2026-06-16 14:12:44.887,2026-06-15 13:08:18.761,1.0,1.0,,mc5,demo1
2026-06-16 14:12:44.920,2026-06-15 13:08:18.761,1.0,1.0,,mc1,demo1
2026-06-16 14:12:45.154,2026-06-15 13:03:19.247,1.0,1.0,,mc5,demo1
2026-06-16 14:12:44.970,2026-06-15 13:03:19.247,1.0,1.0,,mc2,demo1
2026-06-16 14:12:45.061,2026-06-15 13:03:19.247,1.0,1.0,,mc6,demo1
2026-06-16 14:12:45.087,2026-06-15 13:03:19.247,0.0,0.0,0,mc4,demo1
2026-06-16 14:12:45.121,2026-06-15 13:03:19.247,0.0,0.0,0,mc3,demo1
2026-06-16 14:12:45.187,2026-06-15 13:03:19.247,1.0,1.0,,mc1,demo1
2026-06-16 14:12:45.328,2026-06-15 12:58:18.265,0.0,0.0,0,mc3,demo1
2026-06-16 14:12:45.207,2026-06-15 12:58:18.265,1.0,1.0,,mc6,demo1
2026-06-16 14:12:45.256,2026-06-15 12:58:18.265,1.0,1.0,,mc2,demo1
2026-06-16 14:12:45.288,2026-06-15 12:58:18.265,0.0,0.0,0,mc4,demo1
2026-06-16 14:12:45.311,2026-06-15 12:58:18.265,1.0,1.0,,mc5,demo1
2026-06-16 14:12:45.358,2026-06-15 12:58:18.265,1.0,1.0,,mc1,demo1
2026-06-16 14:12:45.524,2026-06-15 12:53:18.376,1.0,1.0,,mc5,demo1
2026-06-16 14:12:45.404,2026-06-15 12:53:18.376,0.0,0.0,0,mc4,demo1
2026-06-16 14:12:45.423,2026-06-15 12:53:18.376,1.0,1.0,,mc2,demo1
2026-06-16 14:12:45.461,2026-06-15 12:53:18.376,0.0,0.0,0,mc3,demo1
2026-06-16 14:12:45.490,2026-06-15 12:53:18.376,1.0,1.0,,mc6,demo1
2026-06-16 14:12:45.567,2026-06-15 12:53:18.376,1.0,1.0,,mc1,demo1
2026-06-16 14:12:45.753,2026-06-15 12:48:18.963,1.0,1.0,,mc6,demo1
2026-06-16 14:12:45.587,2026-06-15 12:48:18.963,1.0,1.0,,mc2,demo1
2026-06-16 14:12:45.612,2026-06-15 12:48:18.963,0.0,0.0,0,mc4,demo1
2026-06-16 14:12:45.651,2026-06-15 12:48:18.963,1.0,1.0,,mc1,demo1
2026-06-16 14:12:45.699,2026-06-15 12:48:18.963,0.0,0.0,0,mc3,demo1
2026-06-16 14:12:45.729,2026-06-15 12:48:18.963,1.0,1.0,,mc5,demo1
2026-06-16 14:12:45.962,2026-06-15 12:43:18.564,0.0,0.0,0,mc4,demo1
2026-06-16 14:12:45.798,2026-06-15 12:43:18.564,0.0,0.0,0,mc3,demo1
2026-06-16 14:12:45.838,2026-06-15 12:43:18.564,1.0,1.0,,mc2,demo1
2026-06-16 14:12:45.869,2026-06-15 12:43:18.564,1.0,1.0,,mc5,demo1
2026-06-16 14:12:45.903,2026-06-15 12:43:18.564,1.0,1.0,,mc1,demo1
2026-06-16 14:12:45.942,2026-06-15 12:43:18.564,1.0,1.0,,mc6,demo1
2026-06-16 14:12:46.278,2026-06-15 12:38:18.695,1.0,1.0,,mc2,demo1
2026-06-16 14:12:46.009,2026-06-15 12:38:18.695,1.0,1.0,,mc1,demo1
2026-06-16 14:12:46.031,2026-06-15 12:38:18.695,1.0,1.0,,mc5,demo1
2026-06-16 14:12:46.045,2026-06-15 12:38:18.695,0.0,0.0,0,mc3,demo1
2026-06-16 14:12:46.248,2026-06-15 12:38:18.695,0.0,0.0,0,mc4,demo1
2026-06-16 14:12:46.301,2026-06-15 12:38:18.695,1.0,1.0,,mc6,demo1
2026-06-16 14:12:46.446,2026-06-15 12:33:18.655,1.0,1.0,,mc2,demo1
2026-06-16 14:12:46.329,2026-06-15 12:33:18.655,1.0,1.0,,mc5,demo1
2026-06-16 14:12:46.362,2026-06-15 12:33:18.655,1.0,1.0,,mc6,demo1
2026-06-16 14:12:46.385,2026-06-15 12:33:18.655,0.0,0.0,0,mc3,demo1
2026-06-16 14:12:46.422,2026-06-15 12:33:18.655,1.0,1.0,,mc1,demo1
2026-06-16 14:12:46.469,2026-06-15 12:33:18.655,0.0,0.0,0,mc4,demo1
2026-06-16 14:12:46.602,2026-06-15 12:28:18.507,1.0,1.0,,mc6,demo1
2026-06-16 14:12:46.496,2026-06-15 12:28:18.507,1.0,1.0,,mc5,demo1
2026-06-16 14:12:46.528,2026-06-15 12:28:18.507,1.0,1.0,,mc2,demo1
2026-06-16 14:12:46.571,2026-06-15 12:28:18.507,0.0,0.0,0,mc3,demo1
2026-06-16 14:12:46.586,2026-06-15 12:28:18.507,0.0,0.0,0,mc4,demo1
2026-06-16 14:12:46.636,2026-06-15 12:28:18.507,1.0,1.0,,mc1,demo1
2026-06-16 14:12:46.710,2026-06-15 12:23:18.349,1.0,1.0,,mc2,demo1
2026-06-16 14:12:46.660,2026-06-15 12:23:18.349,1.0,1.0,,mc1,demo1
2026-06-16 14:12:46.677,2026-06-15 12:23:18.349,0.0,0.0,0,mc4,demo1
2026-06-16 14:12:46.727,2026-06-15 12:23:18.349,1.0,1.0,,mc6,demo1
2026-06-16 14:12:46.761,2026-06-15 12:23:18.349,0.0,0.0,0,mc3,demo1
2026-06-16 14:12:46.777,2026-06-15 12:23:18.349,1.0,1.0,,mc5,demo1
2026-06-16 14:12:46.948,2026-06-15 12:18:18.641,0.0,0.0,0,mc3,demo1
2026-06-16 14:12:46.794,2026-06-15 12:18:18.641,1.0,1.0,,mc1,demo1
2026-06-16 14:12:46.811,2026-06-15 12:18:18.641,1.0,1.0,,mc2,demo1
2026-06-16 14:12:46.836,2026-06-15 12:18:18.641,1.0,1.0,,mc6,demo1
2026-06-16 14:12:46.862,2026-06-15 12:18:18.641,1.0,1.0,,mc5,demo1
2026-06-16 14:12:46.897,2026-06-15 12:18:18.641,0.0,0.0,0,mc4,demo1
2026-06-16 14:12:47.120,2026-06-15 12:13:19.603,0.0,0.0,0,mc3,demo1
2026-06-16 14:12:46.971,2026-06-15 12:13:19.603,1.0,1.0,,mc5,demo1
2026-06-16 14:12:47.006,2026-06-15 12:13:19.603,1.0,1.0,,mc6,demo1
2026-06-16 14:12:47.059,2026-06-15 12:13:19.603,0.0,0.0,0,mc4,demo1
2026-06-16 14:12:47.100,2026-06-15 12:13:19.603,1.0,1.0,,mc2,demo1
2026-06-16 14:12:47.140,2026-06-15 12:13:19.603,1.0,1.0,,mc1,demo1
2026-06-16 14:12:47.305,2026-06-15 12:08:18.816,1.0,1.0,,mc1,demo1
2026-06-16 14:12:47.172,2026-06-15 12:08:18.816,1.0,1.0,,mc2,demo1
2026-06-16 14:12:47.203,2026-06-15 12:08:18.816,0.0,0.0,0,mc3,demo1
2026-06-16 14:12:47.246,2026-06-15 12:08:18.816,1.0,1.0,,mc6,demo1
2026-06-16 14:12:47.279,2026-06-15 12:08:18.816,1.0,1.0,,mc5,demo1
2026-06-16 14:12:47.341,2026-06-15 12:08:18.816,0.0,0.0,0,mc4,demo1
2026-06-16 14:12:47.440,2026-06-15 12:03:18.320,1.0,1.0,,mc5,demo1
2026-06-16 14:12:47.528,2026-06-15 12:03:18.320,0.0,0.0,0,mc3,demo1
2026-06-16 14:12:47.508,2026-06-15 12:03:18.320,1.0,1.0,,mc6,demo1
2026-06-16 14:12:47.370,2026-06-15 12:03:18.320,1.0,1.0,,mc2,demo1
2026-06-16 14:12:47.471,2026-06-15 12:03:18.320,0.0,0.0,0,mc4,demo1
2026-06-16 14:12:47.409,2026-06-15 12:03:18.320,1.0,1.0,,mc1,demo1
2026-06-16 14:12:47.635,2026-06-15 11:58:18.836,1.0,1.0,,mc2,demo1
2026-06-16 14:12:47.562,2026-06-15 11:58:18.836,0.0,0.0,0,mc3,demo1
2026-06-16 14:12:47.594,2026-06-15 11:58:18.836,1.0,1.0,,mc5,demo1
2026-06-16 14:12:47.619,2026-06-15 11:58:18.836,1.0,1.0,,mc6,demo1
2026-06-16 14:12:47.652,2026-06-15 11:58:18.836,1.0,1.0,,mc1,demo1
2026-06-16 14:12:47.686,2026-06-15 11:58:18.836,0.0,0.0,0,mc4,demo1
2026-06-16 14:12:47.886,2026-06-15 11:53:18.376,1.0,1.0,,mc5,demo1
2026-06-16 14:12:47.853,2026-06-15 11:53:18.376,0.0,0.0,0,mc4,demo1
2026-06-16 14:12:47.827,2026-06-15 11:53:18.376,1.0,1.0,,mc1,demo1
2026-06-16 14:12:47.713,2026-06-15 11:53:18.376,1.0,1.0,,mc2,demo1
2026-06-16 14:12:47.761,2026-06-15 11:53:18.376,1.0,1.0,,mc6,demo1
2026-06-16 14:12:47.736,2026-06-15 11:53:18.376,0.0,0.0,0,mc3,demo1
2026-06-16 14:12:47.918,2026-06-15 11:48:19.027,1.0,1.0,,mc2,demo1
2026-06-16 14:12:47.927,2026-06-15 11:48:19.027,1.0,1.0,,mc6,demo1
2026-06-16 14:12:47.953,2026-06-15 11:48:19.027,1.0,1.0,,mc5,demo1
2026-06-16 14:12:47.978,2026-06-15 11:48:19.027,0.0,0.0,0,mc3,demo1
2026-06-16 14:12:48.043,2026-06-15 11:48:19.027,0.0,0.0,0,mc4,demo1
2026-06-16 14:12:48.075,2026-06-15 11:48:19.027,1.0,1.0,,mc1,demo1
2026-06-16 14:12:48.095,2026-06-15 11:43:18.444,1.0,1.0,,mc6,demo1
2026-06-16 14:12:48.141,2026-06-15 11:43:18.444,0.0,0.0,0,mc3,demo1
2026-06-16 14:12:48.167,2026-06-15 11:43:18.444,1.0,1.0,,mc2,demo1
2026-06-16 14:12:48.199,2026-06-15 11:43:18.444,0.0,0.0,0,mc4,demo1
2026-06-16 14:12:48.225,2026-06-15 11:43:18.444,1.0,1.0,,mc5,demo1
2026-06-16 14:12:48.244,2026-06-15 11:43:18.444,1.0,1.0,,mc1,demo1
2026-06-16 14:12:48.282,2026-06-15 11:38:19.174,1.0,1.0,,mc6,demo1
2026-06-16 14:12:48.302,2026-06-15 11:38:19.174,0.0,0.0,0,mc3,demo1
2026-06-16 14:12:48.336,2026-06-15 11:38:19.174,1.0,1.0,,mc2,demo1
2026-06-16 14:12:48.352,2026-06-15 11:38:19.174,1.0,1.0,,mc1,demo1
2026-06-16 14:12:48.370,2026-06-15 11:38:19.174,0.0,0.0,0,mc4,demo1
2026-06-16 14:12:48.418,2026-06-15 11:38:19.174,1.0,1.0,,mc5,demo1
2026-06-16 14:12:48.445,2026-06-15 11:33:19.263,1.0,1.0,,mc2,demo1
2026-06-16 14:12:48.469,2026-06-15 11:33:19.263,1.0,1.0,,mc1,demo1
2026-06-16 14:12:48.486,2026-06-15 11:33:19.263,1.0,1.0,,mc5,demo1
2026-06-16 14:12:48.519,2026-06-15 11:33:19.263,0.0,0.0,0,mc3,demo1
2026-06-16 14:12:48.553,2026-06-15 11:33:19.263,1.0,1.0,,mc6,demo1
2026-06-16 14:12:48.576,2026-06-15 11:33:19.263,0.0,0.0,0,mc4,demo1
2026-06-16 14:12:48.594,2026-06-15 11:28:18.773,1.0,1.0,,mc1,demo1
2026-06-16 14:12:48.611,2026-06-15 11:28:18.773,0.0,0.0,0,mc4,demo1
2026-06-16 14:12:48.635,2026-06-15 11:28:18.773,1.0,1.0,,mc5,demo1
2026-06-16 14:12:48.652,2026-06-15 11:28:18.773,1.0,1.0,,mc2,demo1
2026-06-16 14:12:48.678,2026-06-15 11:28:18.773,0.0,0.0,0,mc3,demo1
2026-06-16 14:12:48.711,2026-06-15 11:28:18.773,1.0,1.0,,mc6,demo1
2026-06-16 14:12:48.811,2026-06-15 11:23:18.256,0.0,0.0,0,mc4,demo1
2026-06-16 14:12:48.737,2026-06-15 11:23:18.256,0.0,0.0,0,mc3,demo1
2026-06-16 14:12:48.753,2026-06-15 11:23:18.256,1.0,1.0,,mc1,demo1
2026-06-16 14:12:48.781,2026-06-15 11:23:18.256,1.0,1.0,,mc2,demo1
2026-06-16 14:12:48.854,2026-06-15 11:23:18.256,1.0,1.0,,mc5,demo1
2026-06-16 14:12:48.871,2026-06-15 11:23:18.256,1.0,1.0,,mc6,demo1
2026-06-16 14:12:48.886,2026-06-15 11:18:18.887,1.0,1.0,,mc5,demo1
2026-06-16 14:12:48.920,2026-06-15 11:18:18.887,1.0,1.0,,mc1,demo1
2026-06-16 14:12:48.941,2026-06-15 11:18:18.887,1.0,1.0,,mc2,demo1
2026-06-16 14:12:48.961,2026-06-15 11:18:18.887,0.0,0.0,0,mc3,demo1
2026-06-16 14:12:48.986,2026-06-15 11:18:18.887,0.0,0.0,0,mc4,demo1
2026-06-16 14:12:49.003,2026-06-15 11:18:18.887,1.0,1.0,,mc6,demo1
2026-06-16 14:12:49.031,2026-06-15 11:13:19.340,1.0,1.0,,mc5,demo1
2026-06-16 14:12:49.044,2026-06-15 11:13:19.340,1.0,1.0,,mc1,demo1
2026-06-16 14:12:49.071,2026-06-15 11:13:19.340,1.0,1.0,,mc2,demo1
2026-06-16 14:12:49.094,2026-06-15 11:13:19.340,1.0,1.0,,mc6,demo1
2026-06-16 14:12:49.127,2026-06-15 11:13:19.340,0.0,0.0,0,mc3,demo1
2026-06-16 14:12:49.180,2026-06-15 11:13:19.340,0.0,0.0,0,mc4,demo1
2026-06-16 14:12:49.310,2026-06-15 11:08:19.035,1.0,1.0,,mc1,demo1
2026-06-16 14:12:49.368,2026-06-15 11:08:19.035,0.0,0.0,0,mc3,demo1
2026-06-16 14:12:49.402,2026-06-15 11:08:19.035,1.0,1.0,,mc2,demo1
2026-06-16 14:12:49.437,2026-06-15 11:08:19.035,0.0,0.0,0,mc4,demo1
2026-06-16 14:12:49.461,2026-06-15 11:08:19.035,1.0,1.0,,mc6,demo1
2026-06-16 14:12:49.507,2026-06-15 11:08:19.035,1.0,1.0,,mc5,demo1
2026-06-16 14:12:49.527,2026-06-15 11:03:18.427,1.0,1.0,,mc6,demo1
2026-06-16 14:12:49.557,2026-06-15 11:03:18.427,0.0,0.0,0,mc3,demo1
2026-06-16 14:12:49.586,2026-06-15 11:03:18.427,1.0,1.0,,mc1,demo1
2026-06-16 14:12:49.611,2026-06-15 11:03:18.427,1.0,1.0,,mc2,demo1
2026-06-16 14:12:49.636,2026-06-15 11:03:18.427,0.0,0.0,0,mc4,demo1
2026-06-16 14:12:49.692,2026-06-15 11:03:18.427,1.0,1.0,,mc5,demo1
2026-06-16 14:12:49.719,2026-06-15 10:58:19.063,1.0,1.0,,mc5,demo1
2026-06-16 14:12:49.735,2026-06-15 10:58:19.063,1.0,1.0,,mc1,demo1
2026-06-16 14:12:49.744,2026-06-15 10:58:19.063,0.0,0.0,0,mc3,demo1
2026-06-16 14:12:49.773,2026-06-15 10:58:19.063,1.0,1.0,,mc6,demo1
2026-06-16 14:12:49.794,2026-06-15 10:58:19.063,0.0,0.0,0,mc4,demo1
2026-06-16 14:12:49.819,2026-06-15 10:58:19.063,1.0,1.0,,mc2,demo1
2026-06-16 14:12:49.844,2026-06-15 10:53:18.372,1.0,1.0,,mc6,demo1
2026-06-16 14:12:49.863,2026-06-15 10:53:18.372,0.0,0.0,0,mc3,demo1
2026-06-16 14:12:49.916,2026-06-15 10:53:18.372,1.0,1.0,,mc2,demo1
2026-06-16 14:12:49.936,2026-06-15 10:53:18.372,0.0,0.0,0,mc4,demo1
2026-06-16 14:12:49.952,2026-06-15 10:53:18.372,1.0,1.0,,mc5,demo1
2026-06-16 14:12:49.984,2026-06-15 10:53:18.372,1.0,1.0,,mc1,demo1
2026-06-16 14:12:50.009,2026-06-15 10:48:18.503,0.0,0.0,0,mc4,demo1
2026-06-16 14:12:50.136,2026-06-15 10:48:18.503,1.0,1.0,,mc6,demo1
2026-06-16 14:12:50.118,2026-06-15 10:48:18.503,1.0,1.0,,mc5,demo1
2026-06-16 14:12:50.086,2026-06-15 10:48:18.503,0.0,0.0,0,mc3,demo1
2026-06-16 14:12:50.070,2026-06-15 10:48:18.503,1.0,1.0,,mc2,demo1
2026-06-16 14:12:50.046,2026-06-15 10:48:18.503,1.0,1.0,,mc1,demo1
2026-06-16 14:12:50.161,2026-06-15 10:43:18.193,1.0,1.0,,mc2,demo1
2026-06-16 14:12:50.186,2026-06-15 10:43:18.193,1.0,1.0,,mc5,demo1
2026-06-16 14:12:50.209,2026-06-15 10:43:18.193,1.0,1.0,,mc1,demo1
2026-06-16 14:12:50.228,2026-06-15 10:43:18.193,0.0,0.0,0,mc3,demo1
2026-06-16 14:12:50.244,2026-06-15 10:43:18.193,0.0,0.0,0,mc4,demo1
2026-06-16 14:12:50.261,2026-06-15 10:43:18.193,1.0,1.0,,mc6,demo1
2026-06-16 14:12:50.277,2026-06-15 10:38:19.062,1.0,1.0,,mc5,demo1
2026-06-16 14:12:50.310,2026-06-15 10:38:19.062,1.0,1.0,,mc6,demo1
2026-06-16 14:12:50.327,2026-06-15 10:38:19.062,0.0,0.0,0,mc4,demo1
2026-06-16 14:12:50.360,2026-06-15 10:38:19.062,0.0,0.0,0,mc3,demo1
2026-06-16 14:12:50.377,2026-06-15 10:38:19.062,1.0,1.0,,mc2,demo1
2026-06-16 14:12:50.402,2026-06-15 10:38:19.062,1.0,1.0,,mc1,demo1
2026-06-16 14:12:50.419,2026-06-15 10:33:18.329,1.0,1.0,,mc6,demo1
2026-06-16 14:12:50.452,2026-06-15 10:33:18.329,1.0,1.0,,mc1,demo1
2026-06-16 14:12:50.476,2026-06-15 10:33:18.329,1.0,1.0,,mc5,demo1
2026-06-16 14:12:50.494,2026-06-15 10:33:18.329,0.0,0.0,0,mc4,demo1
2026-06-16 14:12:50.511,2026-06-15 10:33:18.329,1.0,1.0,,mc2,demo1
2026-06-16 14:12:50.536,2026-06-15 10:33:18.329,0.0,0.0,0,mc3,demo1
2026-06-16 14:12:50.552,2026-06-15 10:28:18.201,1.0,1.0,,mc6,demo1
2026-06-16 14:12:50.569,2026-06-15 10:28:18.201,1.0,1.0,,mc1,demo1
2026-06-16 14:12:50.611,2026-06-15 10:28:18.201,1.0,1.0,,mc5,demo1
2026-06-16 14:12:50.627,2026-06-15 10:28:18.201,0.0,0.0,0,mc4,demo1
2026-06-16 14:12:50.661,2026-06-15 10:28:18.201,0.0,0.0,0,mc3,demo1
2026-06-16 14:12:50.715,2026-06-15 10:28:18.201,1.0,1.0,,mc2,demo1
2026-06-16 14:12:50.773,2026-06-15 10:23:18.331,0.0,0.0,0,mc3,demo1
2026-06-16 14:12:50.802,2026-06-15 10:23:18.331,1.0,1.0,,mc5,demo1
2026-06-16 14:12:50.819,2026-06-15 10:23:18.331,1.0,1.0,,mc1,demo1
2026-06-16 14:12:50.844,2026-06-15 10:23:18.331,1.0,1.0,,mc6,demo1
2026-06-16 14:12:50.928,2026-06-15 10:23:18.331,0.0,0.0,0,mc4,demo1
2026-06-16 14:12:50.952,2026-06-15 10:23:18.331,1.0,1.0,,mc2,demo1
2026-06-16 14:12:50.977,2026-06-15 10:18:19.178,1.0,1.0,,mc6,demo1
2026-06-16 14:12:51.021,2026-06-15 10:18:19.178,1.0,1.0,,mc5,demo1
2026-06-16 14:12:51.064,2026-06-15 10:18:19.178,1.0,1.0,,mc2,demo1
2026-06-16 14:12:51.096,2026-06-15 10:18:19.178,1.0,1.0,,mc1,demo1
2026-06-16 14:12:51.111,2026-06-15 10:18:19.178,0.0,0.0,0,mc4,demo1
2026-06-16 14:12:51.127,2026-06-15 10:18:19.178,0.0,0.0,0,mc3,demo1
2026-06-16 14:12:51.153,2026-06-15 10:13:18.702,1.0,1.0,,mc5,demo1
2026-06-16 14:12:51.178,2026-06-15 10:13:18.702,1.0,1.0,,mc1,demo1
2026-06-16 14:12:51.254,2026-06-15 10:13:18.702,1.0,1.0,,mc6,demo1
2026-06-16 14:12:51.403,2026-06-15 10:13:18.702,0.0,0.0,0,mc4,demo1
2026-06-16 14:12:51.421,2026-06-15 10:13:18.702,0.0,0.0,0,mc3,demo1
2026-06-16 14:12:51.453,2026-06-15 10:13:18.702,1.0,1.0,,mc2,demo1
2026-06-16 14:12:51.470,2026-06-15 10:08:18.125,0.0,0.0,0,mc4,demo1
2026-06-16 14:12:51.521,2026-06-15 10:08:18.125,1.0,1.0,,mc1,demo1
2026-06-16 14:12:51.566,2026-06-15 10:08:18.125,1.0,1.0,,mc5,demo1
2026-06-16 14:12:51.616,2026-06-15 10:08:18.125,1.0,1.0,,mc6,demo1
2026-06-16 14:12:51.735,2026-06-15 10:08:18.125,1.0,1.0,,mc2,demo1
2026-06-16 14:12:51.786,2026-06-15 10:08:18.125,0.0,0.0,0,mc3,demo1
2026-06-16 14:12:51.853,2026-06-15 10:03:18.930,1.0,1.0,,mc2,demo1
2026-06-16 14:12:51.882,2026-06-15 10:03:18.930,1.0,1.0,,mc1,demo1
2026-06-16 14:12:51.962,2026-06-15 10:03:18.930,1.0,1.0,,mc5,demo1
2026-06-16 14:12:51.991,2026-06-15 10:03:18.930,0.0,0.0,0,mc4,demo1
2026-06-16 14:12:52.016,2026-06-15 10:03:18.930,1.0,1.0,,mc6,demo1
2026-06-16 14:12:52.045,2026-06-15 10:03:18.930,0.0,0.0,0,mc3,demo1
2026-06-16 14:12:52.074,2026-06-15 09:58:19.105,1.0,1.0,,mc1,demo1
2026-06-16 14:12:52.106,2026-06-15 09:58:19.105,1.0,1.0,,mc6,demo1
2026-06-16 14:12:52.136,2026-06-15 09:58:19.105,0.0,0.0,0,mc3,demo1
2026-06-16 14:12:52.161,2026-06-15 09:58:19.105,1.0,1.0,,mc2,demo1
2026-06-16 14:12:52.186,2026-06-15 09:58:19.105,1.0,1.0,,mc5,demo1
2026-06-16 14:12:52.219,2026-06-15 09:58:19.105,0.0,0.0,0,mc4,demo1
2026-06-16 14:12:52.245,2026-06-15 09:53:19.011,0.0,0.0,0,mc4,demo1
2026-06-16 14:12:52.295,2026-06-15 09:53:19.011,1.0,1.0,,mc5,demo1
2026-06-16 14:12:52.342,2026-06-15 09:53:19.011,1.0,1.0,,mc1,demo1
2026-06-16 14:12:52.367,2026-06-15 09:53:19.011,1.0,1.0,,mc2,demo1
2026-06-16 14:12:52.403,2026-06-15 09:53:19.011,1.0,1.0,,mc6,demo1
2026-06-16 14:12:52.431,2026-06-15 09:53:19.011,0.0,0.0,0,mc3,demo1
2026-06-16 14:12:52.458,2026-06-15 09:48:18.665,0.0,0.0,0,mc4,demo1
2026-06-16 14:12:52.483,2026-06-15 09:48:18.665,0.0,0.0,0,mc3,demo1
2026-06-16 14:12:52.502,2026-06-15 09:48:18.665,1.0,1.0,,mc6,demo1
2026-06-16 14:12:52.556,2026-06-15 09:48:18.665,1.0,1.0,,mc1,demo1
2026-06-16 14:12:52.591,2026-06-15 09:48:18.665,1.0,1.0,,mc5,demo1
2026-06-16 14:12:52.629,2026-06-15 09:48:18.665,1.0,1.0,,mc2,demo1
2026-06-16 14:12:52.691,2026-06-15 09:43:18.666,0.0,0.0,0,mc4,demo1
2026-06-16 14:12:52.668,2026-06-15 09:43:18.666,0.0,0.0,0,mc3,demo1
2026-06-16 14:12:52.716,2026-06-15 09:43:18.666,1.0,1.0,,mc6,demo1
2026-06-16 14:12:52.741,2026-06-15 09:43:18.666,1.0,1.0,,mc1,demo1
2026-06-16 14:12:52.781,2026-06-15 09:43:18.666,1.0,1.0,,mc2,demo1
2026-06-16 14:12:52.811,2026-06-15 09:43:18.666,1.0,1.0,,mc5,demo1
2026-06-16 14:12:52.836,2026-06-15 09:38:18.461,1.0,1.0,,mc1,demo1
2026-06-16 14:12:52.858,2026-06-15 09:38:18.461,1.0,1.0,,mc2,demo1
2026-06-16 14:12:52.990,2026-06-15 09:38:18.461,0.0,0.0,0,mc3,demo1
2026-06-16 14:12:52.961,2026-06-15 09:38:18.461,1.0,1.0,,mc5,demo1
2026-06-16 14:12:52.937,2026-06-15 09:38:18.461,1.0,1.0,,mc6,demo1
2026-06-16 14:12:52.890,2026-06-15 09:38:18.461,0.0,0.0,0,mc4,demo1
2026-06-16 14:12:53.075,2026-06-15 09:33:18.936,1.0,1.0,,mc6,demo1
2026-06-16 14:12:53.044,2026-06-15 09:33:18.936,0.0,0.0,0,mc4,demo1
2026-06-16 14:12:53.200,2026-06-15 09:33:18.936,1.0,1.0,,mc2,demo1
2026-06-16 14:12:53.168,2026-06-15 09:33:18.936,1.0,1.0,,mc5,demo1
2026-06-16 14:12:53.126,2026-06-15 09:33:18.936,0.0,0.0,0,mc3,demo1
2026-06-16 14:12:53.100,2026-06-15 09:33:18.936,1.0,1.0,,mc1,demo1
2026-06-16 14:12:53.251,2026-06-15 09:28:18.644,0.0,0.0,0,mc4,demo1
2026-06-16 14:12:53.219,2026-06-15 09:28:18.644,0.0,0.0,0,mc3,demo1
2026-06-16 14:12:53.433,2026-06-15 09:28:18.644,1.0,1.0,,mc1,demo1
2026-06-16 14:12:53.390,2026-06-15 09:28:18.644,1.0,1.0,,mc6,demo1
2026-06-16 14:12:53.334,2026-06-15 09:28:18.644,1.0,1.0,,mc5,demo1
2026-06-16 14:12:53.295,2026-06-15 09:28:18.644,1.0,1.0,,mc2,demo1
2026-06-16 14:12:53.510,2026-06-15 09:23:18.814,0.0,0.0,0,mc4,demo1
2026-06-16 14:12:53.454,2026-06-15 09:23:18.814,0.0,0.0,0,mc3,demo1
2026-06-16 14:12:53.699,2026-06-15 09:23:18.814,1.0,1.0,,mc1,demo1
2026-06-16 14:12:53.667,2026-06-15 09:23:18.814,1.0,1.0,,mc2,demo1
2026-06-16 14:12:53.628,2026-06-15 09:23:18.814,1.0,1.0,,mc5,demo1
2026-06-16 14:12:53.565,2026-06-15 09:23:18.814,1.0,1.0,,mc6,demo1
2026-06-16 14:12:53.794,2026-06-15 09:18:18.845,1.0,1.0,,mc6,demo1
2026-06-16 14:12:53.728,2026-06-15 09:18:18.845,0.0,0.0,0,mc4,demo1
2026-06-16 14:12:53.917,2026-06-15 09:18:18.845,1.0,1.0,,mc2,demo1
2026-06-16 14:12:53.872,2026-06-15 09:18:18.845,0.0,0.0,0,mc3,demo1
2026-06-16 14:12:53.826,2026-06-15 09:18:18.845,1.0,1.0,,mc5,demo1
2026-06-16 14:12:53.763,2026-06-15 09:18:18.845,1.0,1.0,,mc1,demo1
2026-06-16 14:12:54.031,2026-06-15 09:13:19.035,1.0,1.0,,mc1,demo1
2026-06-16 14:12:53.946,2026-06-15 09:13:19.035,0.0,0.0,0,mc4,demo1
2026-06-16 14:12:54.132,2026-06-15 09:13:19.035,1.0,1.0,,mc5,demo1
2026-06-16 14:12:54.107,2026-06-15 09:13:19.035,1.0,1.0,,mc2,demo1
2026-06-16 14:12:54.077,2026-06-15 09:13:19.035,1.0,1.0,,mc6,demo1
2026-06-16 14:12:54.001,2026-06-15 09:13:19.035,0.0,0.0,0,mc3,demo1
2026-06-16 14:12:54.197,2026-06-15 09:08:18.584,1.0,1.0,,mc6,demo1
2026-06-16 14:12:54.656,2026-06-15 09:08:18.584,0.0,0.0,0,mc3,demo1
2026-06-16 14:12:54.631,2026-06-15 09:08:18.584,1.0,1.0,,mc1,demo1
2026-06-16 14:12:54.596,2026-06-15 09:08:18.584,1.0,1.0,,mc5,demo1
2026-06-16 14:12:54.544,2026-06-15 09:08:18.584,0.0,0.0,0,mc4,demo1
2026-06-16 14:12:54.236,2026-06-15 09:08:18.584,1.0,1.0,,mc2,demo1
2026-06-16 14:12:54.717,2026-06-15 09:03:19.098,1.0,1.0,,mc2,demo1
2026-06-16 14:12:54.693,2026-06-15 09:03:19.098,0.0,0.0,0,mc4,demo1
2026-06-16 14:12:54.742,2026-06-15 09:03:19.098,1.0,1.0,,mc6,demo1
2026-06-16 14:12:54.759,2026-06-15 09:03:19.098,1.0,1.0,,mc5,demo1
2026-06-16 14:12:55.038,2026-06-15 09:03:19.098,1.0,1.0,,mc1,demo1
2026-06-16 14:12:55.127,2026-06-15 09:03:19.098,0.0,0.0,0,mc3,demo1
2026-06-16 14:12:55.393,2026-06-15 08:58:19.334,1.0,1.0,,mc6,demo1
2026-06-16 14:12:55.432,2026-06-15 08:58:19.334,1.0,1.0,,mc2,demo1
2026-06-16 14:12:55.213,2026-06-15 08:58:19.334,1.0,1.0,,mc5,demo1
2026-06-16 14:12:55.263,2026-06-15 08:58:19.334,0.0,0.0,0,mc3,demo1
2026-06-16 14:12:55.323,2026-06-15 08:58:19.334,1.0,1.0,,mc1,demo1
2026-06-16 14:12:55.362,2026-06-15 08:58:19.334,0.0,0.0,0,mc4,demo1
2026-06-16 14:12:55.498,2026-06-15 08:53:18.902,1.0,1.0,,mc2,demo1
2026-06-16 14:12:55.516,2026-06-15 08:53:18.902,1.0,1.0,,mc1,demo1
2026-06-16 14:12:55.677,2026-06-15 08:53:18.902,1.0,1.0,,mc6,demo1
2026-06-16 14:12:55.469,2026-06-15 08:53:18.902,0.0,0.0,0,mc4,demo1
2026-06-16 14:12:55.606,2026-06-15 08:53:18.902,1.0,1.0,,mc5,demo1
2026-06-16 14:12:55.563,2026-06-15 08:53:18.902,0.0,0.0,0,mc3,demo1
2026-06-16 14:12:55.775,2026-06-15 08:48:18.899,1.0,1.0,,mc2,demo1
2026-06-16 14:12:55.702,2026-06-15 08:48:18.899,1.0,1.0,,mc1,demo1
2026-06-16 14:12:55.717,2026-06-15 08:48:18.899,1.0,1.0,,mc5,demo1
2026-06-16 14:12:55.841,2026-06-15 08:48:18.899,1.0,1.0,,mc6,demo1
2026-06-16 14:12:55.858,2026-06-15 08:48:18.899,0.0,0.0,0,mc4,demo1
2026-06-16 14:12:55.890,2026-06-15 08:48:18.899,0.0,0.0,0,mc3,demo1
2026-06-16 14:12:56.064,2026-06-15 08:43:18.912,1.0,1.0,,mc6,demo1
2026-06-16 14:12:55.930,2026-06-15 08:43:18.912,1.0,1.0,,mc2,demo1
2026-06-16 14:12:55.965,2026-06-15 08:43:18.912,0.0,0.0,0,mc3,demo1
2026-06-16 14:12:55.981,2026-06-15 08:43:18.912,1.0,1.0,,mc1,demo1
2026-06-16 14:12:56.019,2026-06-15 08:43:18.912,1.0,1.0,,mc5,demo1
2026-06-16 14:12:56.041,2026-06-15 08:43:18.912,0.0,0.0,0,mc4,demo1
2026-06-16 14:12:56.243,2026-06-15 08:38:19.069,1.0,1.0,,mc6,demo1
2026-06-16 14:12:56.110,2026-06-15 08:38:19.069,1.0,1.0,,mc1,demo1
2026-06-16 14:12:56.143,2026-06-15 08:38:19.069,0.0,0.0,0,mc3,demo1
2026-06-16 14:12:56.166,2026-06-15 08:38:19.069,1.0,1.0,,mc2,demo1
2026-06-16 14:12:56.193,2026-06-15 08:38:19.069,1.0,1.0,,mc5,demo1
2026-06-16 14:12:56.286,2026-06-15 08:38:19.069,0.0,0.0,0,mc4,demo1
2026-06-16 14:12:56.458,2026-06-15 08:33:18.580,1.0,1.0,,mc5,demo1
2026-06-16 14:12:56.319,2026-06-15 08:33:18.580,1.0,1.0,,mc6,demo1
2026-06-16 14:12:56.341,2026-06-15 08:33:18.580,1.0,1.0,,mc1,demo1
2026-06-16 14:12:56.378,2026-06-15 08:33:18.580,0.0,0.0,0,mc3,demo1
2026-06-16 14:12:56.429,2026-06-15 08:33:18.580,1.0,1.0,,mc2,demo1
2026-06-16 14:12:56.494,2026-06-15 08:33:18.580,0.0,0.0,0,mc4,demo1
2026-06-16 14:12:56.739,2026-06-15 08:28:19.038,1.0,1.0,,mc1,demo1
2026-06-16 14:12:56.535,2026-06-15 08:28:19.038,0.0,0.0,0,mc3,demo1
2026-06-16 14:12:56.558,2026-06-15 08:28:19.038,0.0,0.0,0,mc4,demo1
2026-06-16 14:12:56.583,2026-06-15 08:28:19.038,1.0,1.0,,mc2,demo1
2026-06-16 14:12:56.608,2026-06-15 08:28:19.038,1.0,1.0,,mc6,demo1
2026-06-16 14:12:56.766,2026-06-15 08:28:19.038,1.0,1.0,,mc5,demo1
2026-06-16 14:12:57.125,2026-06-15 08:23:18.765,1.0,1.0,,mc6,demo1
2026-06-16 14:12:56.806,2026-06-15 08:23:18.765,1.0,1.0,,mc5,demo1
2026-06-16 14:12:56.861,2026-06-15 08:23:18.765,0.0,0.0,0,mc4,demo1
2026-06-16 14:12:57.005,2026-06-15 08:23:18.765,0.0,0.0,0,mc3,demo1
2026-06-16 14:12:57.048,2026-06-15 08:23:18.765,1.0,1.0,,mc1,demo1
2026-06-16 14:12:57.090,2026-06-15 08:23:18.765,1.0,1.0,,mc2,demo1
2026-06-16 14:12:57.323,2026-06-15 08:18:19.771,1.0,1.0,,mc2,demo1
2026-06-16 14:12:57.167,2026-06-15 08:18:19.771,1.0,1.0,,mc5,demo1
2026-06-16 14:12:57.190,2026-06-15 08:18:19.771,1.0,1.0,,mc6,demo1
2026-06-16 14:12:57.241,2026-06-15 08:18:19.771,0.0,0.0,0,mc3,demo1
2026-06-16 14:12:57.264,2026-06-15 08:18:19.771,1.0,1.0,,mc1,demo1
2026-06-16 14:12:57.291,2026-06-15 08:18:19.771,0.0,0.0,0,mc4,demo1
2026-06-16 14:12:57.527,2026-06-15 08:13:19.167,0.0,0.0,0,mc1,demo1
2026-06-16 14:12:57.377,2026-06-15 08:13:19.167,0.0,0.0,0,mc6,demo1
2026-06-16 14:12:57.441,2026-06-15 08:13:19.167,0.0,0.0,0,mc3,demo1
2026-06-16 14:12:57.465,2026-06-15 08:13:19.167,0.0,0.0,0,mc5,demo1
2026-06-16 14:12:57.491,2026-06-15 08:13:19.167,0.0,0.0,0,mc2,demo1
2026-06-16 14:12:57.566,2026-06-15 08:13:19.167,0.0,0.0,0,mc4,demo1
2026-06-16 14:12:57.734,2026-06-15 08:08:18.698,0.0,0.0,0,mc1,demo1
2026-06-16 14:12:57.590,2026-06-15 08:08:18.698,0.0,0.0,0,mc4,demo1
2026-06-16 14:12:57.665,2026-06-15 08:08:18.698,0.0,0.0,0,mc6,demo1
2026-06-16 14:12:57.683,2026-06-15 08:08:18.698,0.0,0.0,0,mc3,demo1
2026-06-16 14:12:57.700,2026-06-15 08:08:18.698,0.0,0.0,0,mc2,demo1
2026-06-16 14:12:57.777,2026-06-15 08:08:18.698,0.0,0.0,0,mc5,demo1
2026-06-16 14:12:58.009,2026-06-15 08:03:18.648,0.0,0.0,0,mc5,demo1
2026-06-16 14:12:57.820,2026-06-15 08:03:18.648,0.0,0.0,0,mc6,demo1
2026-06-16 14:12:57.855,2026-06-15 08:03:18.648,0.0,0.0,0,mc1,demo1
2026-06-16 14:12:57.884,2026-06-15 08:03:18.648,0.0,0.0,0,mc4,demo1
2026-06-16 14:12:57.953,2026-06-15 08:03:18.648,0.0,0.0,0,mc3,demo1
2026-06-16 14:12:58.033,2026-06-15 08:03:18.648,0.0,0.0,0,mc2,demo1
2026-06-16 14:12:58.168,2026-06-15 07:58:18.539,0.0,0.0,0,mc4,demo1
2026-06-16 14:12:58.056,2026-06-15 07:58:18.539,0.0,0.0,0,mc1,demo1
2026-06-16 14:12:58.093,2026-06-15 07:58:18.539,0.0,0.0,0,mc5,demo1
2026-06-16 14:12:58.223,2026-06-15 07:58:18.539,0.0,0.0,0,mc6,demo1
2026-06-16 14:12:58.109,2026-06-15 07:58:18.539,0.0,0.0,0,mc2,demo1
2026-06-16 14:12:58.198,2026-06-15 07:58:18.539,0.0,0.0,0,mc3,demo1
2026-06-16 14:12:58.352,2026-06-15 07:53:18.698,0.0,0.0,0,mc6,demo1
2026-06-16 14:12:58.426,2026-06-15 07:53:18.698,0.0,0.0,0,mc4,demo1
2026-06-16 14:12:58.389,2026-06-15 07:53:18.698,0.0,0.0,0,mc2,demo1
2026-06-16 14:12:58.317,2026-06-15 07:53:18.698,0.0,0.0,0,mc3,demo1
2026-06-16 14:12:58.292,2026-06-15 07:53:18.698,0.0,0.0,0,mc5,demo1
2026-06-16 14:12:58.261,2026-06-15 07:53:18.698,0.0,0.0,0,mc1,demo1
2026-06-16 14:12:58.673,2026-06-15 07:48:19.544,0.0,0.0,0,mc2,demo1
2026-06-16 14:12:58.450,2026-06-15 07:48:19.544,0.0,0.0,0,mc4,demo1
2026-06-16 14:12:58.475,2026-06-15 07:48:19.544,0.0,0.0,0,mc6,demo1
2026-06-16 14:12:58.579,2026-06-15 07:48:19.544,0.0,0.0,0,mc1,demo1
2026-06-16 14:12:58.606,2026-06-15 07:48:19.544,0.0,0.0,0,mc3,demo1
2026-06-16 14:12:58.633,2026-06-15 07:48:19.544,0.0,0.0,0,mc5,demo1
2026-06-16 14:12:58.816,2026-06-15 07:43:18.906,0.0,0.0,0,mc5,demo1
2026-06-16 14:12:58.691,2026-06-15 07:43:18.906,0.0,0.0,0,mc6,demo1
2026-06-16 14:12:58.720,2026-06-15 07:43:18.906,0.0,0.0,0,mc3,demo1
2026-06-16 14:12:58.756,2026-06-15 07:43:18.906,0.0,0.0,0,mc4,demo1
2026-06-16 14:12:58.788,2026-06-15 07:43:18.906,0.0,0.0,0,mc2,demo1
2026-06-16 14:12:58.843,2026-06-15 07:43:18.906,0.0,0.0,0,mc1,demo1
2026-06-16 14:12:59.033,2026-06-15 07:38:19.182,0.0,0.0,0,mc2,demo1
2026-06-16 14:12:58.876,2026-06-15 07:38:19.182,0.0,0.0,0,mc6,demo1
2026-06-16 14:12:58.912,2026-06-15 07:38:19.182,0.0,0.0,0,mc1,demo1
2026-06-16 14:12:58.948,2026-06-15 07:38:19.182,0.0,0.0,0,mc4,demo1
2026-06-16 14:12:58.983,2026-06-15 07:38:19.182,0.0,0.0,0,mc5,demo1
2026-06-16 14:12:59.050,2026-06-15 07:38:19.182,0.0,0.0,0,mc3,demo1
2026-06-16 14:12:59.231,2026-06-15 07:33:18.835,0.0,0.0,0,mc5,demo1
2026-06-16 14:12:59.067,2026-06-15 07:33:18.835,0.0,0.0,0,mc4,demo1
2026-06-16 14:12:59.115,2026-06-15 07:33:18.835,0.0,0.0,0,mc6,demo1
2026-06-16 14:12:59.142,2026-06-15 07:33:18.835,0.0,0.0,0,mc2,demo1
2026-06-16 14:12:59.166,2026-06-15 07:33:18.835,0.0,0.0,0,mc3,demo1
2026-06-16 14:12:59.253,2026-06-15 07:33:18.835,0.0,0.0,0,mc1,demo1
2026-06-16 14:12:59.535,2026-06-15 07:28:18.735,0.0,0.0,0,mc1,demo1
2026-06-16 14:12:59.266,2026-06-15 07:28:18.735,0.0,0.0,0,mc6,demo1
2026-06-16 14:12:59.291,2026-06-15 07:28:18.735,0.0,0.0,0,mc3,demo1
2026-06-16 14:12:59.352,2026-06-15 07:28:18.735,0.0,0.0,0,mc5,demo1
2026-06-16 14:12:59.480,2026-06-15 07:28:18.735,0.0,0.0,0,mc4,demo1
2026-06-16 14:12:59.508,2026-06-15 07:28:18.735,0.0,0.0,0,mc2,demo1
2026-06-16 14:12:59.683,2026-06-15 07:23:18.563,0.0,0.0,0,mc3,demo1
2026-06-16 14:12:59.573,2026-06-15 07:23:18.563,0.0,0.0,0,mc1,demo1
2026-06-16 14:12:59.591,2026-06-15 07:23:18.563,0.0,0.0,0,mc6,demo1
2026-06-16 14:12:59.608,2026-06-15 07:23:18.563,0.0,0.0,0,mc5,demo1
2026-06-16 14:12:59.641,2026-06-15 07:23:18.563,0.0,0.0,0,mc4,demo1
2026-06-16 14:12:59.666,2026-06-15 07:23:18.563,0.0,0.0,0,mc2,demo1
2026-06-16 14:12:59.859,2026-06-15 07:18:19.295,0.0,0.0,0,mc2,demo1
2026-06-16 14:12:59.723,2026-06-15 07:18:19.295,0.0,0.0,0,mc4,demo1
2026-06-16 14:12:59.758,2026-06-15 07:18:19.295,0.0,0.0,0,mc5,demo1
2026-06-16 14:12:59.783,2026-06-15 07:18:19.295,0.0,0.0,0,mc1,demo1
2026-06-16 14:12:59.815,2026-06-15 07:18:19.295,0.0,0.0,0,mc6,demo1
2026-06-16 14:12:59.874,2026-06-15 07:18:19.295,0.0,0.0,0,mc3,demo1
2026-06-16 14:13:00.167,2026-06-15 07:13:18.275,0.0,0.0,0,mc2,demo1
2026-06-16 14:12:59.953,2026-06-15 07:13:18.275,0.0,0.0,0,mc3,demo1
2026-06-16 14:12:59.985,2026-06-15 07:13:18.275,0.0,0.0,0,mc4,demo1
2026-06-16 14:13:00.016,2026-06-15 07:13:18.275,0.0,0.0,0,mc6,demo1
2026-06-16 14:13:00.091,2026-06-15 07:13:18.275,0.0,0.0,0,mc5,demo1
2026-06-16 14:13:00.189,2026-06-15 07:13:18.275,0.0,0.0,0,mc1,demo1
2026-06-16 14:13:00.348,2026-06-15 07:08:19.521,0.0,0.0,0,mc1,demo1
2026-06-16 14:13:00.214,2026-06-15 07:08:19.521,0.0,0.0,0,mc2,demo1
2026-06-16 14:13:00.239,2026-06-15 07:08:19.521,0.0,0.0,0,mc4,demo1
2026-06-16 14:13:00.277,2026-06-15 07:08:19.521,0.0,0.0,0,mc5,demo1
2026-06-16 14:13:00.307,2026-06-15 07:08:19.521,0.0,0.0,0,mc3,demo1
2026-06-16 14:13:00.383,2026-06-15 07:08:19.521,0.0,0.0,0,mc6,demo1
2026-06-16 14:13:00.672,2026-06-15 07:03:18.705,0.0,0.0,0,mc6,demo1
2026-06-16 14:13:00.432,2026-06-15 07:03:18.705,0.0,0.0,0,mc3,demo1
2026-06-16 14:13:00.548,2026-06-15 07:03:18.705,0.0,0.0,0,mc4,demo1
2026-06-16 14:13:00.584,2026-06-15 07:03:18.705,0.0,0.0,0,mc5,demo1
2026-06-16 14:13:00.606,2026-06-15 07:03:18.705,0.0,0.0,0,mc1,demo1
2026-06-16 14:13:00.739,2026-06-15 07:03:18.705,0.0,0.0,0,mc2,demo1
2026-06-16 14:13:01.149,2026-06-15 06:58:18.858,0.0,0.0,0,mc3,demo1
2026-06-16 14:13:00.864,2026-06-15 06:58:18.858,0.0,0.0,0,mc5,demo1
2026-06-16 14:13:01.059,2026-06-15 06:58:18.858,0.0,0.0,0,mc1,demo1
2026-06-16 14:13:01.252,2026-06-15 06:58:18.858,0.0,0.0,0,mc4,demo1
2026-06-16 14:13:01.301,2026-06-15 06:58:18.858,0.0,0.0,0,mc2,demo1
2026-06-16 14:13:01.450,2026-06-15 06:58:18.858,0.0,0.0,0,mc6,demo1
2026-06-16 14:13:01.655,2026-06-15 06:53:18.665,0.0,0.0,0,mc5,demo1
2026-06-16 14:13:01.495,2026-06-15 06:53:18.665,0.0,0.0,0,mc1,demo1
2026-06-16 14:13:01.540,2026-06-15 06:53:18.665,0.0,0.0,0,mc3,demo1
2026-06-16 14:13:01.558,2026-06-15 06:53:18.665,0.0,0.0,0,mc2,demo1
2026-06-16 14:13:01.583,2026-06-15 06:53:18.665,0.0,0.0,0,mc4,demo1
2026-06-16 14:13:01.615,2026-06-15 06:53:18.665,0.0,0.0,0,mc6,demo1
2026-06-16 14:13:01.876,2026-06-15 06:48:19.186,0.0,0.0,0,mc1,demo1
2026-06-16 14:13:01.675,2026-06-15 06:48:19.186,0.0,0.0,0,mc3,demo1
2026-06-16 14:13:01.699,2026-06-15 06:48:19.186,0.0,0.0,0,mc4,demo1
2026-06-16 14:13:01.725,2026-06-15 06:48:19.186,0.0,0.0,0,mc6,demo1
2026-06-16 14:13:01.855,2026-06-15 06:48:19.186,0.0,0.0,0,mc5,demo1
2026-06-16 14:13:01.892,2026-06-15 06:48:19.186,0.0,0.0,0,mc2,demo1
2026-06-16 14:13:02.152,2026-06-15 06:43:19.383,0.0,0.0,0,mc3,demo1
2026-06-16 14:13:01.948,2026-06-15 06:43:19.383,0.0,0.0,0,mc1,demo1
2026-06-16 14:13:02.285,2026-06-15 06:43:19.383,0.0,0.0,0,mc6,demo1
2026-06-16 14:13:02.341,2026-06-15 06:43:19.383,0.0,0.0,0,mc4,demo1
2026-06-16 14:13:02.261,2026-06-15 06:43:19.383,0.0,0.0,0,mc5,demo1
2026-06-16 14:13:02.319,2026-06-15 06:43:19.383,0.0,0.0,0,mc2,demo1
2026-06-16 14:13:02.482,2026-06-15 06:38:19.175,0.0,0.0,0,mc6,demo1
2026-06-16 14:13:02.523,2026-06-15 06:38:19.175,0.0,0.0,0,mc3,demo1
2026-06-16 14:13:02.500,2026-06-15 06:38:19.175,0.0,0.0,0,mc2,demo1
2026-06-16 14:13:02.459,2026-06-15 06:38:19.175,0.0,0.0,0,mc4,demo1
2026-06-16 14:13:02.392,2026-06-15 06:38:19.175,0.0,0.0,0,mc5,demo1
2026-06-16 14:13:02.375,2026-06-15 06:38:19.175,0.0,0.0,0,mc1,demo1
2026-06-16 14:13:02.575,2026-06-15 06:33:18.705,0.0,0.0,0,mc3,demo1
2026-06-16 14:13:02.561,2026-06-15 06:33:18.705,0.0,0.0,0,mc1,demo1
2026-06-16 14:13:02.673,2026-06-15 06:33:18.705,0.0,0.0,0,mc2,demo1
2026-06-16 14:13:02.648,2026-06-15 06:33:18.705,0.0,0.0,0,mc5,demo1
2026-06-16 14:13:02.617,2026-06-15 06:33:18.705,0.0,0.0,0,mc4,demo1
2026-06-16 14:13:02.593,2026-06-15 06:33:18.705,0.0,0.0,0,mc6,demo1
2026-06-16 14:13:02.733,2026-06-15 06:28:18.829,0.0,0.0,0,mc6,demo1
2026-06-16 14:13:02.698,2026-06-15 06:28:18.829,0.0,0.0,0,mc5,demo1
2026-06-16 14:13:02.857,2026-06-15 06:28:18.829,0.0,0.0,0,mc2,demo1
2026-06-16 14:13:02.815,2026-06-15 06:28:18.829,0.0,0.0,0,mc1,demo1
2026-06-16 14:13:02.790,2026-06-15 06:28:18.829,0.0,0.0,0,mc4,demo1
2026-06-16 14:13:02.765,2026-06-15 06:28:18.829,0.0,0.0,0,mc3,demo1
2026-06-16 14:13:02.935,2026-06-15 06:23:18.458,0.0,0.0,0,mc5,demo1
2026-06-16 14:13:02.893,2026-06-15 06:23:18.458,0.0,0.0,0,mc2,demo1
2026-06-16 14:13:03.063,2026-06-15 06:23:18.458,0.0,0.0,0,mc4,demo1
2026-06-16 14:13:03.016,2026-06-15 06:23:18.458,0.0,0.0,0,mc3,demo1
2026-06-16 14:13:02.998,2026-06-15 06:23:18.458,0.0,0.0,0,mc1,demo1
2026-06-16 14:13:02.970,2026-06-15 06:23:18.458,0.0,0.0,0,mc6,demo1
2026-06-16 14:13:03.175,2026-06-15 06:18:18.852,0.0,0.0,0,mc2,demo1
2026-06-16 14:13:03.100,2026-06-15 06:18:18.852,0.0,0.0,0,mc4,demo1
2026-06-16 14:13:03.250,2026-06-15 06:18:18.852,0.0,0.0,0,mc3,demo1
2026-06-16 14:13:03.225,2026-06-15 06:18:18.852,0.0,0.0,0,mc6,demo1
2026-06-16 14:13:03.200,2026-06-15 06:18:18.852,0.0,0.0,0,mc5,demo1
2026-06-16 14:13:03.132,2026-06-15 06:18:18.852,0.0,0.0,0,mc1,demo1
2026-06-16 14:13:03.358,2026-06-15 06:13:18.528,0.0,0.0,0,mc1,demo1
2026-06-16 14:13:03.303,2026-06-15 06:13:18.528,0.0,0.0,0,mc4,demo1
2026-06-16 14:13:03.458,2026-06-15 06:13:18.528,0.0,0.0,0,mc2,demo1
2026-06-16 14:13:03.437,2026-06-15 06:13:18.528,0.0,0.0,0,mc3,demo1
2026-06-16 14:13:03.383,2026-06-15 06:13:18.528,0.0,0.0,0,mc6,demo1
2026-06-16 14:13:03.331,2026-06-15 06:13:18.528,0.0,0.0,0,mc5,demo1
2026-06-16 14:13:03.671,2026-06-15 06:08:18.952,0.0,0.0,0,mc5,demo1
2026-06-16 14:13:03.487,2026-06-15 06:08:18.952,0.0,0.0,0,mc2,demo1
2026-06-16 14:13:03.533,2026-06-15 06:08:18.952,0.0,0.0,0,mc6,demo1
2026-06-16 14:13:03.578,2026-06-15 06:08:18.952,0.0,0.0,0,mc1,demo1
2026-06-16 14:13:03.517,2026-06-15 06:08:18.952,0.0,0.0,0,mc3,demo1
2026-06-16 14:13:03.615,2026-06-15 06:08:18.952,0.0,0.0,0,mc4,demo1
2026-06-16 14:13:03.850,2026-06-15 06:03:19.194,0.0,0.0,0,mc6,demo1
2026-06-16 14:13:03.726,2026-06-15 06:03:19.194,0.0,0.0,0,mc4,demo1
2026-06-16 14:13:03.750,2026-06-15 06:03:19.194,0.0,0.0,0,mc2,demo1
2026-06-16 14:13:03.790,2026-06-15 06:03:19.194,0.0,0.0,0,mc3,demo1
2026-06-16 14:13:03.830,2026-06-15 06:03:19.194,0.0,0.0,0,mc5,demo1
2026-06-16 14:13:03.875,2026-06-15 06:03:19.194,0.0,0.0,0,mc1,demo1
2026-06-16 14:13:03.936,2026-06-15 05:58:18.887,0.0,0.0,0,mc6,demo1
2026-06-16 14:13:04.048,2026-06-15 05:58:18.887,0.0,0.0,0,mc4,demo1
2026-06-16 14:13:04.102,2026-06-15 05:58:18.887,0.0,0.0,0,mc1,demo1
2026-06-16 14:13:04.126,2026-06-15 05:58:18.887,0.0,0.0,0,mc2,demo1
2026-06-16 14:13:04.016,2026-06-15 05:58:18.887,0.0,0.0,0,mc3,demo1
2026-06-16 14:13:03.995,2026-06-15 05:58:18.887,0.0,0.0,0,mc5,demo1
2026-06-16 14:13:04.270,2026-06-15 05:53:19.041,0.0,0.0,0,mc2,demo1
2026-06-16 14:13:04.156,2026-06-15 05:53:19.041,0.0,0.0,0,mc6,demo1
2026-06-16 14:13:04.183,2026-06-15 05:53:19.041,0.0,0.0,0,mc1,demo1
2026-06-16 14:13:04.223,2026-06-15 05:53:19.041,0.0,0.0,0,mc3,demo1
2026-06-16 14:13:04.292,2026-06-15 05:53:19.041,0.0,0.0,0,mc4,demo1
2026-06-16 14:13:04.331,2026-06-15 05:53:19.041,0.0,0.0,0,mc5,demo1
2026-06-16 14:13:04.358,2026-06-15 05:48:18.952,0.0,0.0,0,mc2,demo1
2026-06-16 14:13:04.375,2026-06-15 05:48:18.952,0.0,0.0,0,mc4,demo1
2026-06-16 14:13:04.424,2026-06-15 05:48:18.952,0.0,0.0,0,mc1,demo1
2026-06-16 14:13:04.455,2026-06-15 05:48:18.952,0.0,0.0,0,mc5,demo1
2026-06-16 14:13:04.489,2026-06-15 05:48:18.952,0.0,0.0,0,mc3,demo1
2026-06-16 14:13:04.518,2026-06-15 05:48:18.952,0.0,0.0,0,mc6,demo1
2026-06-16 14:13:04.554,2026-06-15 05:43:18.743,0.0,0.0,0,mc5,demo1
2026-06-16 14:13:04.584,2026-06-15 05:43:18.743,0.0,0.0,0,mc3,demo1
2026-06-16 14:13:04.610,2026-06-15 05:43:18.743,0.0,0.0,0,mc2,demo1
2026-06-16 14:13:04.631,2026-06-15 05:43:18.743,0.0,0.0,0,mc4,demo1
2026-06-16 14:13:04.656,2026-06-15 05:43:18.743,0.0,0.0,0,mc6,demo1
2026-06-16 14:13:04.685,2026-06-15 05:43:18.743,0.0,0.0,0,mc1,demo1
2026-06-16 14:13:04.723,2026-06-15 05:38:19.205,0.0,0.0,0,mc6,demo1
2026-06-16 14:13:04.748,2026-06-15 05:38:19.205,0.0,0.0,0,mc5,demo1
2026-06-16 14:13:04.773,2026-06-15 05:38:19.205,0.0,0.0,0,mc3,demo1
2026-06-16 14:13:04.801,2026-06-15 05:38:19.205,0.0,0.0,0,mc4,demo1
2026-06-16 14:13:04.839,2026-06-15 05:38:19.205,0.0,0.0,0,mc2,demo1
2026-06-16 14:13:04.865,2026-06-15 05:38:19.205,0.0,0.0,0,mc1,demo1
2026-06-16 14:13:04.890,2026-06-15 05:33:18.372,0.0,0.0,0,mc4,demo1
2026-06-16 14:13:04.977,2026-06-15 05:33:18.372,0.0,0.0,0,mc3,demo1
2026-06-16 14:13:04.998,2026-06-15 05:33:18.372,0.0,0.0,0,mc5,demo1
2026-06-16 14:13:05.063,2026-06-15 05:33:18.372,0.0,0.0,0,mc2,demo1
2026-06-16 14:13:05.091,2026-06-15 05:33:18.372,0.0,0.0,0,mc1,demo1
2026-06-16 14:13:05.154,2026-06-15 05:33:18.372,0.0,0.0,0,mc6,demo1
2026-06-16 14:13:05.266,2026-06-15 05:28:18.892,0.0,0.0,0,mc5,demo1
2026-06-16 14:13:05.194,2026-06-15 05:28:18.892,0.0,0.0,0,mc4,demo1
2026-06-16 14:13:05.225,2026-06-15 05:28:18.892,0.0,0.0,0,mc6,demo1
2026-06-16 14:13:05.250,2026-06-15 05:28:18.892,0.0,0.0,0,mc2,demo1
2026-06-16 14:13:05.295,2026-06-15 05:28:18.892,0.0,0.0,0,mc1,demo1
2026-06-16 14:13:05.316,2026-06-15 05:28:18.892,0.0,0.0,0,mc3,demo1
2026-06-16 14:13:05.370,2026-06-15 05:23:19.159,0.0,0.0,0,mc6,demo1
2026-06-16 14:13:05.434,2026-06-15 05:23:19.159,0.0,0.0,0,mc5,demo1
2026-06-16 14:13:05.459,2026-06-15 05:23:19.159,0.0,0.0,0,mc3,demo1
2026-06-16 14:13:05.483,2026-06-15 05:23:19.159,0.0,0.0,0,mc4,demo1
2026-06-16 14:13:05.512,2026-06-15 05:23:19.159,0.0,0.0,0,mc2,demo1
2026-06-16 14:13:05.598,2026-06-15 05:23:19.159,0.0,0.0,0,mc1,demo1
2026-06-16 14:13:05.792,2026-06-15 05:18:18.817,0.0,0.0,0,mc6,demo1
2026-06-16 14:13:05.882,2026-06-15 05:18:18.817,0.0,0.0,0,mc4,demo1
2026-06-16 14:13:05.930,2026-06-15 05:18:18.817,0.0,0.0,0,mc3,demo1
2026-06-16 14:13:05.958,2026-06-15 05:18:18.817,0.0,0.0,0,mc1,demo1
2026-06-16 14:13:05.983,2026-06-15 05:18:18.817,0.0,0.0,0,mc5,demo1
2026-06-16 14:13:06.008,2026-06-15 05:18:18.817,0.0,0.0,0,mc2,demo1
2026-06-16 14:13:06.042,2026-06-15 05:13:18.458,0.0,0.0,0,mc6,demo1
2026-06-16 14:13:06.089,2026-06-15 05:13:18.458,0.0,0.0,0,mc4,demo1
2026-06-16 14:13:06.108,2026-06-15 05:13:18.458,0.0,0.0,0,mc1,demo1
2026-06-16 14:13:06.133,2026-06-15 05:13:18.458,0.0,0.0,0,mc5,demo1
2026-06-16 14:13:06.168,2026-06-15 05:13:18.458,0.0,0.0,0,mc2,demo1
2026-06-16 14:13:06.199,2026-06-15 05:13:18.458,0.0,0.0,0,mc3,demo1
2026-06-16 14:13:06.216,2026-06-15 05:08:19.222,0.0,0.0,0,mc3,demo1
2026-06-16 14:13:06.283,2026-06-15 05:08:19.222,0.0,0.0,0,mc4,demo1
2026-06-16 14:13:06.308,2026-06-15 05:08:19.222,0.0,0.0,0,mc2,demo1
2026-06-16 14:13:06.338,2026-06-15 05:08:19.222,0.0,0.0,0,mc1,demo1
2026-06-16 14:13:06.385,2026-06-15 05:08:19.222,0.0,0.0,0,mc5,demo1
2026-06-16 14:13:06.434,2026-06-15 05:08:19.222,0.0,0.0,0,mc6,demo1
2026-06-16 14:13:06.491,2026-06-15 05:03:18.629,0.0,0.0,0,mc4,demo1
2026-06-16 14:13:06.518,2026-06-15 05:03:18.629,0.0,0.0,0,mc6,demo1
2026-06-16 14:13:06.539,2026-06-15 05:03:18.629,0.0,0.0,0,mc3,demo1
2026-06-16 14:13:06.558,2026-06-15 05:03:18.629,0.0,0.0,0,mc2,demo1
2026-06-16 14:13:06.586,2026-06-15 05:03:18.629,0.0,0.0,0,mc5,demo1
2026-06-16 14:13:06.615,2026-06-15 05:03:18.629,0.0,0.0,0,mc1,demo1
2026-06-16 14:13:06.633,2026-06-15 04:58:18.232,0.0,0.0,0,mc4,demo1
2026-06-16 14:13:06.657,2026-06-15 04:58:18.232,0.0,0.0,0,mc1,demo1
2026-06-16 14:13:06.683,2026-06-15 04:58:18.232,0.0,0.0,0,mc3,demo1
2026-06-16 14:13:06.714,2026-06-15 04:58:18.232,0.0,0.0,0,mc2,demo1
2026-06-16 14:13:06.733,2026-06-15 04:58:18.232,0.0,0.0,0,mc5,demo1
2026-06-16 14:13:06.760,2026-06-15 04:58:18.232,0.0,0.0,0,mc6,demo1
2026-06-16 14:13:06.883,2026-06-15 04:53:19.029,0.0,0.0,0,mc5,demo1
2026-06-16 14:13:07.011,2026-06-15 04:53:19.029,0.0,0.0,0,mc1,demo1
2026-06-16 14:13:06.964,2026-06-15 04:53:19.029,0.0,0.0,0,mc4,demo1
2026-06-16 14:13:06.861,2026-06-15 04:53:19.029,0.0,0.0,0,mc3,demo1
2026-06-16 14:13:06.834,2026-06-15 04:53:19.029,0.0,0.0,0,mc2,demo1
2026-06-16 14:13:06.792,2026-06-15 04:53:19.029,0.0,0.0,0,mc6,demo1
2026-06-16 14:13:07.067,2026-06-15 04:48:18.830,0.0,0.0,0,mc4,demo1
2026-06-16 14:13:07.108,2026-06-15 04:48:18.830,0.0,0.0,0,mc5,demo1
2026-06-16 14:13:07.141,2026-06-15 04:48:18.830,0.0,0.0,0,mc6,demo1
2026-06-16 14:13:07.039,2026-06-15 04:48:18.830,0.0,0.0,0,mc3,demo1
2026-06-16 14:13:07.168,2026-06-15 04:48:18.830,0.0,0.0,0,mc1,demo1
2026-06-16 14:13:07.193,2026-06-15 04:48:18.830,0.0,0.0,0,mc2,demo1
2026-06-16 14:13:07.226,2026-06-15 04:43:18.973,0.0,0.0,0,mc3,demo1
2026-06-16 14:13:07.253,2026-06-15 04:43:18.973,0.0,0.0,0,mc1,demo1
2026-06-16 14:13:07.288,2026-06-15 04:43:18.973,0.0,0.0,0,mc2,demo1
2026-06-16 14:13:07.325,2026-06-15 04:43:18.973,0.0,0.0,0,mc6,demo1
2026-06-16 14:13:07.357,2026-06-15 04:43:18.973,0.0,0.0,0,mc5,demo1
2026-06-16 14:13:07.395,2026-06-15 04:43:18.973,0.0,0.0,0,mc4,demo1
2026-06-16 14:13:07.434,2026-06-15 04:38:18.968,0.0,0.0,0,mc6,demo1
2026-06-16 14:13:07.476,2026-06-15 04:38:18.968,0.0,0.0,0,mc4,demo1
2026-06-16 14:13:07.499,2026-06-15 04:38:18.968,0.0,0.0,0,mc3,demo1
2026-06-16 14:13:07.525,2026-06-15 04:38:18.968,0.0,0.0,0,mc2,demo1
2026-06-16 14:13:07.550,2026-06-15 04:38:18.968,0.0,0.0,0,mc1,demo1
2026-06-16 14:13:07.568,2026-06-15 04:38:18.968,0.0,0.0,0,mc5,demo1
2026-06-16 14:13:07.809,2026-06-15 04:33:18.319,0.0,0.0,0,mc1,demo1
2026-06-16 14:13:07.840,2026-06-15 04:33:18.319,0.0,0.0,0,mc4,demo1
2026-06-16 14:13:07.867,2026-06-15 04:33:18.319,0.0,0.0,0,mc5,demo1
2026-06-16 14:13:07.893,2026-06-15 04:33:18.319,0.0,0.0,0,mc6,demo1
2026-06-16 14:13:07.935,2026-06-15 04:33:18.319,0.0,0.0,0,mc3,demo1
2026-06-16 14:13:07.962,2026-06-15 04:33:18.319,0.0,0.0,0,mc2,demo1
2026-06-16 14:13:07.993,2026-06-15 04:28:18.569,0.0,0.0,0,mc3,demo1
2026-06-16 14:13:08.019,2026-06-15 04:28:18.569,0.0,0.0,0,mc6,demo1
2026-06-16 14:13:08.056,2026-06-15 04:28:18.569,0.0,0.0,0,mc2,demo1
2026-06-16 14:13:08.091,2026-06-15 04:28:18.569,0.0,0.0,0,mc1,demo1
2026-06-16 14:13:08.111,2026-06-15 04:28:18.569,0.0,0.0,0,mc5,demo1
2026-06-16 14:13:08.157,2026-06-15 04:28:18.569,0.0,0.0,0,mc4,demo1
2026-06-16 14:13:08.197,2026-06-15 04:23:19.291,0.0,0.0,0,mc3,demo1
2026-06-16 14:13:08.228,2026-06-15 04:23:19.291,0.0,0.0,0,mc1,demo1
2026-06-16 14:13:08.259,2026-06-15 04:23:19.291,0.0,0.0,0,mc2,demo1
2026-06-16 14:13:08.286,2026-06-15 04:23:19.291,0.0,0.0,0,mc4,demo1
2026-06-16 14:13:08.319,2026-06-15 04:23:19.291,0.0,0.0,0,mc6,demo1
2026-06-16 14:13:08.358,2026-06-15 04:23:19.291,0.0,0.0,0,mc5,demo1
2026-06-16 14:13:08.519,2026-06-15 04:18:18.647,0.0,0.0,0,mc4,demo1
2026-06-16 14:13:08.399,2026-06-15 04:18:18.647,0.0,0.0,0,mc1,demo1
2026-06-16 14:13:08.438,2026-06-15 04:18:18.647,0.0,0.0,0,mc5,demo1
2026-06-16 14:13:08.465,2026-06-15 04:18:18.647,0.0,0.0,0,mc6,demo1
2026-06-16 14:13:08.572,2026-06-15 04:18:18.647,0.0,0.0,0,mc3,demo1
2026-06-16 14:13:08.716,2026-06-15 04:18:18.647,0.0,0.0,0,mc2,demo1
2026-06-16 14:13:09.001,2026-06-15 04:13:18.740,0.0,0.0,0,mc5,demo1
2026-06-16 14:13:09.038,2026-06-15 04:13:18.740,0.0,0.0,0,mc2,demo1
2026-06-16 14:13:09.061,2026-06-15 04:13:18.740,0.0,0.0,0,mc1,demo1
2026-06-16 14:13:09.087,2026-06-15 04:13:18.740,0.0,0.0,0,mc4,demo1
2026-06-16 14:13:09.115,2026-06-15 04:13:18.740,0.0,0.0,0,mc3,demo1
2026-06-16 14:13:09.143,2026-06-15 04:13:18.740,0.0,0.0,0,mc6,demo1
2026-06-16 14:13:09.201,2026-06-15 04:08:19.003,0.0,0.0,0,mc1,demo1
2026-06-16 14:13:09.228,2026-06-15 04:08:19.003,0.0,0.0,0,mc6,demo1
2026-06-16 14:13:09.262,2026-06-15 04:08:19.003,0.0,0.0,0,mc2,demo1
2026-06-16 14:13:09.300,2026-06-15 04:08:19.003,0.0,0.0,0,mc3,demo1
2026-06-16 14:13:09.326,2026-06-15 04:08:19.003,0.0,0.0,0,mc5,demo1
2026-06-16 14:13:09.353,2026-06-15 04:08:19.003,0.0,0.0,0,mc4,demo1
2026-06-16 14:13:09.379,2026-06-15 04:03:18.107,0.0,0.0,0,mc3,demo1
2026-06-16 14:13:09.539,2026-06-15 04:03:18.107,0.0,0.0,0,mc1,demo1
2026-06-16 14:13:09.564,2026-06-15 04:03:18.107,0.0,0.0,0,mc4,demo1
2026-06-16 14:13:09.589,2026-06-15 04:03:18.107,0.0,0.0,0,mc5,demo1
2026-06-16 14:13:09.660,2026-06-15 04:03:18.107,0.0,0.0,0,mc6,demo1
2026-06-16 14:13:09.685,2026-06-15 04:03:18.107,0.0,0.0,0,mc2,demo1
2026-06-16 14:13:09.702,2026-06-15 03:58:18.820,0.0,0.0,0,mc3,demo1
2026-06-16 14:13:09.729,2026-06-15 03:58:18.820,0.0,0.0,0,mc4,demo1
2026-06-16 14:13:09.753,2026-06-15 03:58:18.820,0.0,0.0,0,mc5,demo1
2026-06-16 14:13:09.777,2026-06-15 03:58:18.820,0.0,0.0,0,mc6,demo1
2026-06-16 14:13:09.793,2026-06-15 03:58:18.820,0.0,0.0,0,mc2,demo1
2026-06-16 14:13:09.814,2026-06-15 03:58:18.820,0.0,0.0,0,mc1,demo1
2026-06-16 14:13:09.835,2026-06-15 03:53:18.543,0.0,0.0,0,mc3,demo1
2026-06-16 14:13:09.851,2026-06-15 03:53:18.543,0.0,0.0,0,mc5,demo1
2026-06-16 14:13:09.877,2026-06-15 03:53:18.543,0.0,0.0,0,mc2,demo1
2026-06-16 14:13:09.893,2026-06-15 03:53:18.543,0.0,0.0,0,mc6,demo1
2026-06-16 14:13:09.938,2026-06-15 03:53:18.543,0.0,0.0,0,mc1,demo1
2026-06-16 14:13:09.952,2026-06-15 03:53:18.543,0.0,0.0,0,mc4,demo1
2026-06-16 14:13:09.969,2026-06-15 03:48:18.918,0.0,0.0,0,mc6,demo1
2026-06-16 14:13:10.012,2026-06-15 03:48:18.918,0.0,0.0,0,mc4,demo1
2026-06-16 14:13:10.036,2026-06-15 03:48:18.918,0.0,0.0,0,mc3,demo1
2026-06-16 14:13:10.129,2026-06-15 03:48:18.918,0.0,0.0,0,mc1,demo1
2026-06-16 14:13:10.062,2026-06-15 03:48:18.918,0.0,0.0,0,mc5,demo1
2026-06-16 14:13:10.100,2026-06-15 03:48:18.918,0.0,0.0,0,mc2,demo1
2026-06-16 14:13:10.266,2026-06-15 03:43:19.032,0.0,0.0,0,mc6,demo1
2026-06-16 14:13:10.210,2026-06-15 03:43:19.032,0.0,0.0,0,mc3,demo1
2026-06-16 14:13:10.227,2026-06-15 03:43:19.032,0.0,0.0,0,mc5,demo1
2026-06-16 14:13:10.285,2026-06-15 03:43:19.032,0.0,0.0,0,mc2,demo1
2026-06-16 14:13:10.302,2026-06-15 03:43:19.032,0.0,0.0,0,mc1,demo1
2026-06-16 14:13:10.318,2026-06-15 03:43:19.032,0.0,0.0,0,mc4,demo1
2026-06-16 14:13:10.354,2026-06-15 03:38:18.893,0.0,0.0,0,mc3,demo1
2026-06-16 14:13:10.518,2026-06-15 03:38:18.893,0.0,0.0,0,mc6,demo1
2026-06-16 14:13:10.416,2026-06-15 03:38:18.893,0.0,0.0,0,mc5,demo1
2026-06-16 14:13:10.455,2026-06-15 03:38:18.893,0.0,0.0,0,mc2,demo1
2026-06-16 14:13:10.470,2026-06-15 03:38:18.893,0.0,0.0,0,mc1,demo1
2026-06-16 14:13:10.496,2026-06-15 03:38:18.893,0.0,0.0,0,mc4,demo1
2026-06-16 14:13:10.535,2026-06-15 03:33:18.897,0.0,0.0,0,mc1,demo1
2026-06-16 14:13:10.652,2026-06-15 03:33:18.897,0.0,0.0,0,mc3,demo1
2026-06-16 14:13:10.636,2026-06-15 03:33:18.897,0.0,0.0,0,mc2,demo1
2026-06-16 14:13:10.619,2026-06-15 03:33:18.897,0.0,0.0,0,mc5,demo1
2026-06-16 14:13:10.602,2026-06-15 03:33:18.897,0.0,0.0,0,mc4,demo1
2026-06-16 14:13:10.577,2026-06-15 03:33:18.897,0.0,0.0,0,mc6,demo1
2026-06-16 14:13:10.677,2026-06-15 03:28:18.585,0.0,0.0,0,mc1,demo1
2026-06-16 14:13:10.803,2026-06-15 03:28:18.585,0.0,0.0,0,mc5,demo1
2026-06-16 14:13:10.778,2026-06-15 03:28:18.585,0.0,0.0,0,mc3,demo1
2026-06-16 14:13:10.754,2026-06-15 03:28:18.585,0.0,0.0,0,mc6,demo1
2026-06-16 14:13:10.722,2026-06-15 03:28:18.585,0.0,0.0,0,mc4,demo1
2026-06-16 14:13:10.704,2026-06-15 03:28:18.585,0.0,0.0,0,mc2,demo1
2026-06-16 14:13:10.827,2026-06-15 03:23:18.484,0.0,0.0,0,mc4,demo1
2026-06-16 14:13:10.944,2026-06-15 03:23:18.484,0.0,0.0,0,mc1,demo1
2026-06-16 14:13:10.919,2026-06-15 03:23:18.484,0.0,0.0,0,mc3,demo1
2026-06-16 14:13:10.895,2026-06-15 03:23:18.484,0.0,0.0,0,mc5,demo1
2026-06-16 14:13:10.878,2026-06-15 03:23:18.484,0.0,0.0,0,mc2,demo1
2026-06-16 14:13:10.855,2026-06-15 03:23:18.484,0.0,0.0,0,mc6,demo1
2026-06-16 14:13:10.987,2026-06-15 03:18:19.393,0.0,0.0,0,mc2,demo1
2026-06-16 14:13:11.086,2026-06-15 03:18:19.393,0.0,0.0,0,mc6,demo1
2026-06-16 14:13:11.060,2026-06-15 03:18:19.393,0.0,0.0,0,mc3,demo1
2026-06-16 14:13:11.037,2026-06-15 03:18:19.393,0.0,0.0,0,mc5,demo1
2026-06-16 14:13:11.012,2026-06-15 03:18:19.393,0.0,0.0,0,mc4,demo1
2026-06-16 14:13:10.972,2026-06-15 03:18:19.393,0.0,0.0,0,mc1,demo1
2026-06-16 14:13:11.149,2026-06-15 03:13:18.790,0.0,0.0,0,mc5,demo1
2026-06-16 14:13:11.513,2026-06-15 03:13:18.790,0.0,0.0,0,mc4,demo1
2026-06-16 14:13:11.477,2026-06-15 03:13:18.790,0.0,0.0,0,mc2,demo1
2026-06-16 14:13:11.454,2026-06-15 03:13:18.790,0.0,0.0,0,mc6,demo1
2026-06-16 14:13:11.432,2026-06-15 03:13:18.790,0.0,0.0,0,mc1,demo1
2026-06-16 14:13:11.110,2026-06-15 03:13:18.790,0.0,0.0,0,mc3,demo1
2026-06-16 14:13:11.573,2026-06-15 03:08:19.688,0.0,0.0,0,mc2,demo1
2026-06-16 14:13:11.535,2026-06-15 03:08:19.688,0.0,0.0,0,mc3,demo1
2026-06-16 14:13:11.644,2026-06-15 03:08:19.688,0.0,0.0,0,mc4,demo1
2026-06-16 14:13:11.627,2026-06-15 03:08:19.688,0.0,0.0,0,mc5,demo1
2026-06-16 14:13:11.604,2026-06-15 03:08:19.688,0.0,0.0,0,mc1,demo1
2026-06-16 14:13:11.593,2026-06-15 03:08:19.688,0.0,0.0,0,mc6,demo1
2026-06-16 14:13:11.674,2026-06-15 03:03:18.834,0.0,0.0,0,mc4,demo1
2026-06-16 14:13:11.702,2026-06-15 03:03:18.834,0.0,0.0,0,mc6,demo1
2026-06-16 14:13:11.920,2026-06-15 03:03:18.834,0.0,0.0,0,mc5,demo1
2026-06-16 14:13:11.944,2026-06-15 03:03:18.834,0.0,0.0,0,mc3,demo1
2026-06-16 14:13:11.961,2026-06-15 03:03:18.834,0.0,0.0,0,mc2,demo1
2026-06-16 14:13:11.983,2026-06-15 03:03:18.834,0.0,0.0,0,mc1,demo1
2026-06-16 14:13:12.049,2026-06-15 02:58:18.679,0.0,0.0,0,mc6,demo1
2026-06-16 14:13:12.124,2026-06-15 02:58:18.679,0.0,0.0,0,mc4,demo1
2026-06-16 14:13:12.143,2026-06-15 02:58:18.679,0.0,0.0,0,mc1,demo1
2026-06-16 14:13:12.084,2026-06-15 02:58:18.679,0.0,0.0,0,mc5,demo1
2026-06-16 14:13:12.016,2026-06-15 02:58:18.679,0.0,0.0,0,mc2,demo1
2026-06-16 14:13:12.102,2026-06-15 02:58:18.679,0.0,0.0,0,mc3,demo1
2026-06-16 14:13:12.176,2026-06-15 02:53:18.754,0.0,0.0,0,mc4,demo1
2026-06-16 14:13:12.334,2026-06-15 02:53:18.754,0.0,0.0,0,mc6,demo1
2026-06-16 14:13:12.416,2026-06-15 02:53:18.754,0.0,0.0,0,mc2,demo1
2026-06-16 14:13:12.597,2026-06-15 02:53:18.754,0.0,0.0,0,mc1,demo1
2026-06-16 14:13:12.872,2026-06-15 02:53:18.754,0.0,0.0,0,mc5,demo1
2026-06-16 14:13:12.932,2026-06-15 02:53:18.754,0.0,0.0,0,mc3,demo1
2026-06-16 14:13:12.960,2026-06-15 02:48:18.247,0.0,0.0,0,mc1,demo1
2026-06-16 14:13:13.019,2026-06-15 02:48:18.247,0.0,0.0,0,mc3,demo1
2026-06-16 14:13:13.196,2026-06-15 02:48:18.247,0.0,0.0,0,mc4,demo1
2026-06-16 14:13:13.335,2026-06-15 02:48:18.247,0.0,0.0,0,mc6,demo1
2026-06-16 14:13:13.432,2026-06-15 02:48:18.247,0.0,0.0,0,mc5,demo1
2026-06-16 14:13:13.461,2026-06-15 02:48:18.247,0.0,0.0,0,mc2,demo1
2026-06-16 14:13:13.949,2026-06-15 02:43:18.618,0.0,0.0,0,mc1,demo1
2026-06-16 14:13:13.496,2026-06-15 02:43:18.618,0.0,0.0,0,mc6,demo1
2026-06-16 14:13:13.556,2026-06-15 02:43:18.618,0.0,0.0,0,mc3,demo1
2026-06-16 14:13:13.704,2026-06-15 02:43:18.618,0.0,0.0,0,mc4,demo1
2026-06-16 14:13:14.096,2026-06-15 02:43:18.618,0.0,0.0,0,mc2,demo1
2026-06-16 14:13:14.152,2026-06-15 02:43:18.618,0.0,0.0,0,mc5,demo1
2026-06-16 14:13:14.204,2026-06-15 02:38:19.109,0.0,0.0,0,mc1,demo1
2026-06-16 14:13:14.294,2026-06-15 02:38:19.109,0.0,0.0,0,mc5,demo1
2026-06-16 14:13:14.380,2026-06-15 02:38:19.109,0.0,0.0,0,mc6,demo1
2026-06-16 14:13:14.478,2026-06-15 02:38:19.109,0.0,0.0,0,mc2,demo1
2026-06-16 14:13:14.578,2026-06-15 02:38:19.109,0.0,0.0,0,mc4,demo1
2026-06-16 14:13:14.669,2026-06-15 02:38:19.109,0.0,0.0,0,mc3,demo1
2026-06-16 14:13:15.055,2026-06-15 02:33:18.878,0.0,0.0,0,mc3,demo1
2026-06-16 14:13:15.147,2026-06-15 02:33:18.878,0.0,0.0,0,mc2,demo1
2026-06-16 14:13:15.298,2026-06-15 02:33:18.878,0.0,0.0,0,mc1,demo1
2026-06-16 14:13:15.463,2026-06-15 02:33:18.878,0.0,0.0,0,mc6,demo1
2026-06-16 14:13:15.643,2026-06-15 02:33:18.878,0.0,0.0,0,mc5,demo1
2026-06-16 14:13:15.939,2026-06-15 02:33:18.878,0.0,0.0,0,mc4,demo1
2026-06-16 14:13:16.065,2026-06-15 02:28:18.562,0.0,0.0,0,mc1,demo1
2026-06-16 14:13:16.224,2026-06-15 02:28:18.562,0.0,0.0,0,mc4,demo1
2026-06-16 14:13:16.309,2026-06-15 02:28:18.562,0.0,0.0,0,mc6,demo1
2026-06-16 14:13:16.651,2026-06-15 02:28:18.562,0.0,0.0,0,mc3,demo1
2026-06-16 14:13:16.981,2026-06-15 02:28:18.562,0.0,0.0,0,mc5,demo1
2026-06-16 14:13:17.040,2026-06-15 02:28:18.562,0.0,0.0,0,mc2,demo1
2026-06-16 14:13:17.167,2026-06-15 02:23:18.842,0.0,0.0,0,mc4,demo1
2026-06-16 14:13:17.275,2026-06-15 02:23:18.842,0.0,0.0,0,mc3,demo1
2026-06-16 14:13:17.572,2026-06-15 02:23:18.842,0.0,0.0,0,mc1,demo1
2026-06-16 14:13:17.492,2026-06-15 02:23:18.842,0.0,0.0,0,mc2,demo1
2026-06-16 14:13:17.434,2026-06-15 02:23:18.842,0.0,0.0,0,mc5,demo1
2026-06-16 14:13:17.361,2026-06-15 02:23:18.842,0.0,0.0,0,mc6,demo1
2026-06-16 14:13:18.038,2026-06-15 02:18:18.417,0.0,0.0,0,mc5,demo1
2026-06-16 14:13:18.194,2026-06-15 02:18:18.417,0.0,0.0,0,mc1,demo1
2026-06-16 14:13:18.133,2026-06-15 02:18:18.417,0.0,0.0,0,mc2,demo1
2026-06-16 14:13:17.966,2026-06-15 02:18:18.417,0.0,0.0,0,mc6,demo1
2026-06-16 14:13:17.769,2026-06-15 02:18:18.417,0.0,0.0,0,mc3,demo1
2026-06-16 14:13:17.684,2026-06-15 02:18:18.417,0.0,0.0,0,mc4,demo1
2026-06-16 14:13:18.212,2026-06-15 02:13:18.696,0.0,0.0,0,mc3,demo1
2026-06-16 14:13:18.293,2026-06-15 02:13:18.696,0.0,0.0,0,mc1,demo1
2026-06-16 14:13:18.421,2026-06-15 02:13:18.696,0.0,0.0,0,mc4,demo1
2026-06-16 14:13:18.640,2026-06-15 02:13:18.696,0.0,0.0,0,mc5,demo1
2026-06-16 14:13:18.788,2026-06-15 02:13:18.696,0.0,0.0,0,mc2,demo1
2026-06-16 14:13:18.833,2026-06-15 02:13:18.696,0.0,0.0,0,mc6,demo1
2026-06-16 14:13:19.030,2026-06-15 02:08:18.970,0.0,0.0,0,mc2,demo1
2026-06-16 14:13:19.260,2026-06-15 02:08:18.970,0.0,0.0,0,mc5,demo1
2026-06-16 14:13:19.379,2026-06-15 02:08:18.970,0.0,0.0,0,mc4,demo1
2026-06-16 14:13:19.440,2026-06-15 02:08:18.970,0.0,0.0,0,mc3,demo1
2026-06-16 14:13:19.774,2026-06-15 02:08:18.970,0.0,0.0,0,mc6,demo1
2026-06-16 14:13:19.814,2026-06-15 02:08:18.970,0.0,0.0,0,mc1,demo1
2026-06-16 14:13:19.934,2026-06-15 02:03:19.485,0.0,0.0,0,mc2,demo1
2026-06-16 14:13:20.130,2026-06-15 02:03:19.485,0.0,0.0,0,mc5,demo1
2026-06-16 14:13:20.156,2026-06-15 02:03:19.485,0.0,0.0,0,mc4,demo1
2026-06-16 14:13:20.232,2026-06-15 02:03:19.485,0.0,0.0,0,mc3,demo1
2026-06-16 14:13:20.267,2026-06-15 02:03:19.485,0.0,0.0,0,mc6,demo1
2026-06-16 14:13:20.437,2026-06-15 02:03:19.485,0.0,0.0,0,mc1,demo1
2026-06-16 14:13:20.514,2026-06-15 01:58:18.932,0.0,0.0,0,mc5,demo1
2026-06-16 14:13:20.552,2026-06-15 01:58:18.932,0.0,0.0,0,mc3,demo1
2026-06-16 14:13:20.631,2026-06-15 01:58:18.932,0.0,0.0,0,mc2,demo1
2026-06-16 14:13:20.672,2026-06-15 01:58:18.932,0.0,0.0,0,mc1,demo1
2026-06-16 14:13:20.807,2026-06-15 01:58:18.932,0.0,0.0,0,mc4,demo1
2026-06-16 14:13:20.882,2026-06-15 01:58:18.932,0.0,0.0,0,mc6,demo1
2026-06-16 14:13:20.974,2026-06-15 01:53:18.690,0.0,0.0,0,mc1,demo1
2026-06-16 14:13:21.148,2026-06-15 01:53:18.690,0.0,0.0,0,mc4,demo1
2026-06-16 14:13:21.216,2026-06-15 01:53:18.690,0.0,0.0,0,mc2,demo1
2026-06-16 14:13:21.680,2026-06-15 01:53:18.690,0.0,0.0,0,mc5,demo1
2026-06-16 14:13:21.729,2026-06-15 01:53:18.690,0.0,0.0,0,mc6,demo1
2026-06-16 14:13:21.867,2026-06-15 01:53:18.690,0.0,0.0,0,mc3,demo1
2026-06-16 14:13:22.063,2026-06-15 01:48:18.801,0.0,0.0,0,mc5,demo1
2026-06-16 14:13:22.150,2026-06-15 01:48:18.801,0.0,0.0,0,mc1,demo1
2026-06-16 14:13:22.365,2026-06-15 01:48:18.801,0.0,0.0,0,mc3,demo1
2026-06-16 14:13:22.485,2026-06-15 01:48:18.801,0.0,0.0,0,mc2,demo1
2026-06-16 14:13:22.570,2026-06-15 01:48:18.801,0.0,0.0,0,mc4,demo1
2026-06-16 14:13:22.821,2026-06-15 01:48:18.801,0.0,0.0,0,mc6,demo1
2026-06-16 14:13:22.898,2026-06-15 01:43:18.644,0.0,0.0,0,mc6,demo1
2026-06-16 14:13:22.950,2026-06-15 01:43:18.644,0.0,0.0,0,mc5,demo1
2026-06-16 14:13:23.010,2026-06-15 01:43:18.644,0.0,0.0,0,mc2,demo1
2026-06-16 14:13:23.097,2026-06-15 01:43:18.644,0.0,0.0,0,mc4,demo1
2026-06-16 14:13:23.202,2026-06-15 01:43:18.644,0.0,0.0,0,mc1,demo1
2026-06-16 14:13:23.251,2026-06-15 01:43:18.644,0.0,0.0,0,mc3,demo1
2026-06-16 14:13:23.294,2026-06-15 01:38:18.328,0.0,0.0,0,mc3,demo1
2026-06-16 14:13:23.378,2026-06-15 01:38:18.328,0.0,0.0,0,mc5,demo1
2026-06-16 14:13:23.403,2026-06-15 01:38:18.328,0.0,0.0,0,mc1,demo1
2026-06-16 14:13:23.436,2026-06-15 01:38:18.328,0.0,0.0,0,mc4,demo1
2026-06-16 14:13:23.470,2026-06-15 01:38:18.328,0.0,0.0,0,mc2,demo1
2026-06-16 14:13:23.498,2026-06-15 01:38:18.328,0.0,0.0,0,mc6,demo1
2026-06-16 14:13:23.527,2026-06-15 01:33:18.838,0.0,0.0,0,mc3,demo1
2026-06-16 14:13:23.552,2026-06-15 01:33:18.838,0.0,0.0,0,mc6,demo1
2026-06-16 14:13:23.576,2026-06-15 01:33:18.838,0.0,0.0,0,mc1,demo1
2026-06-16 14:13:23.601,2026-06-15 01:33:18.838,0.0,0.0,0,mc4,demo1
2026-06-16 14:13:23.627,2026-06-15 01:33:18.838,0.0,0.0,0,mc2,demo1
2026-06-16 14:13:23.643,2026-06-15 01:33:18.838,0.0,0.0,0,mc5,demo1
2026-06-16 14:13:23.677,2026-06-15 01:28:18.708,0.0,0.0,0,mc2,demo1
2026-06-16 14:13:23.701,2026-06-15 01:28:18.708,0.0,0.0,0,mc6,demo1
2026-06-16 14:13:23.727,2026-06-15 01:28:18.708,0.0,0.0,0,mc3,demo1
2026-06-16 14:13:23.780,2026-06-15 01:28:18.708,0.0,0.0,0,mc1,demo1
2026-06-16 14:13:23.842,2026-06-15 01:28:18.708,0.0,0.0,0,mc5,demo1
2026-06-16 14:13:23.866,2026-06-15 01:28:18.708,0.0,0.0,0,mc4,demo1
2026-06-16 14:13:23.885,2026-06-15 01:23:18.364,0.0,0.0,0,mc2,demo1
2026-06-16 14:13:23.919,2026-06-15 01:23:18.364,0.0,0.0,0,mc3,demo1
2026-06-16 14:13:23.936,2026-06-15 01:23:18.364,0.0,0.0,0,mc5,demo1
2026-06-16 14:13:23.965,2026-06-15 01:23:18.364,0.0,0.0,0,mc6,demo1
2026-06-16 14:13:24.191,2026-06-15 01:23:18.364,0.0,0.0,0,mc4,demo1
2026-06-16 14:13:24.211,2026-06-15 01:23:18.364,0.0,0.0,0,mc1,demo1
2026-06-16 14:13:24.228,2026-06-15 01:18:18.851,0.0,0.0,0,mc3,demo1
2026-06-16 14:13:24.253,2026-06-15 01:18:18.851,0.0,0.0,0,mc1,demo1
2026-06-16 14:13:24.277,2026-06-15 01:18:18.851,0.0,0.0,0,mc6,demo1
2026-06-16 14:13:24.298,2026-06-15 01:18:18.851,0.0,0.0,0,mc2,demo1
2026-06-16 14:13:24.310,2026-06-15 01:18:18.851,0.0,0.0,0,mc5,demo1
2026-06-16 14:13:24.327,2026-06-15 01:18:18.851,0.0,0.0,0,mc4,demo1
2026-06-16 14:13:24.343,2026-06-15 01:13:18.434,0.0,0.0,0,mc1,demo1
2026-06-16 14:13:24.378,2026-06-15 01:13:18.434,0.0,0.0,0,mc3,demo1
2026-06-16 14:13:24.403,2026-06-15 01:13:18.434,0.0,0.0,0,mc4,demo1
2026-06-16 14:13:24.436,2026-06-15 01:13:18.434,0.0,0.0,0,mc6,demo1
2026-06-16 14:13:24.475,2026-06-15 01:13:18.434,0.0,0.0,0,mc2,demo1
2026-06-16 14:13:24.493,2026-06-15 01:13:18.434,0.0,0.0,0,mc5,demo1
2026-06-16 14:13:24.510,2026-06-15 01:08:18.922,0.0,0.0,0,mc6,demo1
2026-06-16 14:13:24.552,2026-06-15 01:08:18.922,0.0,0.0,0,mc1,demo1
2026-06-16 14:13:24.575,2026-06-15 01:08:18.922,0.0,0.0,0,mc2,demo1
2026-06-16 14:13:24.593,2026-06-15 01:08:18.922,0.0,0.0,0,mc5,demo1
2026-06-16 14:13:24.634,2026-06-15 01:08:18.922,0.0,0.0,0,mc3,demo1
2026-06-16 14:13:24.678,2026-06-15 01:08:18.922,0.0,0.0,0,mc4,demo1
2026-06-16 14:13:24.702,2026-06-15 01:03:18.542,0.0,0.0,0,mc3,demo1
2026-06-16 14:13:24.727,2026-06-15 01:03:18.542,0.0,0.0,0,mc6,demo1
2026-06-16 14:13:24.743,2026-06-15 01:03:18.542,0.0,0.0,0,mc5,demo1
2026-06-16 14:13:24.760,2026-06-15 01:03:18.542,0.0,0.0,0,mc2,demo1
2026-06-16 14:13:24.789,2026-06-15 01:03:18.542,0.0,0.0,0,mc4,demo1
2026-06-16 14:13:24.810,2026-06-15 01:03:18.542,0.0,0.0,0,mc1,demo1
2026-06-16 14:13:24.837,2026-06-15 00:58:19.808,0.0,0.0,0,mc3,demo1
2026-06-16 14:13:24.860,2026-06-15 00:58:19.808,0.0,0.0,0,mc6,demo1
2026-06-16 14:13:24.888,2026-06-15 00:58:19.808,0.0,0.0,0,mc5,demo1
2026-06-16 14:13:24.969,2026-06-15 00:58:19.808,0.0,0.0,0,mc2,demo1
2026-06-16 14:13:24.918,2026-06-15 00:58:19.808,0.0,0.0,0,mc4,demo1
2026-06-16 14:13:24.944,2026-06-15 00:58:19.808,0.0,0.0,0,mc1,demo1
2026-06-16 14:13:25.195,2026-06-15 00:53:18.854,0.0,0.0,0,mc3,demo1
2026-06-16 14:13:24.998,2026-06-15 00:53:18.854,0.0,0.0,0,mc5,demo1
2026-06-16 14:13:25.019,2026-06-15 00:53:18.854,0.0,0.0,0,mc2,demo1
2026-06-16 14:13:25.097,2026-06-15 00:53:18.854,0.0,0.0,0,mc1,demo1
2026-06-16 14:13:25.128,2026-06-15 00:53:18.854,0.0,0.0,0,mc4,demo1
2026-06-16 14:13:25.152,2026-06-15 00:53:18.854,0.0,0.0,0,mc6,demo1
2026-06-16 14:13:25.307,2026-06-15 00:48:18.703,0.0,0.0,0,mc3,demo1
2026-06-16 14:13:25.351,2026-06-15 00:48:18.703,0.0,0.0,0,mc6,demo1
2026-06-16 14:13:25.223,2026-06-15 00:48:18.703,0.0,0.0,0,mc5,demo1
2026-06-16 14:13:25.244,2026-06-15 00:48:18.703,0.0,0.0,0,mc1,demo1
2026-06-16 14:13:25.277,2026-06-15 00:48:18.703,0.0,0.0,0,mc2,demo1
2026-06-16 14:13:25.335,2026-06-15 00:48:18.703,0.0,0.0,0,mc4,demo1
2026-06-16 14:13:25.407,2026-06-15 00:43:18.159,0.0,0.0,0,mc5,demo1
2026-06-16 14:13:25.561,2026-06-15 00:43:18.159,0.0,0.0,0,mc2,demo1
2026-06-16 14:13:25.541,2026-06-15 00:43:18.159,0.0,0.0,0,mc6,demo1
2026-06-16 14:13:25.476,2026-06-15 00:43:18.159,0.0,0.0,0,mc3,demo1
2026-06-16 14:13:25.460,2026-06-15 00:43:18.159,0.0,0.0,0,mc4,demo1
2026-06-16 14:13:25.427,2026-06-15 00:43:18.159,0.0,0.0,0,mc1,demo1
2026-06-16 14:13:25.727,2026-06-15 00:38:18.550,0.0,0.0,0,mc3,demo1
2026-06-16 14:13:25.635,2026-06-15 00:38:18.550,0.0,0.0,0,mc4,demo1
2026-06-16 14:13:25.652,2026-06-15 00:38:18.550,0.0,0.0,0,mc6,demo1
2026-06-16 14:13:25.683,2026-06-15 00:38:18.550,0.0,0.0,0,mc2,demo1
2026-06-16 14:13:25.710,2026-06-15 00:38:18.550,0.0,0.0,0,mc5,demo1
2026-06-16 14:13:25.604,2026-06-15 00:38:18.550,0.0,0.0,0,mc1,demo1
2026-06-16 14:13:25.750,2026-06-15 00:33:18.871,0.0,0.0,0,mc4,demo1
2026-06-16 14:13:25.918,2026-06-15 00:33:18.871,0.0,0.0,0,mc1,demo1
2026-06-16 14:13:25.852,2026-06-15 00:33:18.871,0.0,0.0,0,mc6,demo1
2026-06-16 14:13:25.837,2026-06-15 00:33:18.871,0.0,0.0,0,mc5,demo1
2026-06-16 14:13:25.811,2026-06-15 00:33:18.871,0.0,0.0,0,mc2,demo1
2026-06-16 14:13:25.777,2026-06-15 00:33:18.871,0.0,0.0,0,mc3,demo1
2026-06-16 14:13:25.943,2026-06-15 00:28:18.583,0.0,0.0,0,mc6,demo1
2026-06-16 14:13:26.101,2026-06-15 00:28:18.583,0.0,0.0,0,mc3,demo1
2026-06-16 14:13:26.069,2026-06-15 00:28:18.583,0.0,0.0,0,mc5,demo1
2026-06-16 14:13:26.037,2026-06-15 00:28:18.583,0.0,0.0,0,mc2,demo1
2026-06-16 14:13:25.984,2026-06-15 00:28:18.583,0.0,0.0,0,mc4,demo1
2026-06-16 14:13:25.963,2026-06-15 00:28:18.583,0.0,0.0,0,mc1,demo1
2026-06-16 14:13:26.148,2026-06-15 00:23:18.358,0.0,0.0,0,mc2,demo1
2026-06-16 14:13:26.352,2026-06-15 00:23:18.358,0.0,0.0,0,mc4,demo1
2026-06-16 14:13:26.271,2026-06-15 00:23:18.358,0.0,0.0,0,mc1,demo1
2026-06-16 14:13:26.247,2026-06-15 00:23:18.358,0.0,0.0,0,mc3,demo1
2026-06-16 14:13:26.200,2026-06-15 00:23:18.358,0.0,0.0,0,mc5,demo1
2026-06-16 14:13:26.170,2026-06-15 00:23:18.358,0.0,0.0,0,mc6,demo1
2026-06-16 14:13:26.370,2026-06-15 00:18:18.760,0.0,0.0,0,mc4,demo1
2026-06-16 14:13:26.439,2026-06-15 00:18:18.760,0.0,0.0,0,mc1,demo1
2026-06-16 14:13:26.533,2026-06-15 00:18:18.760,0.0,0.0,0,mc5,demo1
2026-06-16 14:13:26.563,2026-06-15 00:18:18.760,0.0,0.0,0,mc2,demo1
2026-06-16 14:13:26.597,2026-06-15 00:18:18.760,0.0,0.0,0,mc6,demo1
2026-06-16 14:13:26.626,2026-06-15 00:18:18.760,0.0,0.0,0,mc3,demo1
2026-06-16 14:13:26.745,2026-06-15 00:13:19.151,0.0,0.0,0,mc1,demo1
2026-06-16 14:13:26.818,2026-06-15 00:13:19.151,0.0,0.0,0,mc5,demo1
2026-06-16 14:13:26.793,2026-06-15 00:13:19.151,0.0,0.0,0,mc4,demo1
2026-06-16 14:13:26.768,2026-06-15 00:13:19.151,0.0,0.0,0,mc2,demo1
2026-06-16 14:13:26.668,2026-06-15 00:13:19.151,0.0,0.0,0,mc6,demo1
2026-06-16 14:13:26.643,2026-06-15 00:13:19.151,0.0,0.0,0,mc3,demo1
2026-06-16 14:13:27.006,2026-06-15 00:08:19.290,0.0,0.0,0,mc6,demo1
2026-06-16 14:13:26.863,2026-06-15 00:08:19.290,0.0,0.0,0,mc3,demo1
2026-06-16 14:13:26.876,2026-06-15 00:08:19.290,0.0,0.0,0,mc5,demo1
2026-06-16 14:13:26.901,2026-06-15 00:08:19.290,0.0,0.0,0,mc2,demo1
2026-06-16 14:13:26.946,2026-06-15 00:08:19.290,0.0,0.0,0,mc4,demo1
2026-06-16 14:13:26.968,2026-06-15 00:08:19.290,0.0,0.0,0,mc1,demo1
2026-06-16 14:13:27.035,2026-06-15 00:03:18.872,0.0,0.0,0,mc2,demo1
2026-06-16 14:13:27.060,2026-06-15 00:03:18.872,0.0,0.0,0,mc1,demo1
2026-06-16 14:13:27.085,2026-06-15 00:03:18.872,0.0,0.0,0,mc5,demo1
2026-06-16 14:13:27.110,2026-06-15 00:03:18.872,0.0,0.0,0,mc4,demo1
2026-06-16 14:13:27.140,2026-06-15 00:03:18.872,0.0,0.0,0,mc6,demo1
2026-06-16 14:13:27.169,2026-06-15 00:03:18.872,0.0,0.0,0,mc3,demo1
2026-06-16 14:13:27.186,2026-06-14 23:58:19.086,0.0,0.0,0,mc6,demo1
2026-06-16 14:13:27.201,2026-06-14 23:58:19.086,0.0,0.0,0,mc2,demo1
2026-06-16 14:13:27.227,2026-06-14 23:58:19.086,0.0,0.0,0,mc3,demo1
2026-06-16 14:13:27.255,2026-06-14 23:58:19.086,0.0,0.0,0,mc5,demo1
2026-06-16 14:13:27.293,2026-06-14 23:58:19.086,0.0,0.0,0,mc4,demo1
2026-06-16 14:13:27.324,2026-06-14 23:58:19.086,0.0,0.0,0,mc1,demo1
2026-06-16 14:13:27.343,2026-06-14 23:53:18.344,0.0,0.0,0,mc3,demo1
2026-06-16 14:13:27.391,2026-06-14 23:53:18.344,0.0,0.0,0,mc2,demo1
2026-06-16 14:13:27.417,2026-06-14 23:53:18.344,0.0,0.0,0,mc5,demo1
2026-06-16 14:13:27.449,2026-06-14 23:53:18.344,0.0,0.0,0,mc6,demo1
2026-06-16 14:13:27.468,2026-06-14 23:53:18.344,0.0,0.0,0,mc4,demo1
2026-06-16 14:13:27.502,2026-06-14 23:53:18.344,0.0,0.0,0,mc1,demo1
2026-06-16 14:13:27.525,2026-06-14 23:48:18.744,0.0,0.0,0,mc2,demo1
2026-06-16 14:13:27.580,2026-06-14 23:48:18.744,0.0,0.0,0,mc6,demo1
2026-06-16 14:13:27.762,2026-06-14 23:48:18.744,0.0,0.0,0,mc1,demo1
2026-06-16 14:13:27.826,2026-06-14 23:48:18.744,0.0,0.0,0,mc3,demo1
2026-06-16 14:13:27.861,2026-06-14 23:48:18.744,0.0,0.0,0,mc5,demo1
2026-06-16 14:13:27.885,2026-06-14 23:48:18.744,0.0,0.0,0,mc4,demo1
2026-06-16 14:13:27.918,2026-06-14 23:43:18.891,0.0,0.0,0,mc6,demo1
2026-06-16 14:13:28.018,2026-06-14 23:43:18.891,0.0,0.0,0,mc2,demo1
2026-06-16 14:13:28.002,2026-06-14 23:43:18.891,0.0,0.0,0,mc1,demo1
2026-06-16 14:13:27.977,2026-06-14 23:43:18.891,0.0,0.0,0,mc3,demo1
2026-06-16 14:13:27.957,2026-06-14 23:43:18.891,0.0,0.0,0,mc4,demo1
2026-06-16 14:13:27.936,2026-06-14 23:43:18.891,0.0,0.0,0,mc5,demo1
2026-06-16 14:13:28.035,2026-06-14 23:38:18.479,0.0,0.0,0,mc4,demo1
2026-06-16 14:13:28.172,2026-06-14 23:38:18.479,0.0,0.0,0,mc5,demo1
2026-06-16 14:13:28.127,2026-06-14 23:38:18.479,0.0,0.0,0,mc1,demo1
2026-06-16 14:13:28.113,2026-06-14 23:38:18.479,0.0,0.0,0,mc3,demo1
2026-06-16 14:13:28.085,2026-06-14 23:38:18.479,0.0,0.0,0,mc2,demo1
2026-06-16 14:13:28.058,2026-06-14 23:38:18.479,0.0,0.0,0,mc6,demo1
2026-06-16 14:13:28.203,2026-06-14 23:33:18.871,0.0,0.0,0,mc5,demo1
2026-06-16 14:13:28.218,2026-06-14 23:33:18.871,0.0,0.0,0,mc2,demo1
2026-06-16 14:13:28.235,2026-06-14 23:33:18.871,0.0,0.0,0,mc3,demo1
2026-06-16 14:13:28.251,2026-06-14 23:33:18.871,0.0,0.0,0,mc1,demo1
2026-06-16 14:13:28.278,2026-06-14 23:33:18.871,0.0,0.0,0,mc4,demo1
2026-06-16 14:13:28.301,2026-06-14 23:33:18.871,0.0,0.0,0,mc6,demo1
2026-06-16 14:13:28.319,2026-06-14 23:28:18.173,0.0,0.0,0,mc1,demo1
2026-06-16 14:13:28.335,2026-06-14 23:28:18.173,0.0,0.0,0,mc4,demo1
2026-06-16 14:13:28.368,2026-06-14 23:28:18.173,0.0,0.0,0,mc5,demo1
2026-06-16 14:13:28.385,2026-06-14 23:28:18.173,0.0,0.0,0,mc2,demo1
2026-06-16 14:13:28.417,2026-06-14 23:28:18.173,0.0,0.0,0,mc3,demo1
2026-06-16 14:13:28.452,2026-06-14 23:28:18.173,0.0,0.0,0,mc6,demo1
2026-06-16 14:13:28.468,2026-06-14 23:23:18.690,0.0,0.0,0,mc4,demo1
2026-06-16 14:13:28.502,2026-06-14 23:23:18.690,0.0,0.0,0,mc5,demo1
2026-06-16 14:13:28.526,2026-06-14 23:23:18.690,0.0,0.0,0,mc3,demo1
2026-06-16 14:13:28.556,2026-06-14 23:23:18.690,0.0,0.0,0,mc2,demo1
2026-06-16 14:13:28.606,2026-06-14 23:23:18.690,0.0,0.0,0,mc1,demo1
2026-06-16 14:13:28.626,2026-06-14 23:23:18.690,0.0,0.0,0,mc6,demo1
2026-06-16 14:13:28.652,2026-06-14 23:18:18.236,0.0,0.0,0,mc4,demo1
2026-06-16 14:13:28.697,2026-06-14 23:18:18.236,0.0,0.0,0,mc6,demo1
2026-06-16 14:13:28.731,2026-06-14 23:18:18.236,0.0,0.0,0,mc2,demo1
2026-06-16 14:13:28.751,2026-06-14 23:18:18.236,0.0,0.0,0,mc1,demo1
2026-06-16 14:13:28.779,2026-06-14 23:18:18.236,0.0,0.0,0,mc3,demo1
2026-06-16 14:13:28.807,2026-06-14 23:18:18.236,0.0,0.0,0,mc5,demo1
2026-06-16 14:13:28.829,2026-06-14 23:13:18.648,0.0,0.0,0,mc6,demo1
2026-06-16 14:13:28.852,2026-06-14 23:13:18.648,0.0,0.0,0,mc2,demo1
2026-06-16 14:13:28.877,2026-06-14 23:13:18.648,0.0,0.0,0,mc1,demo1
2026-06-16 14:13:28.902,2026-06-14 23:13:18.648,0.0,0.0,0,mc3,demo1
2026-06-16 14:13:28.949,2026-06-14 23:13:18.648,0.0,0.0,0,mc5,demo1
2026-06-16 14:13:28.968,2026-06-14 23:13:18.648,0.0,0.0,0,mc4,demo1
2026-06-16 14:13:29.193,2026-06-14 23:08:18.798,0.0,0.0,0,mc4,demo1
2026-06-16 14:13:29.289,2026-06-14 23:08:18.798,0.0,0.0,0,mc6,demo1
2026-06-16 14:13:29.311,2026-06-14 23:08:18.798,0.0,0.0,0,mc3,demo1
2026-06-16 14:13:29.328,2026-06-14 23:08:18.798,0.0,0.0,0,mc1,demo1
2026-06-16 14:13:29.352,2026-06-14 23:08:18.798,0.0,0.0,0,mc5,demo1
2026-06-16 14:13:29.377,2026-06-14 23:08:18.798,0.0,0.0,0,mc2,demo1
2026-06-16 14:13:29.404,2026-06-14 23:03:18.638,0.0,0.0,0,mc4,demo1
2026-06-16 14:13:29.426,2026-06-14 23:03:18.638,0.0,0.0,0,mc6,demo1
2026-06-16 14:13:29.451,2026-06-14 23:03:18.638,0.0,0.0,0,mc5,demo1
2026-06-16 14:13:29.476,2026-06-14 23:03:18.638,0.0,0.0,0,mc2,demo1
2026-06-16 14:13:29.509,2026-06-14 23:03:18.638,0.0,0.0,0,mc3,demo1
2026-06-16 14:13:29.535,2026-06-14 23:03:18.638,0.0,0.0,0,mc1,demo1
2026-06-16 14:13:29.542,2026-06-14 22:58:19.514,0.0,0.0,0,mc2,demo1
2026-06-16 14:13:29.563,2026-06-14 22:58:19.514,0.0,0.0,0,mc3,demo1
2026-06-16 14:13:29.576,2026-06-14 22:58:19.514,0.0,0.0,0,mc5,demo1
2026-06-16 14:13:29.584,2026-06-14 22:58:19.514,0.0,0.0,0,mc1,demo1
2026-06-16 14:13:29.637,2026-06-14 22:58:19.514,0.0,0.0,0,mc6,demo1
2026-06-16 14:13:29.660,2026-06-14 22:58:19.514,0.0,0.0,0,mc4,demo1
2026-06-16 14:13:29.676,2026-06-14 22:53:19.436,0.0,0.0,0,mc4,demo1
2026-06-16 14:13:29.910,2026-06-14 22:53:19.436,0.0,0.0,0,mc2,demo1
2026-06-16 14:13:29.964,2026-06-14 22:53:19.436,0.0,0.0,0,mc1,demo1
2026-06-16 14:13:30.087,2026-06-14 22:53:19.436,0.0,0.0,0,mc6,demo1
2026-06-16 14:13:30.112,2026-06-14 22:53:19.436,0.0,0.0,0,mc3,demo1
2026-06-16 14:13:30.127,2026-06-14 22:53:19.436,0.0,0.0,0,mc5,demo1
2026-06-16 14:13:30.143,2026-06-14 22:48:18.849,0.0,0.0,0,mc6,demo1
2026-06-16 14:13:30.161,2026-06-14 22:48:18.849,0.0,0.0,0,mc2,demo1
2026-06-16 14:13:30.192,2026-06-14 22:48:18.849,0.0,0.0,0,mc4,demo1
2026-06-16 14:13:30.210,2026-06-14 22:48:18.849,0.0,0.0,0,mc1,demo1
2026-06-16 14:13:30.227,2026-06-14 22:48:18.849,0.0,0.0,0,mc5,demo1
2026-06-16 14:13:30.243,2026-06-14 22:48:18.849,0.0,0.0,0,mc3,demo1
2026-06-16 14:13:30.260,2026-06-14 22:43:18.963,0.0,0.0,0,mc1,demo1
2026-06-16 14:13:30.277,2026-06-14 22:43:18.963,0.0,0.0,0,mc4,demo1
2026-06-16 14:13:30.311,2026-06-14 22:43:18.963,0.0,0.0,0,mc6,demo1
2026-06-16 14:13:30.327,2026-06-14 22:43:18.963,0.0,0.0,0,mc5,demo1
2026-06-16 14:13:30.353,2026-06-14 22:43:18.963,0.0,0.0,0,mc3,demo1
2026-06-16 14:13:30.368,2026-06-14 22:43:18.963,0.0,0.0,0,mc2,demo1
2026-06-16 14:13:30.391,2026-06-14 22:38:18.529,0.0,0.0,0,mc1,demo1
2026-06-16 14:13:30.417,2026-06-14 22:38:18.529,0.0,0.0,0,mc2,demo1
2026-06-16 14:13:30.445,2026-06-14 22:38:18.529,0.0,0.0,0,mc5,demo1
2026-06-16 14:13:30.460,2026-06-14 22:38:18.529,0.0,0.0,0,mc3,demo1
2026-06-16 14:13:30.476,2026-06-14 22:38:18.529,0.0,0.0,0,mc6,demo1
2026-06-16 14:13:30.493,2026-06-14 22:38:18.529,0.0,0.0,0,mc4,demo1
2026-06-16 14:13:30.501,2026-06-14 22:33:19.245,0.0,0.0,0,mc6,demo1
2026-06-16 14:13:30.518,2026-06-14 22:33:19.245,0.0,0.0,0,mc3,demo1
2026-06-16 14:13:30.526,2026-06-14 22:33:19.245,0.0,0.0,0,mc5,demo1
2026-06-16 14:13:30.534,2026-06-14 22:33:19.245,0.0,0.0,0,mc4,demo1
2026-06-16 14:13:30.551,2026-06-14 22:33:19.245,0.0,0.0,0,mc1,demo1
2026-06-16 14:13:30.568,2026-06-14 22:33:19.245,0.0,0.0,0,mc2,demo1
2026-06-16 14:13:30.651,2026-06-14 22:28:18.687,0.0,0.0,0,mc3,demo1
2026-06-16 14:13:30.596,2026-06-14 22:28:18.687,0.0,0.0,0,mc2,demo1
2026-06-16 14:13:30.676,2026-06-14 22:28:18.687,0.0,0.0,0,mc1,demo1
2026-06-16 14:13:30.701,2026-06-14 22:28:18.687,0.0,0.0,0,mc4,demo1
2026-06-16 14:13:30.735,2026-06-14 22:28:18.687,0.0,0.0,0,mc6,demo1
2026-06-16 14:13:30.760,2026-06-14 22:28:18.687,0.0,0.0,0,mc5,demo1
2026-06-16 14:13:30.835,2026-06-14 22:23:18.525,0.0,0.0,0,mc3,demo1
2026-06-16 14:13:30.885,2026-06-14 22:23:18.525,0.0,0.0,0,mc2,demo1
2026-06-16 14:13:30.768,2026-06-14 22:23:18.525,0.0,0.0,0,mc1,demo1
2026-06-16 14:13:30.793,2026-06-14 22:23:18.525,0.0,0.0,0,mc5,demo1
2026-06-16 14:13:30.823,2026-06-14 22:23:18.525,0.0,0.0,0,mc4,demo1
2026-06-16 14:13:30.860,2026-06-14 22:23:18.525,0.0,0.0,0,mc6,demo1
2026-06-16 14:13:30.902,2026-06-14 22:18:18.461,0.0,0.0,0,mc1,demo1
2026-06-16 14:13:31.010,2026-06-14 22:18:18.461,0.0,0.0,0,mc4,demo1
2026-06-16 14:13:30.989,2026-06-14 22:18:18.461,0.0,0.0,0,mc2,demo1
2026-06-16 14:13:30.960,2026-06-14 22:18:18.461,0.0,0.0,0,mc5,demo1
2026-06-16 14:13:30.943,2026-06-14 22:18:18.461,0.0,0.0,0,mc6,demo1
2026-06-16 14:13:30.926,2026-06-14 22:18:18.461,0.0,0.0,0,mc3,demo1
2026-06-16 14:13:31.060,2026-06-14 22:13:18.172,0.0,0.0,0,mc1,demo1
2026-06-16 14:13:31.169,2026-06-14 22:13:18.172,0.0,0.0,0,mc4,demo1
2026-06-16 14:13:31.135,2026-06-14 22:13:18.172,0.0,0.0,0,mc2,demo1
2026-06-16 14:13:31.106,2026-06-14 22:13:18.172,0.0,0.0,0,mc3,demo1
2026-06-16 14:13:31.076,2026-06-14 22:13:18.172,0.0,0.0,0,mc5,demo1
2026-06-16 14:13:31.035,2026-06-14 22:13:18.172,0.0,0.0,0,mc6,demo1
2026-06-16 14:13:31.193,2026-06-14 22:08:18.582,0.0,0.0,0,mc5,demo1
2026-06-16 14:13:31.448,2026-06-14 22:08:18.582,0.0,0.0,0,mc6,demo1
2026-06-16 14:13:31.408,2026-06-14 22:08:18.582,0.0,0.0,0,mc1,demo1
2026-06-16 14:13:31.381,2026-06-14 22:08:18.582,0.0,0.0,0,mc2,demo1
2026-06-16 14:13:31.346,2026-06-14 22:08:18.582,0.0,0.0,0,mc4,demo1
2026-06-16 14:13:31.216,2026-06-14 22:08:18.582,0.0,0.0,0,mc3,demo1
2026-06-16 14:13:31.579,2026-06-14 22:03:19.470,0.0,0.0,0,mc5,demo1
2026-06-16 14:13:31.626,2026-06-14 22:03:19.470,0.0,0.0,0,mc6,demo1
2026-06-16 14:13:31.605,2026-06-14 22:03:19.470,0.0,0.0,0,mc4,demo1
2026-06-16 14:13:31.541,2026-06-14 22:03:19.470,0.0,0.0,0,mc3,demo1
2026-06-16 14:13:31.502,2026-06-14 22:03:19.470,0.0,0.0,0,mc2,demo1
2026-06-16 14:13:31.480,2026-06-14 22:03:19.470,0.0,0.0,0,mc1,demo1
2026-06-16 14:13:31.661,2026-06-14 21:58:18.926,0.0,0.0,0,mc4,demo1
2026-06-16 14:13:31.940,2026-06-14 21:58:18.926,0.0,0.0,0,mc2,demo1
2026-06-16 14:13:31.875,2026-06-14 21:58:18.926,0.0,0.0,0,mc5,demo1
2026-06-16 14:13:31.849,2026-06-14 21:58:18.926,0.0,0.0,0,mc3,demo1
2026-06-16 14:13:31.806,2026-06-14 21:58:18.926,0.0,0.0,0,mc1,demo1
2026-06-16 14:13:31.774,2026-06-14 21:58:18.926,0.0,0.0,0,mc6,demo1
2026-06-16 14:13:32.099,2026-06-14 21:53:18.665,0.0,0.0,0,mc1,demo1
2026-06-16 14:13:32.000,2026-06-14 21:53:18.665,0.0,0.0,0,mc3,demo1
2026-06-16 14:13:32.029,2026-06-14 21:53:18.665,0.0,0.0,0,mc4,demo1
2026-06-16 14:13:32.052,2026-06-14 21:53:18.665,0.0,0.0,0,mc2,demo1
2026-06-16 14:13:32.077,2026-06-14 21:53:18.665,0.0,0.0,0,mc5,demo1
2026-06-16 14:13:31.974,2026-06-14 21:53:18.665,0.0,0.0,0,mc6,demo1
2026-06-16 14:13:32.229,2026-06-14 21:48:18.579,0.0,0.0,0,mc3,demo1
2026-06-16 14:13:32.462,2026-06-14 21:48:18.579,0.0,0.0,0,mc2,demo1
2026-06-16 14:13:32.404,2026-06-14 21:48:18.579,0.0,0.0,0,mc1,demo1
2026-06-16 14:13:32.124,2026-06-14 21:48:18.579,0.0,0.0,0,mc6,demo1
2026-06-16 14:13:32.257,2026-06-14 21:48:18.579,0.0,0.0,0,mc4,demo1
2026-06-16 14:13:32.195,2026-06-14 21:48:18.579,0.0,0.0,0,mc5,demo1
2026-06-16 14:13:32.614,2026-06-14 21:43:19.170,0.0,0.0,0,mc1,demo1
2026-06-16 14:13:32.490,2026-06-14 21:43:19.170,0.0,0.0,0,mc6,demo1
2026-06-16 14:13:32.510,2026-06-14 21:43:19.170,0.0,0.0,0,mc5,demo1
2026-06-16 14:13:32.538,2026-06-14 21:43:19.170,0.0,0.0,0,mc3,demo1
2026-06-16 14:13:32.641,2026-06-14 21:43:19.170,0.0,0.0,0,mc4,demo1
2026-06-16 14:13:32.688,2026-06-14 21:43:19.170,0.0,0.0,0,mc2,demo1
2026-06-16 14:13:32.722,2026-06-14 21:38:19.007,0.0,0.0,0,mc1,demo1
2026-06-16 14:13:32.789,2026-06-14 21:38:19.007,0.0,0.0,0,mc5,demo1
2026-06-16 14:13:32.850,2026-06-14 21:38:19.007,0.0,0.0,0,mc6,demo1
2026-06-16 14:13:32.891,2026-06-14 21:38:19.007,0.0,0.0,0,mc2,demo1
2026-06-16 14:13:32.939,2026-06-14 21:38:19.007,0.0,0.0,0,mc4,demo1
2026-06-16 14:13:32.973,2026-06-14 21:38:19.007,0.0,0.0,0,mc3,demo1
2026-06-16 14:13:33.011,2026-06-14 21:33:18.696,0.0,0.0,0,mc3,demo1
2026-06-16 14:13:33.099,2026-06-14 21:33:18.696,0.0,0.0,0,mc6,demo1
2026-06-16 14:13:33.171,2026-06-14 21:33:18.696,0.0,0.0,0,mc4,demo1
2026-06-16 14:13:33.374,2026-06-14 21:33:18.696,0.0,0.0,0,mc5,demo1
2026-06-16 14:13:33.538,2026-06-14 21:33:18.696,0.0,0.0,0,mc1,demo1
2026-06-16 14:13:33.564,2026-06-14 21:33:18.696,0.0,0.0,0,mc2,demo1
2026-06-16 14:13:33.611,2026-06-14 21:28:19.129,0.0,0.0,0,mc3,demo1
2026-06-16 14:13:33.635,2026-06-14 21:28:19.129,0.0,0.0,0,mc1,demo1
2026-06-16 14:13:33.667,2026-06-14 21:28:19.129,0.0,0.0,0,mc6,demo1
2026-06-16 14:13:33.693,2026-06-14 21:28:19.129,0.0,0.0,0,mc2,demo1
2026-06-16 14:13:33.722,2026-06-14 21:28:19.129,0.0,0.0,0,mc4,demo1
2026-06-16 14:13:33.744,2026-06-14 21:28:19.129,0.0,0.0,0,mc5,demo1
2026-06-16 14:13:33.866,2026-06-14 21:23:19.335,0.0,0.0,0,mc1,demo1
2026-06-16 14:13:33.959,2026-06-14 21:23:19.335,0.0,0.0,0,mc6,demo1
2026-06-16 14:13:33.885,2026-06-14 21:23:19.335,0.0,0.0,0,mc4,demo1
2026-06-16 14:13:33.839,2026-06-14 21:23:19.335,0.0,0.0,0,mc3,demo1
2026-06-16 14:13:33.818,2026-06-14 21:23:19.335,0.0,0.0,0,mc5,demo1
2026-06-16 14:13:33.768,2026-06-14 21:23:19.335,0.0,0.0,0,mc2,demo1
2026-06-16 14:13:33.998,2026-06-14 21:18:18.692,0.0,0.0,0,mc2,demo1
2026-06-16 14:13:34.030,2026-06-14 21:18:18.692,0.0,0.0,0,mc1,demo1
2026-06-16 14:13:34.051,2026-06-14 21:18:18.692,0.0,0.0,0,mc4,demo1
2026-06-16 14:13:34.083,2026-06-14 21:18:18.692,0.0,0.0,0,mc3,demo1
2026-06-16 14:13:34.108,2026-06-14 21:18:18.692,0.0,0.0,0,mc6,demo1
2026-06-16 14:13:34.140,2026-06-14 21:18:18.692,0.0,0.0,0,mc5,demo1
2026-06-16 14:13:34.209,2026-06-14 21:13:18.137,0.0,0.0,0,mc5,demo1
2026-06-16 14:13:34.368,2026-06-14 21:13:18.137,0.0,0.0,0,mc2,demo1
2026-06-16 14:13:34.412,2026-06-14 21:13:18.137,0.0,0.0,0,mc4,demo1
2026-06-16 14:13:34.486,2026-06-14 21:13:18.137,0.0,0.0,0,mc6,demo1
2026-06-16 14:13:34.538,2026-06-14 21:13:18.137,0.0,0.0,0,mc3,demo1
2026-06-16 14:13:34.565,2026-06-14 21:13:18.137,0.0,0.0,0,mc1,demo1
2026-06-16 14:13:34.590,2026-06-14 21:08:18.996,0.0,0.0,0,mc5,demo1
2026-06-16 14:13:34.637,2026-06-14 21:08:18.996,0.0,0.0,0,mc3,demo1
2026-06-16 14:13:34.691,2026-06-14 21:08:18.996,0.0,0.0,0,mc4,demo1
2026-06-16 14:13:34.738,2026-06-14 21:08:18.996,0.0,0.0,0,mc1,demo1
2026-06-16 14:13:34.889,2026-06-14 21:08:18.996,0.0,0.0,0,mc6,demo1
2026-06-16 14:13:34.941,2026-06-14 21:08:18.996,0.0,0.0,0,mc2,demo1
2026-06-16 14:13:34.965,2026-06-14 21:03:18.047,0.0,0.0,0,mc2,demo1
2026-06-16 14:13:34.991,2026-06-14 21:03:18.047,0.0,0.0,0,mc1,demo1
2026-06-16 14:13:35.038,2026-06-14 21:03:18.047,0.0,0.0,0,mc5,demo1
2026-06-16 14:13:35.071,2026-06-14 21:03:18.047,0.0,0.0,0,mc4,demo1
2026-06-16 14:13:35.107,2026-06-14 21:03:18.047,0.0,0.0,0,mc3,demo1
2026-06-16 14:13:35.149,2026-06-14 21:03:18.047,0.0,0.0,0,mc6,demo1
2026-06-16 14:13:35.174,2026-06-14 20:58:19.073,0.0,0.0,0,mc5,demo1
2026-06-16 14:13:35.226,2026-06-14 20:58:19.073,0.0,0.0,0,mc3,demo1
2026-06-16 14:13:35.264,2026-06-14 20:58:19.073,0.0,0.0,0,mc4,demo1
2026-06-16 14:13:35.290,2026-06-14 20:58:19.073,0.0,0.0,0,mc6,demo1
2026-06-16 14:13:35.315,2026-06-14 20:58:19.073,0.0,0.0,0,mc1,demo1
2026-06-16 14:13:35.333,2026-06-14 20:58:19.073,0.0,0.0,0,mc2,demo1
2026-06-16 14:13:35.361,2026-06-14 20:53:19.074,0.0,0.0,0,mc5,demo1
2026-06-16 14:13:35.401,2026-06-14 20:53:19.074,0.0,0.0,0,mc6,demo1
2026-06-16 14:13:35.471,2026-06-14 20:53:19.074,0.0,0.0,0,mc1,demo1
2026-06-16 14:13:35.507,2026-06-14 20:53:19.074,0.0,0.0,0,mc2,demo1
2026-06-16 14:13:35.524,2026-06-14 20:53:19.074,0.0,0.0,0,mc4,demo1
2026-06-16 14:13:35.561,2026-06-14 20:53:19.074,0.0,0.0,0,mc3,demo1
2026-06-16 14:13:35.582,2026-06-14 20:48:18.991,0.0,0.0,0,mc3,demo1
2026-06-16 14:13:35.607,2026-06-14 20:48:18.991,0.0,0.0,0,mc1,demo1
2026-06-16 14:13:35.624,2026-06-14 20:48:18.991,0.0,0.0,0,mc5,demo1
2026-06-16 14:13:35.651,2026-06-14 20:48:18.991,0.0,0.0,0,mc4,demo1
2026-06-16 14:13:35.697,2026-06-14 20:48:18.991,0.0,0.0,0,mc2,demo1
2026-06-16 14:13:35.715,2026-06-14 20:48:18.991,0.0,0.0,0,mc6,demo1
2026-06-16 14:13:35.743,2026-06-14 20:43:18.313,0.0,0.0,0,mc6,demo1
2026-06-16 14:13:35.793,2026-06-14 20:43:18.313,0.0,0.0,0,mc1,demo1
2026-06-16 14:13:35.840,2026-06-14 20:43:18.313,0.0,0.0,0,mc4,demo1
2026-06-16 14:13:35.857,2026-06-14 20:43:18.313,0.0,0.0,0,mc2,demo1
2026-06-16 14:13:35.888,2026-06-14 20:43:18.313,0.0,0.0,0,mc3,demo1
2026-06-16 14:13:35.960,2026-06-14 20:43:18.313,0.0,0.0,0,mc5,demo1
2026-06-16 14:13:36.001,2026-06-14 20:38:18.659,0.0,0.0,0,mc5,demo1
2026-06-16 14:13:36.025,2026-06-14 20:38:18.659,0.0,0.0,0,mc4,demo1
2026-06-16 14:13:36.049,2026-06-14 20:38:18.659,0.0,0.0,0,mc1,demo1
2026-06-16 14:13:36.086,2026-06-14 20:38:18.659,0.0,0.0,0,mc3,demo1
2026-06-16 14:13:36.107,2026-06-14 20:38:18.659,0.0,0.0,0,mc6,demo1
2026-06-16 14:13:36.132,2026-06-14 20:38:18.659,0.0,0.0,0,mc2,demo1
2026-06-16 14:13:36.157,2026-06-14 20:33:18.624,0.0,0.0,0,mc6,demo1
2026-06-16 14:13:36.186,2026-06-14 20:33:18.624,0.0,0.0,0,mc4,demo1
2026-06-16 14:13:36.230,2026-06-14 20:33:18.624,0.0,0.0,0,mc1,demo1
2026-06-16 14:13:36.251,2026-06-14 20:33:18.624,0.0,0.0,0,mc2,demo1
2026-06-16 14:13:36.289,2026-06-14 20:33:18.624,0.0,0.0,0,mc3,demo1
2026-06-16 14:13:36.329,2026-06-14 20:33:18.624,0.0,0.0,0,mc5,demo1
2026-06-16 14:13:36.361,2026-06-14 20:28:19.049,0.0,0.0,0,mc3,demo1
2026-06-16 14:13:36.403,2026-06-14 20:28:19.049,0.0,0.0,0,mc1,demo1
2026-06-16 14:13:36.441,2026-06-14 20:28:19.049,0.0,0.0,0,mc2,demo1
2026-06-16 14:13:36.464,2026-06-14 20:28:19.049,0.0,0.0,0,mc5,demo1
2026-06-16 14:13:36.509,2026-06-14 20:28:19.049,0.0,0.0,0,mc4,demo1
2026-06-16 14:13:36.532,2026-06-14 20:28:19.049,0.0,0.0,0,mc6,demo1
2026-06-16 14:13:36.557,2026-06-14 20:23:18.435,0.0,0.0,0,mc3,demo1
2026-06-16 14:13:36.582,2026-06-14 20:23:18.435,0.0,0.0,0,mc1,demo1
2026-06-16 14:13:36.622,2026-06-14 20:23:18.435,0.0,0.0,0,mc5,demo1
2026-06-16 14:13:36.818,2026-06-14 20:23:18.435,0.0,0.0,0,mc6,demo1
2026-06-16 14:13:36.660,2026-06-14 20:23:18.435,0.0,0.0,0,mc4,demo1
2026-06-16 14:13:36.698,2026-06-14 20:23:18.435,0.0,0.0,0,mc2,demo1
2026-06-16 14:13:37.049,2026-06-14 20:18:18.502,0.0,0.0,0,mc3,demo1
2026-06-16 14:13:37.074,2026-06-14 20:18:18.502,0.0,0.0,0,mc5,demo1
2026-06-16 14:13:37.099,2026-06-14 20:18:18.502,0.0,0.0,0,mc2,demo1
2026-06-16 14:13:37.130,2026-06-14 20:18:18.502,0.0,0.0,0,mc4,demo1
2026-06-16 14:13:37.149,2026-06-14 20:18:18.502,0.0,0.0,0,mc6,demo1
2026-06-16 14:13:37.192,2026-06-14 20:18:18.502,0.0,0.0,0,mc1,demo1
2026-06-16 14:13:37.213,2026-06-14 20:13:19.077,0.0,0.0,0,mc2,demo1
2026-06-16 14:13:37.341,2026-06-14 20:13:19.077,0.0,0.0,0,mc6,demo1
2026-06-16 14:13:37.321,2026-06-14 20:13:19.077,0.0,0.0,0,mc1,demo1
2026-06-16 14:13:37.280,2026-06-14 20:13:19.077,0.0,0.0,0,mc4,demo1
2026-06-16 14:13:37.257,2026-06-14 20:13:19.077,0.0,0.0,0,mc5,demo1
2026-06-16 14:13:37.232,2026-06-14 20:13:19.077,0.0,0.0,0,mc3,demo1
2026-06-16 14:13:37.382,2026-06-14 20:08:19.070,0.0,0.0,0,mc4,demo1
2026-06-16 14:13:37.406,2026-06-14 20:08:19.070,0.0,0.0,0,mc2,demo1
2026-06-16 14:13:37.441,2026-06-14 20:08:19.070,0.0,0.0,0,mc5,demo1
2026-06-16 14:13:37.482,2026-06-14 20:08:19.070,0.0,0.0,0,mc3,demo1
2026-06-16 14:13:37.507,2026-06-14 20:08:19.070,0.0,0.0,0,mc1,demo1
2026-06-16 14:13:37.530,2026-06-14 20:08:19.070,0.0,0.0,0,mc6,demo1
2026-06-16 14:13:37.558,2026-06-14 20:03:18.212,0.0,0.0,0,mc3,demo1
2026-06-16 14:13:37.581,2026-06-14 20:03:18.212,0.0,0.0,0,mc4,demo1
2026-06-16 14:13:37.606,2026-06-14 20:03:18.212,0.0,0.0,0,mc5,demo1
2026-06-16 14:13:37.647,2026-06-14 20:03:18.212,0.0,0.0,0,mc2,demo1
2026-06-16 14:13:37.666,2026-06-14 20:03:18.212,0.0,0.0,0,mc6,demo1
2026-06-16 14:13:37.683,2026-06-14 20:03:18.212,0.0,0.0,0,mc1,demo1
2026-06-16 14:13:37.717,2026-06-14 19:58:18.489,0.0,0.0,0,mc4,demo1
2026-06-16 14:13:37.740,2026-06-14 19:58:18.489,0.0,0.0,0,mc3,demo1
2026-06-16 14:13:37.757,2026-06-14 19:58:18.489,0.0,0.0,0,mc2,demo1
2026-06-16 14:13:37.792,2026-06-14 19:58:18.489,0.0,0.0,0,mc6,demo1
2026-06-16 14:13:37.823,2026-06-14 19:58:18.489,0.0,0.0,0,mc5,demo1
2026-06-16 14:13:37.841,2026-06-14 19:58:18.489,0.0,0.0,0,mc1,demo1
2026-06-16 14:13:37.865,2026-06-14 19:53:18.286,0.0,0.0,0,mc6,demo1
2026-06-16 14:13:37.889,2026-06-14 19:53:18.286,0.0,0.0,0,mc5,demo1
2026-06-16 14:13:37.933,2026-06-14 19:53:18.286,0.0,0.0,0,mc1,demo1
2026-06-16 14:13:37.975,2026-06-14 19:53:18.286,0.0,0.0,0,mc4,demo1
2026-06-16 14:13:38.008,2026-06-14 19:53:18.286,0.0,0.0,0,mc2,demo1
2026-06-16 14:13:38.038,2026-06-14 19:53:18.286,0.0,0.0,0,mc3,demo1
2026-06-16 14:13:38.068,2026-06-14 19:48:18.500,0.0,0.0,0,mc2,demo1
2026-06-16 14:13:38.129,2026-06-14 19:48:18.500,0.0,0.0,0,mc6,demo1
2026-06-16 14:13:38.168,2026-06-14 19:48:18.500,0.0,0.0,0,mc4,demo1
2026-06-16 14:13:38.198,2026-06-14 19:48:18.500,0.0,0.0,0,mc3,demo1
2026-06-16 14:13:38.259,2026-06-14 19:48:18.500,0.0,0.0,0,mc1,demo1
2026-06-16 14:13:38.282,2026-06-14 19:48:18.500,0.0,0.0,0,mc5,demo1
2026-06-16 14:13:38.366,2026-06-14 19:43:18.237,0.0,0.0,0,mc5,demo1
2026-06-16 14:13:38.442,2026-06-14 19:43:18.237,0.0,0.0,0,mc1,demo1
2026-06-16 14:13:38.402,2026-06-14 19:43:18.237,0.0,0.0,0,mc2,demo1
2026-06-16 14:13:38.347,2026-06-14 19:43:18.237,0.0,0.0,0,mc3,demo1
2026-06-16 14:13:38.316,2026-06-14 19:43:18.237,0.0,0.0,0,mc4,demo1
2026-06-16 14:13:38.299,2026-06-14 19:43:18.237,0.0,0.0,0,mc6,demo1
2026-06-16 14:13:38.491,2026-06-14 19:38:18.487,0.0,0.0,0,mc3,demo1
2026-06-16 14:13:38.532,2026-06-14 19:38:18.487,0.0,0.0,0,mc4,demo1
2026-06-16 14:13:38.558,2026-06-14 19:38:18.487,0.0,0.0,0,mc5,demo1
2026-06-16 14:13:38.467,2026-06-14 19:38:18.487,0.0,0.0,0,mc2,demo1
2026-06-16 14:13:38.594,2026-06-14 19:38:18.487,0.0,0.0,0,mc6,demo1
2026-06-16 14:13:38.622,2026-06-14 19:38:18.487,0.0,0.0,0,mc1,demo1
2026-06-16 14:13:38.651,2026-06-14 19:33:18.786,0.0,0.0,0,mc6,demo1
2026-06-16 14:13:38.674,2026-06-14 19:33:18.786,0.0,0.0,0,mc3,demo1
2026-06-16 14:13:38.699,2026-06-14 19:33:18.786,0.0,0.0,0,mc2,demo1
2026-06-16 14:13:38.747,2026-06-14 19:33:18.786,0.0,0.0,0,mc1,demo1
2026-06-16 14:13:38.780,2026-06-14 19:33:18.786,0.0,0.0,0,mc5,demo1
2026-06-16 14:13:38.836,2026-06-14 19:33:18.786,0.0,0.0,0,mc4,demo1
2026-06-16 14:13:38.940,2026-06-14 19:28:18.358,0.0,0.0,0,mc6,demo1
2026-06-16 14:13:38.966,2026-06-14 19:28:18.358,0.0,0.0,0,mc2,demo1
2026-06-16 14:13:38.999,2026-06-14 19:28:18.358,0.0,0.0,0,mc5,demo1
2026-06-16 14:13:39.030,2026-06-14 19:28:18.358,0.0,0.0,0,mc4,demo1
2026-06-16 14:13:39.057,2026-06-14 19:28:18.358,0.0,0.0,0,mc1,demo1
2026-06-16 14:13:39.088,2026-06-14 19:28:18.358,0.0,0.0,0,mc3,demo1
2026-06-16 14:13:39.122,2026-06-14 19:23:18.644,0.0,0.0,0,mc1,demo1
2026-06-16 14:13:39.138,2026-06-14 19:23:18.644,0.0,0.0,0,mc5,demo1
2026-06-16 14:13:39.167,2026-06-14 19:23:18.644,0.0,0.0,0,mc2,demo1
2026-06-16 14:13:39.197,2026-06-14 19:23:18.644,0.0,0.0,0,mc6,demo1
2026-06-16 14:13:39.224,2026-06-14 19:23:18.644,0.0,0.0,0,mc3,demo1
2026-06-16 14:13:39.249,2026-06-14 19:23:18.644,0.0,0.0,0,mc4,demo1
2026-06-16 14:13:39.281,2026-06-14 19:18:18.838,0.0,0.0,0,mc2,demo1
2026-06-16 14:13:39.310,2026-06-14 19:18:18.838,0.0,0.0,0,mc5,demo1
2026-06-16 14:13:39.553,2026-06-14 19:18:18.838,0.0,0.0,0,mc6,demo1
2026-06-16 14:13:39.574,2026-06-14 19:18:18.838,0.0,0.0,0,mc4,demo1
2026-06-16 14:13:39.637,2026-06-14 19:18:18.838,0.0,0.0,0,mc3,demo1
2026-06-16 14:13:39.666,2026-06-14 19:18:18.838,0.0,0.0,0,mc1,demo1
2026-06-16 14:13:39.782,2026-06-14 19:13:18.414,0.0,0.0,0,mc5,demo1
2026-06-16 14:13:39.682,2026-06-14 19:13:18.414,0.0,0.0,0,mc4,demo1
2026-06-16 14:13:39.701,2026-06-14 19:13:18.414,0.0,0.0,0,mc6,demo1
2026-06-16 14:13:39.735,2026-06-14 19:13:18.414,0.0,0.0,0,mc2,demo1
2026-06-16 14:13:39.760,2026-06-14 19:13:18.414,0.0,0.0,0,mc1,demo1
2026-06-16 14:13:39.807,2026-06-14 19:13:18.414,0.0,0.0,0,mc3,demo1
2026-06-16 14:13:39.971,2026-06-14 19:08:18.880,0.0,0.0,0,mc4,demo1
2026-06-16 14:13:39.838,2026-06-14 19:08:18.880,0.0,0.0,0,mc3,demo1
2026-06-16 14:13:39.897,2026-06-14 19:08:18.880,0.0,0.0,0,mc6,demo1
2026-06-16 14:13:40.009,2026-06-14 19:08:18.880,0.0,0.0,0,mc2,demo1
2026-06-16 14:13:40.064,2026-06-14 19:08:18.880,0.0,0.0,0,mc5,demo1
2026-06-16 14:13:40.093,2026-06-14 19:08:18.880,0.0,0.0,0,mc1,demo1
2026-06-16 14:13:40.157,2026-06-14 19:03:19.137,0.0,0.0,0,mc4,demo1
2026-06-16 14:13:40.195,2026-06-14 19:03:19.137,0.0,0.0,0,mc2,demo1
2026-06-16 14:13:40.223,2026-06-14 19:03:19.137,0.0,0.0,0,mc3,demo1
2026-06-16 14:13:40.268,2026-06-14 19:03:19.137,0.0,0.0,0,mc5,demo1
2026-06-16 14:13:40.291,2026-06-14 19:03:19.137,0.0,0.0,0,mc1,demo1
2026-06-16 14:13:40.111,2026-06-14 19:03:19.137,0.0,0.0,0,mc6,demo1
2026-06-16 14:13:40.326,2026-06-14 18:58:18.694,0.0,0.0,0,mc6,demo1
2026-06-16 14:13:40.429,2026-06-14 18:58:18.694,0.0,0.0,0,mc1,demo1
2026-06-16 14:13:40.477,2026-06-14 18:58:18.694,0.0,0.0,0,mc3,demo1
2026-06-16 14:13:40.507,2026-06-14 18:58:18.694,0.0,0.0,0,mc4,demo1
2026-06-16 14:13:40.542,2026-06-14 18:58:18.694,0.0,0.0,0,mc2,demo1
2026-06-16 14:13:40.372,2026-06-14 18:58:18.694,0.0,0.0,0,mc5,demo1
2026-06-16 14:13:40.757,2026-06-14 18:53:18.791,0.0,0.0,0,mc3,demo1
2026-06-16 14:13:40.730,2026-06-14 18:53:18.791,0.0,0.0,0,mc4,demo1
2026-06-16 14:13:40.710,2026-06-14 18:53:18.791,0.0,0.0,0,mc5,demo1
2026-06-16 14:13:40.671,2026-06-14 18:53:18.791,0.0,0.0,0,mc6,demo1
2026-06-16 14:13:40.607,2026-06-14 18:53:18.791,0.0,0.0,0,mc2,demo1
2026-06-16 14:13:40.580,2026-06-14 18:53:18.791,0.0,0.0,0,mc1,demo1
2026-06-16 14:13:40.814,2026-06-14 18:48:18.425,0.0,0.0,0,mc3,demo1
2026-06-16 14:13:40.839,2026-06-14 18:48:18.425,0.0,0.0,0,mc6,demo1
2026-06-16 14:13:40.933,2026-06-14 18:48:18.425,0.0,0.0,0,mc5,demo1
2026-06-16 14:13:40.975,2026-06-14 18:48:18.425,0.0,0.0,0,mc4,demo1
2026-06-16 14:13:40.999,2026-06-14 18:48:18.425,0.0,0.0,0,mc1,demo1
2026-06-16 14:13:40.774,2026-06-14 18:48:18.425,0.0,0.0,0,mc2,demo1
2026-06-16 14:13:41.190,2026-06-14 18:43:18.819,0.0,0.0,0,mc2,demo1
2026-06-16 14:13:41.167,2026-06-14 18:43:18.819,0.0,0.0,0,mc4,demo1
2026-06-16 14:13:41.130,2026-06-14 18:43:18.819,0.0,0.0,0,mc1,demo1
2026-06-16 14:13:41.099,2026-06-14 18:43:18.819,0.0,0.0,0,mc3,demo1
2026-06-16 14:13:41.074,2026-06-14 18:43:18.819,0.0,0.0,0,mc5,demo1
2026-06-16 14:13:41.047,2026-06-14 18:43:18.819,0.0,0.0,0,mc6,demo1
2026-06-16 14:13:41.397,2026-06-14 18:38:18.817,0.0,0.0,0,mc6,demo1
2026-06-16 14:13:41.215,2026-06-14 18:38:18.817,0.0,0.0,0,mc1,demo1
2026-06-16 14:13:41.276,2026-06-14 18:38:18.817,0.0,0.0,0,mc5,demo1
2026-06-16 14:13:41.300,2026-06-14 18:38:18.817,0.0,0.0,0,mc3,demo1
2026-06-16 14:13:41.324,2026-06-14 18:38:18.817,0.0,0.0,0,mc2,demo1
2026-06-16 14:13:41.370,2026-06-14 18:38:18.817,0.0,0.0,0,mc4,demo1
2026-06-16 14:13:41.457,2026-06-14 18:33:18.931,0.0,0.0,0,mc4,demo1
2026-06-16 14:13:41.614,2026-06-14 18:33:18.931,0.0,0.0,0,mc1,demo1
2026-06-16 14:13:41.575,2026-06-14 18:33:18.931,0.0,0.0,0,mc6,demo1
2026-06-16 14:13:41.555,2026-06-14 18:33:18.931,0.0,0.0,0,mc3,demo1
2026-06-16 14:13:41.532,2026-06-14 18:33:18.931,0.0,0.0,0,mc5,demo1
2026-06-16 14:13:41.514,2026-06-14 18:33:18.931,0.0,0.0,0,mc2,demo1
2026-06-16 14:13:41.664,2026-06-14 18:28:19.010,0.0,0.0,0,mc2,demo1
2026-06-16 14:13:41.958,2026-06-14 18:28:19.010,0.0,0.0,0,mc3,demo1
2026-06-16 14:13:41.933,2026-06-14 18:28:19.010,0.0,0.0,0,mc4,demo1
2026-06-16 14:13:41.905,2026-06-14 18:28:19.010,0.0,0.0,0,mc5,demo1
2026-06-16 14:13:41.722,2026-06-14 18:28:19.010,0.0,0.0,0,mc6,demo1
2026-06-16 14:13:41.694,2026-06-14 18:28:19.010,0.0,0.0,0,mc1,demo1
2026-06-16 14:13:42.161,2026-06-14 18:23:18.254,0.0,0.0,0,mc5,demo1
2026-06-16 14:13:41.987,2026-06-14 18:23:18.254,0.0,0.0,0,mc4,demo1
2026-06-16 14:13:42.019,2026-06-14 18:23:18.254,0.0,0.0,0,mc3,demo1
2026-06-16 14:13:42.065,2026-06-14 18:23:18.254,0.0,0.0,0,mc1,demo1
2026-06-16 14:13:42.090,2026-06-14 18:23:18.254,0.0,0.0,0,mc6,demo1
2026-06-16 14:13:42.125,2026-06-14 18:23:18.254,0.0,0.0,0,mc2,demo1
2026-06-16 14:13:42.435,2026-06-14 18:18:18.987,0.0,0.0,0,mc3,demo1
2026-06-16 14:13:42.201,2026-06-14 18:18:18.987,0.0,0.0,0,mc2,demo1
2026-06-16 14:13:42.225,2026-06-14 18:18:18.987,0.0,0.0,0,mc5,demo1
2026-06-16 14:13:42.293,2026-06-14 18:18:18.987,0.0,0.0,0,mc4,demo1
2026-06-16 14:13:42.336,2026-06-14 18:18:18.987,0.0,0.0,0,mc6,demo1
2026-06-16 14:13:42.373,2026-06-14 18:18:18.987,0.0,0.0,0,mc1,demo1
2026-06-16 14:13:43.194,2026-06-14 18:13:19.204,0.0,0.0,0,mc5,demo1
2026-06-16 14:13:43.338,2026-06-14 18:13:19.204,0.0,0.0,0,mc1,demo1
2026-06-16 14:13:43.291,2026-06-14 18:13:19.204,0.0,0.0,0,mc6,demo1
2026-06-16 14:13:43.267,2026-06-14 18:13:19.204,0.0,0.0,0,mc3,demo1
2026-06-16 14:13:43.238,2026-06-14 18:13:19.204,0.0,0.0,0,mc4,demo1
2026-06-16 14:13:43.049,2026-06-14 18:13:19.204,0.0,0.0,0,mc2,demo1
2026-06-16 14:13:43.357,2026-06-14 18:08:19.061,0.0,0.0,0,mc5,demo1
2026-06-16 14:13:43.374,2026-06-14 18:08:19.061,0.0,0.0,0,mc1,demo1
2026-06-16 14:13:43.435,2026-06-14 18:08:19.061,0.0,0.0,0,mc4,demo1
2026-06-16 14:13:43.463,2026-06-14 18:08:19.061,0.0,0.0,0,mc2,demo1
2026-06-16 14:13:43.490,2026-06-14 18:08:19.061,0.0,0.0,0,mc6,demo1
2026-06-16 14:13:43.507,2026-06-14 18:08:19.061,0.0,0.0,0,mc3,demo1
2026-06-16 14:13:43.544,2026-06-14 18:03:18.352,0.0,0.0,0,mc2,demo1
2026-06-16 14:13:43.565,2026-06-14 18:03:18.352,0.0,0.0,0,mc5,demo1
2026-06-16 14:13:43.592,2026-06-14 18:03:18.352,0.0,0.0,0,mc4,demo1
2026-06-16 14:13:43.682,2026-06-14 18:03:18.352,0.0,0.0,0,mc3,demo1
2026-06-16 14:13:43.623,2026-06-14 18:03:18.352,0.0,0.0,0,mc1,demo1
2026-06-16 14:13:43.657,2026-06-14 18:03:18.352,0.0,0.0,0,mc6,demo1
2026-06-16 14:13:43.772,2026-06-14 17:58:19.064,0.0,0.0,0,mc5,demo1
2026-06-16 14:13:43.837,2026-06-14 17:58:19.064,0.0,0.0,0,mc2,demo1
2026-06-16 14:13:43.805,2026-06-14 17:58:19.064,0.0,0.0,0,mc4,demo1
2026-06-16 14:13:43.789,2026-06-14 17:58:19.064,0.0,0.0,0,mc1,demo1
2026-06-16 14:13:43.744,2026-06-14 17:58:19.064,0.0,0.0,0,mc3,demo1
2026-06-16 14:13:43.699,2026-06-14 17:58:19.064,0.0,0.0,0,mc6,demo1
2026-06-16 14:13:44.236,2026-06-14 17:53:18.740,0.0,0.0,0,mc5,demo1
2026-06-16 14:13:43.866,2026-06-14 17:53:18.740,0.0,0.0,0,mc3,demo1
2026-06-16 14:13:43.905,2026-06-14 17:53:18.740,0.0,0.0,0,mc2,demo1
2026-06-16 14:13:43.962,2026-06-14 17:53:18.740,0.0,0.0,0,mc1,demo1
2026-06-16 14:13:44.146,2026-06-14 17:53:18.740,0.0,0.0,0,mc4,demo1
2026-06-16 14:13:44.195,2026-06-14 17:53:18.740,0.0,0.0,0,mc6,demo1
2026-06-16 14:13:44.290,2026-06-14 17:48:19.383,0.0,0.0,0,mc1,demo1
2026-06-16 14:13:44.328,2026-06-14 17:48:19.383,0.0,0.0,0,mc5,demo1
2026-06-16 14:13:44.368,2026-06-14 17:48:19.383,0.0,0.0,0,mc2,demo1
2026-06-16 14:13:44.397,2026-06-14 17:48:19.383,0.0,0.0,0,mc6,demo1
2026-06-16 14:13:44.432,2026-06-14 17:48:19.383,0.0,0.0,0,mc4,demo1
2026-06-16 14:13:44.674,2026-06-14 17:48:19.383,0.0,0.0,0,mc3,demo1
2026-06-16 14:13:44.841,2026-06-14 17:43:18.228,0.0,0.0,0,mc4,demo1
2026-06-16 14:13:44.705,2026-06-14 17:43:18.228,0.0,0.0,0,mc2,demo1
2026-06-16 14:13:44.750,2026-06-14 17:43:18.228,0.0,0.0,0,mc3,demo1
2026-06-16 14:13:44.774,2026-06-14 17:43:18.228,0.0,0.0,0,mc6,demo1
2026-06-16 14:13:44.791,2026-06-14 17:43:18.228,0.0,0.0,0,mc5,demo1
2026-06-16 14:13:44.807,2026-06-14 17:43:18.228,0.0,0.0,0,mc1,demo1
2026-06-16 14:13:44.892,2026-06-14 17:38:18.661,0.0,0.0,0,mc3,demo1
2026-06-16 14:13:45.163,2026-06-14 17:38:18.661,0.0,0.0,0,mc6,demo1
2026-06-16 14:13:45.101,2026-06-14 17:38:18.661,0.0,0.0,0,mc4,demo1
2026-06-16 14:13:45.067,2026-06-14 17:38:18.661,0.0,0.0,0,mc2,demo1
2026-06-16 14:13:44.988,2026-06-14 17:38:18.661,0.0,0.0,0,mc1,demo1
2026-06-16 14:13:44.955,2026-06-14 17:38:18.661,0.0,0.0,0,mc5,demo1
2026-06-16 14:13:45.193,2026-06-14 17:33:19.082,0.0,0.0,0,mc3,demo1
2026-06-16 14:13:45.365,2026-06-14 17:33:19.082,0.0,0.0,0,mc1,demo1
2026-06-16 14:13:45.333,2026-06-14 17:33:19.082,0.0,0.0,0,mc4,demo1
2026-06-16 14:13:45.300,2026-06-14 17:33:19.082,0.0,0.0,0,mc5,demo1
2026-06-16 14:13:45.267,2026-06-14 17:33:19.082,0.0,0.0,0,mc2,demo1
2026-06-16 14:13:45.223,2026-06-14 17:33:19.082,0.0,0.0,0,mc6,demo1
2026-06-16 14:13:45.408,2026-06-14 17:28:18.771,0.0,0.0,0,mc3,demo1
2026-06-16 14:13:45.574,2026-06-14 17:28:18.771,0.0,0.0,0,mc1,demo1
2026-06-16 14:13:45.549,2026-06-14 17:28:18.771,0.0,0.0,0,mc2,demo1
2026-06-16 14:13:45.518,2026-06-14 17:28:18.771,0.0,0.0,0,mc4,demo1
2026-06-16 14:13:45.452,2026-06-14 17:28:18.771,0.0,0.0,0,mc5,demo1
2026-06-16 14:13:45.392,2026-06-14 17:28:18.771,0.0,0.0,0,mc6,demo1
2026-06-16 14:13:45.606,2026-06-14 17:23:18.212,0.0,0.0,0,mc5,demo1
2026-06-16 14:13:45.750,2026-06-14 17:23:18.212,0.0,0.0,0,mc3,demo1
2026-06-16 14:13:45.719,2026-06-14 17:23:18.212,0.0,0.0,0,mc1,demo1
2026-06-16 14:13:45.673,2026-06-14 17:23:18.212,0.0,0.0,0,mc6,demo1
2026-06-16 14:13:45.649,2026-06-14 17:23:18.212,0.0,0.0,0,mc2,demo1
2026-06-16 14:13:45.624,2026-06-14 17:23:18.212,0.0,0.0,0,mc4,demo1
2026-06-16 14:13:45.774,2026-06-14 17:18:18.762,0.0,0.0,0,mc5,demo1
2026-06-16 14:13:46.043,2026-06-14 17:18:18.762,0.0,0.0,0,mc3,demo1
2026-06-16 14:13:45.977,2026-06-14 17:18:18.762,0.0,0.0,0,mc1,demo1
2026-06-16 14:13:45.903,2026-06-14 17:18:18.762,0.0,0.0,0,mc6,demo1
2026-06-16 14:13:45.824,2026-06-14 17:18:18.762,0.0,0.0,0,mc2,demo1
2026-06-16 14:13:45.799,2026-06-14 17:18:18.762,0.0,0.0,0,mc4,demo1
2026-06-16 14:13:46.142,2026-06-14 17:13:18.696,0.0,0.0,0,mc6,demo1
2026-06-16 14:13:46.117,2026-06-14 17:13:18.696,0.0,0.0,0,mc2,demo1
2026-06-16 14:13:46.649,2026-06-14 17:13:18.696,0.0,0.0,0,mc1,demo1
2026-06-16 14:13:46.242,2026-06-14 17:13:18.696,0.0,0.0,0,mc4,demo1
2026-06-16 14:13:46.167,2026-06-14 17:13:18.696,0.0,0.0,0,mc3,demo1
2026-06-16 14:13:46.067,2026-06-14 17:13:18.696,0.0,0.0,0,mc5,demo1
2026-06-16 14:13:46.695,2026-06-14 17:08:18.614,0.0,0.0,0,mc3,demo1
2026-06-16 14:13:46.816,2026-06-14 17:08:18.614,0.0,0.0,0,mc4,demo1
2026-06-16 14:13:46.798,2026-06-14 17:08:18.614,0.0,0.0,0,mc5,demo1
2026-06-16 14:13:46.756,2026-06-14 17:08:18.614,0.0,0.0,0,mc6,demo1
2026-06-16 14:13:46.733,2026-06-14 17:08:18.614,0.0,0.0,0,mc1,demo1
2026-06-16 14:13:46.716,2026-06-14 17:08:18.614,0.0,0.0,0,mc2,demo1
2026-06-16 14:13:46.989,2026-06-14 17:03:18.744,0.0,0.0,0,mc5,demo1
2026-06-16 14:13:47.031,2026-06-14 17:03:18.744,0.0,0.0,0,mc2,demo1
2026-06-16 14:13:47.007,2026-06-14 17:03:18.744,0.0,0.0,0,mc6,demo1
2026-06-16 14:13:46.964,2026-06-14 17:03:18.744,0.0,0.0,0,mc1,demo1
2026-06-16 14:13:46.901,2026-06-14 17:03:18.744,0.0,0.0,0,mc3,demo1
2026-06-16 14:13:46.842,2026-06-14 17:03:18.744,0.0,0.0,0,mc4,demo1
2026-06-16 14:13:47.057,2026-06-14 16:58:18.716,0.0,0.0,0,mc4,demo1
2026-06-16 14:13:47.074,2026-06-14 16:58:18.716,0.0,0.0,0,mc2,demo1
2026-06-16 14:13:47.108,2026-06-14 16:58:18.716,0.0,0.0,0,mc1,demo1
2026-06-16 14:13:47.133,2026-06-14 16:58:18.716,0.0,0.0,0,mc5,demo1
2026-06-16 14:13:47.182,2026-06-14 16:58:18.716,0.0,0.0,0,mc3,demo1
2026-06-16 14:13:47.207,2026-06-14 16:58:18.716,0.0,0.0,0,mc6,demo1
2026-06-16 14:13:47.241,2026-06-14 16:53:18.776,0.0,0.0,0,mc4,demo1
2026-06-16 14:13:47.275,2026-06-14 16:53:18.776,0.0,0.0,0,mc6,demo1
2026-06-16 14:13:47.299,2026-06-14 16:53:18.776,0.0,0.0,0,mc2,demo1
2026-06-16 14:13:47.343,2026-06-14 16:53:18.776,0.0,0.0,0,mc1,demo1
2026-06-16 14:13:47.366,2026-06-14 16:53:18.776,0.0,0.0,0,mc5,demo1
2026-06-16 14:13:47.412,2026-06-14 16:53:18.776,0.0,0.0,0,mc3,demo1
2026-06-16 14:13:47.456,2026-06-14 16:48:18.581,0.0,0.0,0,mc6,demo1
2026-06-16 14:13:47.502,2026-06-14 16:48:18.581,0.0,0.0,0,mc1,demo1
2026-06-16 14:13:47.544,2026-06-14 16:48:18.581,0.0,0.0,0,mc4,demo1
2026-06-16 14:13:47.575,2026-06-14 16:48:18.581,0.0,0.0,0,mc2,demo1
2026-06-16 14:13:47.616,2026-06-14 16:48:18.581,0.0,0.0,0,mc3,demo1
2026-06-16 14:13:47.639,2026-06-14 16:48:18.581,0.0,0.0,0,mc5,demo1
2026-06-16 14:13:47.667,2026-06-14 16:43:18.785,0.0,0.0,0,mc5,demo1
2026-06-16 14:13:47.690,2026-06-14 16:43:18.785,0.0,0.0,0,mc2,demo1
2026-06-16 14:13:47.727,2026-06-14 16:43:18.785,0.0,0.0,0,mc4,demo1
2026-06-16 14:13:47.757,2026-06-14 16:43:18.785,0.0,0.0,0,mc3,demo1
2026-06-16 14:13:47.782,2026-06-14 16:43:18.785,0.0,0.0,0,mc1,demo1
2026-06-16 14:13:47.822,2026-06-14 16:43:18.785,0.0,0.0,0,mc6,demo1
2026-06-16 14:13:47.855,2026-06-14 16:38:18.138,0.0,0.0,0,mc3,demo1
2026-06-16 14:13:47.872,2026-06-14 16:38:18.138,0.0,0.0,0,mc6,demo1
2026-06-16 14:13:47.907,2026-06-14 16:38:18.138,0.0,0.0,0,mc2,demo1
2026-06-16 14:13:47.956,2026-06-14 16:38:18.138,0.0,0.0,0,mc5,demo1
2026-06-16 14:13:47.980,2026-06-14 16:38:18.138,0.0,0.0,0,mc1,demo1
2026-06-16 14:13:47.997,2026-06-14 16:38:18.138,0.0,0.0,0,mc4,demo1
2026-06-16 14:13:48.030,2026-06-14 16:33:19.063,0.0,0.0,0,mc5,demo1
2026-06-16 14:13:48.059,2026-06-14 16:33:19.063,0.0,0.0,0,mc1,demo1
2026-06-16 14:13:48.082,2026-06-14 16:33:19.063,0.0,0.0,0,mc6,demo1
2026-06-16 14:13:48.107,2026-06-14 16:33:19.063,0.0,0.0,0,mc4,demo1
2026-06-16 14:13:48.139,2026-06-14 16:33:19.063,0.0,0.0,0,mc3,demo1
2026-06-16 14:13:48.157,2026-06-14 16:33:19.063,0.0,0.0,0,mc2,demo1
2026-06-16 14:13:48.216,2026-06-14 16:28:18.693,0.0,0.0,0,mc4,demo1
2026-06-16 14:13:48.240,2026-06-14 16:28:18.693,0.0,0.0,0,mc5,demo1
2026-06-16 14:13:48.278,2026-06-14 16:28:18.693,0.0,0.0,0,mc2,demo1
2026-06-16 14:13:48.323,2026-06-14 16:28:18.693,0.0,0.0,0,mc3,demo1
2026-06-16 14:13:48.373,2026-06-14 16:28:18.693,0.0,0.0,0,mc1,demo1
2026-06-16 14:13:48.398,2026-06-14 16:28:18.693,0.0,0.0,0,mc6,demo1
2026-06-16 14:13:48.452,2026-06-14 16:23:18.926,0.0,0.0,0,mc6,demo1
2026-06-16 14:13:48.478,2026-06-14 16:23:18.926,0.0,0.0,0,mc3,demo1
2026-06-16 14:13:48.499,2026-06-14 16:23:18.926,0.0,0.0,0,mc1,demo1
2026-06-16 14:13:48.574,2026-06-14 16:23:18.926,0.0,0.0,0,mc4,demo1
2026-06-16 14:13:48.526,2026-06-14 16:23:18.926,0.0,0.0,0,mc2,demo1
2026-06-16 14:13:48.555,2026-06-14 16:23:18.926,0.0,0.0,0,mc5,demo1
2026-06-16 14:13:48.625,2026-06-14 16:18:19.140,0.0,0.0,0,mc6,demo1
2026-06-16 14:13:48.592,2026-06-14 16:18:19.140,0.0,0.0,0,mc1,demo1
2026-06-16 14:13:48.640,2026-06-14 16:18:19.140,0.0,0.0,0,mc5,demo1
2026-06-16 14:13:48.690,2026-06-14 16:18:19.140,0.0,0.0,0,mc3,demo1
2026-06-16 14:13:48.707,2026-06-14 16:18:19.140,0.0,0.0,0,mc4,demo1
2026-06-16 14:13:48.732,2026-06-14 16:18:19.140,0.0,0.0,0,mc2,demo1
2026-06-16 14:13:48.980,2026-06-14 16:13:18.852,0.0,0.0,0,mc1,demo1
2026-06-16 14:13:48.764,2026-06-14 16:13:18.852,0.0,0.0,0,mc6,demo1
2026-06-16 14:13:48.809,2026-06-14 16:13:18.852,0.0,0.0,0,mc5,demo1
2026-06-16 14:13:48.833,2026-06-14 16:13:18.852,0.0,0.0,0,mc4,demo1
2026-06-16 14:13:48.875,2026-06-14 16:13:18.852,0.0,0.0,0,mc2,demo1
2026-06-16 14:13:48.952,2026-06-14 16:13:18.852,0.0,0.0,0,mc3,demo1
2026-06-16 14:13:49.082,2026-06-14 16:08:19.078,0.0,0.0,0,mc2,demo1
2026-06-16 14:13:48.999,2026-06-14 16:08:19.078,0.0,0.0,0,mc4,demo1
2026-06-16 14:13:49.033,2026-06-14 16:08:19.078,0.0,0.0,0,mc1,demo1
2026-06-16 14:13:49.050,2026-06-14 16:08:19.078,0.0,0.0,0,mc3,demo1
2026-06-16 14:13:49.065,2026-06-14 16:08:19.078,0.0,0.0,0,mc6,demo1
2026-06-16 14:13:49.099,2026-06-14 16:08:19.078,0.0,0.0,0,mc5,demo1
2026-06-16 14:13:49.256,2026-06-14 16:03:19.024,0.0,0.0,0,mc4,demo1
2026-06-16 14:13:49.122,2026-06-14 16:03:19.024,0.0,0.0,0,mc6,demo1
2026-06-16 14:13:49.153,2026-06-14 16:03:19.024,0.0,0.0,0,mc3,demo1
2026-06-16 14:13:49.209,2026-06-14 16:03:19.024,0.0,0.0,0,mc2,demo1
2026-06-16 14:13:49.231,2026-06-14 16:03:19.024,0.0,0.0,0,mc5,demo1
2026-06-16 14:13:49.281,2026-06-14 16:03:19.024,0.0,0.0,0,mc1,demo1
2026-06-16 14:13:49.431,2026-06-14 15:58:18.703,0.0,0.0,0,mc5,demo1
2026-06-16 14:13:49.306,2026-06-14 15:58:18.703,0.0,0.0,0,mc1,demo1
2026-06-16 14:13:49.340,2026-06-14 15:58:18.703,0.0,0.0,0,mc6,demo1
2026-06-16 14:13:49.364,2026-06-14 15:58:18.703,0.0,0.0,0,mc2,demo1
2026-06-16 14:13:49.390,2026-06-14 15:58:18.703,0.0,0.0,0,mc3,demo1
2026-06-16 14:13:49.450,2026-06-14 15:58:18.703,0.0,0.0,0,mc4,demo1
2026-06-16 14:13:49.541,2026-06-14 15:53:19.401,0.0,0.0,0,mc4,demo1
2026-06-16 14:13:49.483,2026-06-14 15:53:19.401,0.0,0.0,0,mc6,demo1
2026-06-16 14:13:49.517,2026-06-14 15:53:19.401,0.0,0.0,0,mc1,demo1
2026-06-16 14:13:49.859,2026-06-14 15:53:19.401,0.0,0.0,0,mc3,demo1
2026-06-16 14:13:49.907,2026-06-14 15:53:19.401,0.0,0.0,0,mc2,demo1
2026-06-16 14:13:49.977,2026-06-14 15:53:19.401,0.0,0.0,0,mc5,demo1
2026-06-16 14:13:50.339,2026-06-14 15:48:18.664,0.0,0.0,0,mc3,demo1
2026-06-16 14:13:50.057,2026-06-14 15:48:18.664,0.0,0.0,0,mc1,demo1
2026-06-16 14:13:50.109,2026-06-14 15:48:18.664,0.0,0.0,0,mc4,demo1
2026-06-16 14:13:50.180,2026-06-14 15:48:18.664,0.0,0.0,0,mc5,demo1
2026-06-16 14:13:50.250,2026-06-14 15:48:18.664,0.0,0.0,0,mc2,demo1
2026-06-16 14:13:50.299,2026-06-14 15:48:18.664,0.0,0.0,0,mc6,demo1
2026-06-16 14:13:50.546,2026-06-14 15:43:19.037,0.0,0.0,0,mc6,demo1
2026-06-16 14:13:50.367,2026-06-14 15:43:19.037,0.0,0.0,0,mc1,demo1
2026-06-16 14:13:50.390,2026-06-14 15:43:19.037,0.0,0.0,0,mc4,demo1
2026-06-16 14:13:50.464,2026-06-14 15:43:19.037,0.0,0.0,0,mc5,demo1
2026-06-16 14:13:50.522,2026-06-14 15:43:19.037,0.0,0.0,0,mc3,demo1
2026-06-16 14:13:50.572,2026-06-14 15:43:19.037,0.0,0.0,0,mc2,demo1
2026-06-16 14:13:50.749,2026-06-14 15:38:18.883,0.0,0.0,0,mc2,demo1
2026-06-16 14:13:50.608,2026-06-14 15:38:18.883,0.0,0.0,0,mc6,demo1
2026-06-16 14:13:50.633,2026-06-14 15:38:18.883,0.0,0.0,0,mc4,demo1
2026-06-16 14:13:50.677,2026-06-14 15:38:18.883,0.0,0.0,0,mc1,demo1
2026-06-16 14:13:50.714,2026-06-14 15:38:18.883,0.0,0.0,0,mc5,demo1
2026-06-16 14:13:50.774,2026-06-14 15:38:18.883,0.0,0.0,0,mc3,demo1
2026-06-16 14:13:50.882,2026-06-14 15:33:18.502,0.0,0.0,0,mc2,demo1
2026-06-16 14:13:50.791,2026-06-14 15:33:18.502,0.0,0.0,0,mc4,demo1
2026-06-16 14:13:50.807,2026-06-14 15:33:18.502,0.0,0.0,0,mc5,demo1
2026-06-16 14:13:50.957,2026-06-14 15:33:18.502,0.0,0.0,0,mc1,demo1
2026-06-16 14:13:50.857,2026-06-14 15:33:18.502,0.0,0.0,0,mc6,demo1
2026-06-16 14:13:50.933,2026-06-14 15:33:18.502,0.0,0.0,0,mc3,demo1
2026-06-16 14:13:51.191,2026-06-14 15:28:18.936,0.0,0.0,0,mc5,demo1
2026-06-16 14:13:50.975,2026-06-14 15:28:18.936,0.0,0.0,0,mc3,demo1
2026-06-16 14:13:51.016,2026-06-14 15:28:18.936,0.0,0.0,0,mc6,demo1
2026-06-16 14:13:51.045,2026-06-14 15:28:18.936,0.0,0.0,0,mc1,demo1
2026-06-16 14:13:51.143,2026-06-14 15:28:18.936,0.0,0.0,0,mc2,demo1
2026-06-16 14:13:51.166,2026-06-14 15:28:18.936,0.0,0.0,0,mc4,demo1
2026-06-16 14:13:51.367,2026-06-14 15:23:18.417,0.0,0.0,0,mc4,demo1
2026-06-16 14:13:51.235,2026-06-14 15:23:18.417,0.0,0.0,0,mc1,demo1
2026-06-16 14:13:51.259,2026-06-14 15:23:18.417,0.0,0.0,0,mc6,demo1
2026-06-16 14:13:51.284,2026-06-14 15:23:18.417,0.0,0.0,0,mc2,demo1
2026-06-16 14:13:51.324,2026-06-14 15:23:18.417,0.0,0.0,0,mc5,demo1
2026-06-16 14:13:51.343,2026-06-14 15:23:18.417,0.0,0.0,0,mc3,demo1
2026-06-16 14:13:51.565,2026-06-14 15:18:18.355,0.0,0.0,0,mc2,demo1
2026-06-16 14:13:51.407,2026-06-14 15:18:18.355,0.0,0.0,0,mc4,demo1
2026-06-16 14:13:51.441,2026-06-14 15:18:18.355,0.0,0.0,0,mc6,demo1
2026-06-16 14:13:51.477,2026-06-14 15:18:18.355,0.0,0.0,0,mc3,demo1
2026-06-16 14:13:51.524,2026-06-14 15:18:18.355,0.0,0.0,0,mc5,demo1
2026-06-16 14:13:51.601,2026-06-14 15:18:18.355,0.0,0.0,0,mc1,demo1
2026-06-16 14:13:51.995,2026-06-14 15:13:18.932,0.0,0.0,0,mc5,demo1
2026-06-16 14:13:51.634,2026-06-14 15:13:18.932,0.0,0.0,0,mc3,demo1
2026-06-16 14:13:51.869,2026-06-14 15:13:18.932,0.0,0.0,0,mc4,demo1
2026-06-16 14:13:51.899,2026-06-14 15:13:18.932,0.0,0.0,0,mc2,demo1
2026-06-16 14:13:51.958,2026-06-14 15:13:18.932,0.0,0.0,0,mc1,demo1
2026-06-16 14:13:52.030,2026-06-14 15:13:18.932,0.0,0.0,0,mc6,demo1
2026-06-16 14:13:52.174,2026-06-14 15:08:19.319,0.0,0.0,0,mc2,demo1
2026-06-16 14:13:52.057,2026-06-14 15:08:19.319,0.0,0.0,0,mc6,demo1
2026-06-16 14:13:52.082,2026-06-14 15:08:19.319,0.0,0.0,0,mc3,demo1
2026-06-16 14:13:52.121,2026-06-14 15:08:19.319,0.0,0.0,0,mc1,demo1
2026-06-16 14:13:52.149,2026-06-14 15:08:19.319,0.0,0.0,0,mc5,demo1
2026-06-16 14:13:52.206,2026-06-14 15:08:19.319,0.0,0.0,0,mc4,demo1
2026-06-16 14:13:52.384,2026-06-14 15:03:18.901,0.0,0.0,0,mc2,demo1
2026-06-16 14:13:52.232,2026-06-14 15:03:18.901,0.0,0.0,0,mc5,demo1
2026-06-16 14:13:52.267,2026-06-14 15:03:18.901,0.0,0.0,0,mc1,demo1
2026-06-16 14:13:52.290,2026-06-14 15:03:18.901,0.0,0.0,0,mc6,demo1
2026-06-16 14:13:52.336,2026-06-14 15:03:18.901,0.0,0.0,0,mc4,demo1
2026-06-16 14:13:52.360,2026-06-14 15:03:18.901,0.0,0.0,0,mc3,demo1
2026-06-16 14:13:52.649,2026-06-14 14:58:18.768,0.0,0.0,0,mc1,demo1
2026-06-16 14:13:52.401,2026-06-14 14:58:18.768,0.0,0.0,0,mc5,demo1
2026-06-16 14:13:52.446,2026-06-14 14:58:18.768,0.0,0.0,0,mc4,demo1
2026-06-16 14:13:52.467,2026-06-14 14:58:18.768,0.0,0.0,0,mc2,demo1
2026-06-16 14:13:52.490,2026-06-14 14:58:18.768,0.0,0.0,0,mc6,demo1
2026-06-16 14:13:52.515,2026-06-14 14:58:18.768,0.0,0.0,0,mc3,demo1
2026-06-16 14:13:52.839,2026-06-14 14:53:18.941,0.0,0.0,0,mc2,demo1
2026-06-16 14:13:52.667,2026-06-14 14:53:18.941,0.0,0.0,0,mc5,demo1
2026-06-16 14:13:52.710,2026-06-14 14:53:18.941,0.0,0.0,0,mc3,demo1
2026-06-16 14:13:52.774,2026-06-14 14:53:18.941,0.0,0.0,0,mc6,demo1
2026-06-16 14:13:52.800,2026-06-14 14:53:18.941,0.0,0.0,0,mc1,demo1
2026-06-16 14:13:52.871,2026-06-14 14:53:18.941,0.0,0.0,0,mc4,demo1
2026-06-16 14:13:53.033,2026-06-14 14:48:18.980,0.0,0.0,0,mc4,demo1
2026-06-16 14:13:52.902,2026-06-14 14:48:18.980,0.0,0.0,0,mc1,demo1
2026-06-16 14:13:52.947,2026-06-14 14:48:18.980,0.0,0.0,0,mc5,demo1
2026-06-16 14:13:52.976,2026-06-14 14:48:18.980,0.0,0.0,0,mc2,demo1
2026-06-16 14:13:53.001,2026-06-14 14:48:18.980,0.0,0.0,0,mc3,demo1
2026-06-16 14:13:53.072,2026-06-14 14:48:18.980,0.0,0.0,0,mc6,demo1
2026-06-16 14:13:53.277,2026-06-14 14:43:18.936,0.0,0.0,0,mc2,demo1
2026-06-16 14:13:53.107,2026-06-14 14:43:18.936,0.0,0.0,0,mc6,demo1
2026-06-16 14:13:53.146,2026-06-14 14:43:18.936,0.0,0.0,0,mc3,demo1
2026-06-16 14:13:53.208,2026-06-14 14:43:18.936,0.0,0.0,0,mc5,demo1
2026-06-16 14:13:53.249,2026-06-14 14:43:18.936,0.0,0.0,0,mc1,demo1
2026-06-16 14:13:53.303,2026-06-14 14:43:18.936,0.0,0.0,0,mc4,demo1
2026-06-16 14:13:53.442,2026-06-14 14:38:18.905,0.0,0.0,0,mc4,demo1
2026-06-16 14:13:53.336,2026-06-14 14:38:18.905,0.0,0.0,0,mc5,demo1
2026-06-16 14:13:53.359,2026-06-14 14:38:18.905,0.0,0.0,0,mc3,demo1
2026-06-16 14:13:53.384,2026-06-14 14:38:18.905,0.0,0.0,0,mc1,demo1
2026-06-16 14:13:53.409,2026-06-14 14:38:18.905,0.0,0.0,0,mc2,demo1
2026-06-16 14:13:53.469,2026-06-14 14:38:18.905,0.0,0.0,0,mc6,demo1
2026-06-16 14:13:53.634,2026-06-14 14:33:18.478,0.0,0.0,0,mc4,demo1
2026-06-16 14:13:53.601,2026-06-14 14:33:18.478,0.0,0.0,0,mc1,demo1
2026-06-16 14:13:53.576,2026-06-14 14:33:18.478,0.0,0.0,0,mc5,demo1
2026-06-16 14:13:53.555,2026-06-14 14:33:18.478,0.0,0.0,0,mc3,demo1
2026-06-16 14:13:53.513,2026-06-14 14:33:18.478,0.0,0.0,0,mc6,demo1
2026-06-16 14:13:53.487,2026-06-14 14:33:18.478,0.0,0.0,0,mc2,demo1
2026-06-16 14:13:53.793,2026-06-14 14:28:19.008,0.0,0.0,0,mc2,demo1
2026-06-16 14:13:53.668,2026-06-14 14:28:19.008,0.0,0.0,0,mc3,demo1
2026-06-16 14:13:53.692,2026-06-14 14:28:19.008,0.0,0.0,0,mc6,demo1
2026-06-16 14:13:53.718,2026-06-14 14:28:19.008,0.0,0.0,0,mc1,demo1
2026-06-16 14:13:53.743,2026-06-14 14:28:19.008,0.0,0.0,0,mc5,demo1
2026-06-16 14:13:53.767,2026-06-14 14:28:19.008,0.0,0.0,0,mc4,demo1
2026-06-16 14:13:53.901,2026-06-14 14:23:18.371,0.0,0.0,0,mc6,demo1
2026-06-16 14:13:53.809,2026-06-14 14:23:18.371,0.0,0.0,0,mc5,demo1
2026-06-16 14:13:53.832,2026-06-14 14:23:18.371,0.0,0.0,0,mc3,demo1
2026-06-16 14:13:53.863,2026-06-14 14:23:18.371,0.0,0.0,0,mc4,demo1
2026-06-16 14:13:53.885,2026-06-14 14:23:18.371,0.0,0.0,0,mc2,demo1
2026-06-16 14:13:53.951,2026-06-14 14:23:18.371,0.0,0.0,0,mc1,demo1
2026-06-16 14:13:54.093,2026-06-14 14:18:18.402,0.0,0.0,0,mc1,demo1
2026-06-16 14:13:53.976,2026-06-14 14:18:18.402,0.0,0.0,0,mc4,demo1
2026-06-16 14:13:53.992,2026-06-14 14:18:18.402,0.0,0.0,0,mc3,demo1
2026-06-16 14:13:54.017,2026-06-14 14:18:18.402,0.0,0.0,0,mc5,demo1
2026-06-16 14:13:54.075,2026-06-14 14:18:18.402,0.0,0.0,0,mc6,demo1
2026-06-16 14:13:54.109,2026-06-14 14:18:18.402,0.0,0.0,0,mc2,demo1
2026-06-16 14:13:54.217,2026-06-14 14:13:19.384,0.0,0.0,0,mc2,demo1
2026-06-16 14:13:54.142,2026-06-14 14:13:19.384,0.0,0.0,0,mc5,demo1
2026-06-16 14:13:54.159,2026-06-14 14:13:19.384,0.0,0.0,0,mc6,demo1
2026-06-16 14:13:54.185,2026-06-14 14:13:19.384,0.0,0.0,0,mc3,demo1
2026-06-16 14:13:54.203,2026-06-14 14:13:19.384,0.0,0.0,0,mc1,demo1
2026-06-16 14:13:54.234,2026-06-14 14:13:19.384,0.0,0.0,0,mc4,demo1
2026-06-16 14:13:54.386,2026-06-14 14:08:18.921,0.0,0.0,0,mc2,demo1
2026-06-16 14:13:54.251,2026-06-14 14:08:18.921,0.0,0.0,0,mc6,demo1
2026-06-16 14:13:54.273,2026-06-14 14:08:18.921,0.0,0.0,0,mc5,demo1
2026-06-16 14:13:54.292,2026-06-14 14:08:18.921,0.0,0.0,0,mc1,demo1
2026-06-16 14:13:54.309,2026-06-14 14:08:18.921,0.0,0.0,0,mc3,demo1
2026-06-16 14:13:54.335,2026-06-14 14:08:18.921,0.0,0.0,0,mc4,demo1
2026-06-16 14:13:54.533,2026-06-14 14:03:18.592,0.0,0.0,0,mc2,demo1
2026-06-16 14:13:54.409,2026-06-14 14:03:18.592,0.0,0.0,0,mc1,demo1
2026-06-16 14:13:54.434,2026-06-14 14:03:18.592,0.0,0.0,0,mc4,demo1
2026-06-16 14:13:54.450,2026-06-14 14:03:18.592,0.0,0.0,0,mc6,demo1
2026-06-16 14:13:54.482,2026-06-14 14:03:18.592,0.0,0.0,0,mc5,demo1
2026-06-16 14:13:54.501,2026-06-14 14:03:18.592,0.0,0.0,0,mc3,demo1
2026-06-16 14:13:54.701,2026-06-14 13:58:19.426,0.0,0.0,0,mc2,demo1
2026-06-16 14:13:54.569,2026-06-14 13:58:19.426,0.0,0.0,0,mc6,demo1
2026-06-16 14:13:54.592,2026-06-14 13:58:19.426,0.0,0.0,0,mc5,demo1
2026-06-16 14:13:54.624,2026-06-14 13:58:19.426,0.0,0.0,0,mc1,demo1
2026-06-16 14:13:54.686,2026-06-14 13:58:19.426,0.0,0.0,0,mc3,demo1
2026-06-16 14:13:54.717,2026-06-14 13:58:19.426,0.0,0.0,0,mc4,demo1
2026-06-16 14:13:54.891,2026-06-14 13:53:18.933,0.0,0.0,0,mc3,demo1
2026-06-16 14:13:54.755,2026-06-14 13:53:18.933,0.0,0.0,0,mc1,demo1
2026-06-16 14:13:54.795,2026-06-14 13:53:18.933,0.0,0.0,0,mc4,demo1
2026-06-16 14:13:54.829,2026-06-14 13:53:18.933,0.0,0.0,0,mc5,demo1
2026-06-16 14:13:54.851,2026-06-14 13:53:18.933,0.0,0.0,0,mc2,demo1
2026-06-16 14:13:54.929,2026-06-14 13:53:18.933,0.0,0.0,0,mc6,demo1
2026-06-16 14:13:55.068,2026-06-14 13:48:18.919,0.0,0.0,0,mc5,demo1
2026-06-16 14:13:54.963,2026-06-14 13:48:18.919,0.0,0.0,0,mc1,demo1
2026-06-16 14:13:54.997,2026-06-14 13:48:18.919,0.0,0.0,0,mc4,demo1
2026-06-16 14:13:55.029,2026-06-14 13:48:18.919,0.0,0.0,0,mc6,demo1
2026-06-16 14:13:55.051,2026-06-14 13:48:18.919,0.0,0.0,0,mc3,demo1
2026-06-16 14:13:55.108,2026-06-14 13:48:18.919,0.0,0.0,0,mc2,demo1
2026-06-16 14:13:55.604,2026-06-14 13:43:19.934,0.0,0.0,0,mc3,demo1
2026-06-16 14:13:55.143,2026-06-14 13:43:19.934,0.0,0.0,0,mc4,demo1
2026-06-16 14:13:55.183,2026-06-14 13:43:19.934,0.0,0.0,0,mc6,demo1
2026-06-16 14:13:55.352,2026-06-14 13:43:19.934,0.0,0.0,0,mc5,demo1
2026-06-16 14:13:55.480,2026-06-14 13:43:19.934,0.0,0.0,0,mc1,demo1
2026-06-16 14:13:55.669,2026-06-14 13:43:19.934,0.0,0.0,0,mc2,demo1
2026-06-16 14:13:55.847,2026-06-14 13:38:18.231,0.0,0.0,0,mc2,demo1
2026-06-16 14:13:55.723,2026-06-14 13:38:18.231,0.0,0.0,0,mc4,demo1
2026-06-16 14:13:55.780,2026-06-14 13:38:18.231,0.0,0.0,0,mc1,demo1
2026-06-16 14:13:55.868,2026-06-14 13:38:18.231,0.0,0.0,0,mc5,demo1
2026-06-16 14:13:55.884,2026-06-14 13:38:18.231,0.0,0.0,0,mc3,demo1
2026-06-16 14:13:55.901,2026-06-14 13:38:18.231,0.0,0.0,0,mc6,demo1
2026-06-16 14:13:56.143,2026-06-14 13:33:18.826,0.0,0.0,0,mc6,demo1
2026-06-16 14:13:55.943,2026-06-14 13:33:18.826,0.0,0.0,0,mc3,demo1
2026-06-16 14:13:55.977,2026-06-14 13:33:18.826,0.0,0.0,0,mc2,demo1
2026-06-16 14:13:56.003,2026-06-14 13:33:18.826,0.0,0.0,0,mc4,demo1
2026-06-16 14:13:56.050,2026-06-14 13:33:18.826,0.0,0.0,0,mc1,demo1
2026-06-16 14:13:56.102,2026-06-14 13:33:18.826,0.0,0.0,0,mc5,demo1
2026-06-16 14:13:56.376,2026-06-14 13:28:18.712,0.0,0.0,0,mc1,demo1
2026-06-16 14:13:56.173,2026-06-14 13:28:18.712,0.0,0.0,0,mc4,demo1
2026-06-16 14:13:56.202,2026-06-14 13:28:18.712,0.0,0.0,0,mc3,demo1
2026-06-16 14:13:56.332,2026-06-14 13:28:18.712,0.0,0.0,0,mc5,demo1
2026-06-16 14:13:56.360,2026-06-14 13:28:18.712,0.0,0.0,0,mc2,demo1
2026-06-16 14:13:56.441,2026-06-14 13:28:18.712,0.0,0.0,0,mc6,demo1
2026-06-16 14:13:56.543,2026-06-14 13:23:18.689,0.0,0.0,0,mc1,demo1
2026-06-16 14:13:56.461,2026-06-14 13:23:18.689,0.0,0.0,0,mc2,demo1
2026-06-16 14:13:56.479,2026-06-14 13:23:18.689,0.0,0.0,0,mc3,demo1
2026-06-16 14:13:56.501,2026-06-14 13:23:18.689,0.0,0.0,0,mc6,demo1
2026-06-16 14:13:56.527,2026-06-14 13:23:18.689,0.0,0.0,0,mc5,demo1
2026-06-16 14:13:56.559,2026-06-14 13:23:18.689,0.0,0.0,0,mc4,demo1
2026-06-16 14:13:56.767,2026-06-14 13:18:18.854,0.0,0.0,0,mc1,demo1
2026-06-16 14:13:56.586,2026-06-14 13:18:18.854,0.0,0.0,0,mc3,demo1
2026-06-16 14:13:56.603,2026-06-14 13:18:18.854,0.0,0.0,0,mc2,demo1
2026-06-16 14:13:56.667,2026-06-14 13:18:18.854,0.0,0.0,0,mc6,demo1
2026-06-16 14:13:56.738,2026-06-14 13:18:18.854,0.0,0.0,0,mc5,demo1
2026-06-16 14:13:56.786,2026-06-14 13:18:18.854,0.0,0.0,0,mc4,demo1
2026-06-16 14:13:56.843,2026-06-14 13:13:18.779,0.0,0.0,0,mc2,demo1
2026-06-16 14:13:56.925,2026-06-14 13:13:18.779,0.0,0.0,0,mc6,demo1
2026-06-16 14:13:56.893,2026-06-14 13:13:18.779,0.0,0.0,0,mc1,demo1
2026-06-16 14:13:56.804,2026-06-14 13:13:18.779,0.0,0.0,0,mc3,demo1
2026-06-16 14:13:56.879,2026-06-14 13:13:18.779,0.0,0.0,0,mc4,demo1
2026-06-16 14:13:56.979,2026-06-14 13:13:18.779,0.0,0.0,0,mc5,demo1
2026-06-16 14:13:57.039,2026-06-14 13:08:18.760,0.0,0.0,0,mc2,demo1
2026-06-16 14:13:57.110,2026-06-14 13:08:18.760,0.0,0.0,0,mc3,demo1
2026-06-16 14:13:57.084,2026-06-14 13:08:18.760,0.0,0.0,0,mc5,demo1
2026-06-16 14:13:57.059,2026-06-14 13:08:18.760,0.0,0.0,0,mc6,demo1
2026-06-16 14:13:57.017,2026-06-14 13:08:18.760,0.0,0.0,0,mc1,demo1
2026-06-16 14:13:57.001,2026-06-14 13:08:18.760,0.0,0.0,0,mc4,demo1
2026-06-16 14:13:57.147,2026-06-14 13:03:18.421,0.0,0.0,0,mc1,demo1
2026-06-16 14:13:57.318,2026-06-14 13:03:18.421,0.0,0.0,0,mc5,demo1
2026-06-16 14:13:57.293,2026-06-14 13:03:18.421,0.0,0.0,0,mc4,demo1
2026-06-16 14:13:57.268,2026-06-14 13:03:18.421,0.0,0.0,0,mc3,demo1
2026-06-16 14:13:57.245,2026-06-14 13:03:18.421,0.0,0.0,0,mc2,demo1
2026-06-16 14:13:57.214,2026-06-14 13:03:18.421,0.0,0.0,0,mc6,demo1
2026-06-16 14:13:57.345,2026-06-14 12:58:18.772,0.0,0.0,0,mc2,demo1
2026-06-16 14:13:57.476,2026-06-14 12:58:18.772,0.0,0.0,0,mc4,demo1
2026-06-16 14:13:57.451,2026-06-14 12:58:18.772,0.0,0.0,0,mc6,demo1
2026-06-16 14:13:57.432,2026-06-14 12:58:18.772,0.0,0.0,0,mc3,demo1
2026-06-16 14:13:57.385,2026-06-14 12:58:18.772,0.0,0.0,0,mc1,demo1
2026-06-16 14:13:57.367,2026-06-14 12:58:18.772,0.0,0.0,0,mc5,demo1
2026-06-16 14:13:57.545,2026-06-14 12:53:18.312,0.0,0.0,0,mc3,demo1
2026-06-16 14:13:57.632,2026-06-14 12:53:18.312,0.0,0.0,0,mc6,demo1
2026-06-16 14:13:57.609,2026-06-14 12:53:18.312,0.0,0.0,0,mc1,demo1
2026-06-16 14:13:57.593,2026-06-14 12:53:18.312,0.0,0.0,0,mc2,demo1
2026-06-16 14:13:57.568,2026-06-14 12:53:18.312,0.0,0.0,0,mc4,demo1
2026-06-16 14:13:57.501,2026-06-14 12:53:18.312,0.0,0.0,0,mc5,demo1
2026-06-16 14:13:57.791,2026-06-14 12:48:18.131,0.0,0.0,0,mc3,demo1
2026-06-16 14:13:57.699,2026-06-14 12:48:18.131,0.0,0.0,0,mc5,demo1
2026-06-16 14:13:57.717,2026-06-14 12:48:18.131,0.0,0.0,0,mc1,demo1
2026-06-16 14:13:57.742,2026-06-14 12:48:18.131,0.0,0.0,0,mc2,demo1
2026-06-16 14:13:57.659,2026-06-14 12:48:18.131,0.0,0.0,0,mc4,demo1
2026-06-16 14:13:57.769,2026-06-14 12:48:18.131,0.0,0.0,0,mc6,demo1
2026-06-16 14:13:57.876,2026-06-14 12:43:18.850,0.0,0.0,0,mc4,demo1
2026-06-16 14:13:57.809,2026-06-14 12:43:18.850,0.0,0.0,0,mc5,demo1
2026-06-16 14:13:57.842,2026-06-14 12:43:18.850,0.0,0.0,0,mc3,demo1
2026-06-16 14:13:57.859,2026-06-14 12:43:18.850,0.0,0.0,0,mc6,demo1
2026-06-16 14:13:57.899,2026-06-14 12:43:18.850,0.0,0.0,0,mc1,demo1
2026-06-16 14:13:57.925,2026-06-14 12:43:18.850,0.0,0.0,0,mc2,demo1
2026-06-16 14:13:57.943,2026-06-14 12:38:18.804,0.0,0.0,0,mc3,demo1
2026-06-16 14:13:58.051,2026-06-14 12:38:18.804,0.0,0.0,0,mc6,demo1
2026-06-16 14:13:58.027,2026-06-14 12:38:18.804,0.0,0.0,0,mc2,demo1
2026-06-16 14:13:58.000,2026-06-14 12:38:18.804,0.0,0.0,0,mc1,demo1
2026-06-16 14:13:57.976,2026-06-14 12:38:18.804,0.0,0.0,0,mc5,demo1
2026-06-16 14:13:57.959,2026-06-14 12:38:18.804,0.0,0.0,0,mc4,demo1
2026-06-16 14:13:58.219,2026-06-14 12:33:18.699,0.0,0.0,0,mc1,demo1
2026-06-16 14:13:58.201,2026-06-14 12:33:18.699,0.0,0.0,0,mc4,demo1
2026-06-16 14:13:58.184,2026-06-14 12:33:18.699,0.0,0.0,0,mc3,demo1
2026-06-16 14:13:58.164,2026-06-14 12:33:18.699,0.0,0.0,0,mc2,demo1
2026-06-16 14:13:58.137,2026-06-14 12:33:18.699,0.0,0.0,0,mc5,demo1
2026-06-16 14:13:58.079,2026-06-14 12:33:18.699,0.0,0.0,0,mc6,demo1
2026-06-16 14:13:58.238,2026-06-14 12:28:18.486,0.0,0.0,0,mc6,demo1
2026-06-16 14:13:58.266,2026-06-14 12:28:18.486,0.0,0.0,0,mc5,demo1
2026-06-16 14:13:58.276,2026-06-14 12:28:18.486,0.0,0.0,0,mc4,demo1
2026-06-16 14:13:58.310,2026-06-14 12:28:18.486,0.0,0.0,0,mc3,demo1
2026-06-16 14:13:58.344,2026-06-14 12:28:18.486,0.0,0.0,0,mc1,demo1
2026-06-16 14:13:58.360,2026-06-14 12:28:18.486,0.0,0.0,0,mc2,demo1
2026-06-16 14:13:58.384,2026-06-14 12:23:18.582,0.0,0.0,0,mc3,demo1
2026-06-16 14:13:58.402,2026-06-14 12:23:18.582,0.0,0.0,0,mc2,demo1
2026-06-16 14:13:58.425,2026-06-14 12:23:18.582,0.0,0.0,0,mc1,demo1
2026-06-16 14:13:58.443,2026-06-14 12:23:18.582,0.0,0.0,0,mc6,demo1
2026-06-16 14:13:58.460,2026-06-14 12:23:18.582,0.0,0.0,0,mc4,demo1
2026-06-16 14:13:58.488,2026-06-14 12:23:18.582,0.0,0.0,0,mc5,demo1
2026-06-16 14:13:58.518,2026-06-14 12:18:18.748,0.0,0.0,0,mc3,demo1
2026-06-16 14:13:58.551,2026-06-14 12:18:18.748,0.0,0.0,0,mc1,demo1
2026-06-16 14:13:58.576,2026-06-14 12:18:18.748,0.0,0.0,0,mc5,demo1
2026-06-16 14:13:58.687,2026-06-14 12:18:18.748,0.0,0.0,0,mc2,demo1
2026-06-16 14:13:58.709,2026-06-14 12:18:18.748,0.0,0.0,0,mc6,demo1
2026-06-16 14:13:58.734,2026-06-14 12:18:18.748,0.0,0.0,0,mc4,demo1
2026-06-16 14:13:58.751,2026-06-14 12:13:18.685,0.0,0.0,0,mc5,demo1
2026-06-16 14:13:58.782,2026-06-14 12:13:18.685,0.0,0.0,0,mc4,demo1
2026-06-16 14:13:58.793,2026-06-14 12:13:18.685,0.0,0.0,0,mc3,demo1
2026-06-16 14:13:58.839,2026-06-14 12:13:18.685,0.0,0.0,0,mc6,demo1
2026-06-16 14:13:58.868,2026-06-14 12:13:18.685,0.0,0.0,0,mc1,demo1
2026-06-16 14:13:58.895,2026-06-14 12:13:18.685,0.0,0.0,0,mc2,demo1
2026-06-16 14:13:59.098,2026-06-14 12:08:19.641,0.0,0.0,0,mc4,demo1
2026-06-16 14:13:58.924,2026-06-14 12:08:19.641,0.0,0.0,0,mc2,demo1
2026-06-16 14:13:58.952,2026-06-14 12:08:19.641,0.0,0.0,0,mc3,demo1
2026-06-16 14:13:58.984,2026-06-14 12:08:19.641,0.0,0.0,0,mc1,demo1
2026-06-16 14:13:59.140,2026-06-14 12:08:19.641,0.0,0.0,0,mc6,demo1
2026-06-16 14:13:59.168,2026-06-14 12:08:19.641,0.0,0.0,0,mc5,demo1
2026-06-16 14:13:59.193,2026-06-14 12:03:18.607,0.0,0.0,0,mc2,demo1
2026-06-16 14:13:59.209,2026-06-14 12:03:18.607,0.0,0.0,0,mc4,demo1
2026-06-16 14:13:59.231,2026-06-14 12:03:18.607,0.0,0.0,0,mc1,demo1
2026-06-16 14:13:59.251,2026-06-14 12:03:18.607,0.0,0.0,0,mc3,demo1
2026-06-16 14:13:59.276,2026-06-14 12:03:18.607,0.0,0.0,0,mc6,demo1
2026-06-16 14:13:59.319,2026-06-14 12:03:18.607,0.0,0.0,0,mc5,demo1
2026-06-16 14:13:59.345,2026-06-14 11:58:19.019,0.0,0.0,0,mc2,demo1
2026-06-16 14:13:59.371,2026-06-14 11:58:19.019,0.0,0.0,0,mc4,demo1
2026-06-16 14:13:59.395,2026-06-14 11:58:19.019,0.0,0.0,0,mc1,demo1
2026-06-16 14:13:59.438,2026-06-14 11:58:19.019,0.0,0.0,0,mc5,demo1
2026-06-16 14:13:59.461,2026-06-14 11:58:19.019,0.0,0.0,0,mc6,demo1
2026-06-16 14:13:59.516,2026-06-14 11:58:19.019,0.0,0.0,0,mc3,demo1
2026-06-16 14:13:59.544,2026-06-14 11:53:18.519,0.0,0.0,0,mc5,demo1
2026-06-16 14:13:59.568,2026-06-14 11:53:18.519,0.0,0.0,0,mc6,demo1
2026-06-16 14:13:59.585,2026-06-14 11:53:18.519,0.0,0.0,0,mc1,demo1
2026-06-16 14:13:59.618,2026-06-14 11:53:18.519,0.0,0.0,0,mc3,demo1
2026-06-16 14:13:59.636,2026-06-14 11:53:18.519,0.0,0.0,0,mc2,demo1
2026-06-16 14:13:59.671,2026-06-14 11:53:18.519,0.0,0.0,0,mc4,demo1
2026-06-16 14:13:59.685,2026-06-14 11:48:18.674,0.0,0.0,0,mc1,demo1
2026-06-16 14:13:59.718,2026-06-14 11:48:18.674,0.0,0.0,0,mc3,demo1
2026-06-16 14:13:59.742,2026-06-14 11:48:18.674,0.0,0.0,0,mc6,demo1
2026-06-16 14:13:59.759,2026-06-14 11:48:18.674,0.0,0.0,0,mc4,demo1
2026-06-16 14:13:59.776,2026-06-14 11:48:18.674,0.0,0.0,0,mc5,demo1
2026-06-16 14:13:59.812,2026-06-14 11:48:18.674,0.0,0.0,0,mc2,demo1
2026-06-16 14:13:59.836,2026-06-14 11:43:18.336,0.0,0.0,0,mc6,demo1
2026-06-16 14:13:59.859,2026-06-14 11:43:18.336,0.0,0.0,0,mc4,demo1
2026-06-16 14:13:59.885,2026-06-14 11:43:18.336,0.0,0.0,0,mc5,demo1
2026-06-16 14:13:59.905,2026-06-14 11:43:18.336,0.0,0.0,0,mc2,demo1
2026-06-16 14:13:59.925,2026-06-14 11:43:18.336,0.0,0.0,0,mc3,demo1
2026-06-16 14:13:59.960,2026-06-14 11:43:18.336,0.0,0.0,0,mc1,demo1
2026-06-16 14:13:59.994,2026-06-14 11:38:18.273,0.0,0.0,0,mc4,demo1
2026-06-16 14:14:00.062,2026-06-14 11:38:18.273,0.0,0.0,0,mc6,demo1
2026-06-16 14:14:00.086,2026-06-14 11:38:18.273,0.0,0.0,0,mc5,demo1
2026-06-16 14:14:00.112,2026-06-14 11:38:18.273,0.0,0.0,0,mc3,demo1
2026-06-16 14:14:00.167,2026-06-14 11:38:18.273,0.0,0.0,0,mc1,demo1
2026-06-16 14:14:00.186,2026-06-14 11:38:18.273,0.0,0.0,0,mc2,demo1
2026-06-16 14:14:00.267,2026-06-14 11:33:19.072,0.0,0.0,0,mc6,demo1
2026-06-16 14:14:00.300,2026-06-14 11:33:19.072,0.0,0.0,0,mc1,demo1
2026-06-16 14:14:00.284,2026-06-14 11:33:19.072,0.0,0.0,0,mc3,demo1
2026-06-16 14:14:00.246,2026-06-14 11:33:19.072,0.0,0.0,0,mc4,demo1
2026-06-16 14:14:00.228,2026-06-14 11:33:19.072,0.0,0.0,0,mc5,demo1
2026-06-16 14:14:00.214,2026-06-14 11:33:19.072,0.0,0.0,0,mc2,demo1
2026-06-16 14:14:00.336,2026-06-14 11:28:19.440,0.0,0.0,0,mc3,demo1
2026-06-16 14:14:00.376,2026-06-14 11:28:19.440,0.0,0.0,0,mc5,demo1
2026-06-16 14:14:00.401,2026-06-14 11:28:19.440,0.0,0.0,0,mc1,demo1
2026-06-16 14:14:00.318,2026-06-14 11:28:19.440,0.0,0.0,0,mc6,demo1
2026-06-16 14:14:00.424,2026-06-14 11:28:19.440,0.0,0.0,0,mc4,demo1
2026-06-16 14:14:00.443,2026-06-14 11:28:19.440,0.0,0.0,0,mc2,demo1
2026-06-16 14:14:00.472,2026-06-14 11:23:19.107,0.0,0.0,0,mc2,demo1
2026-06-16 14:14:00.520,2026-06-14 11:23:19.107,0.0,0.0,0,mc6,demo1
2026-06-16 14:14:00.543,2026-06-14 11:23:19.107,0.0,0.0,0,mc5,demo1
2026-06-16 14:14:00.569,2026-06-14 11:23:19.107,0.0,0.0,0,mc3,demo1
2026-06-16 14:14:00.628,2026-06-14 11:23:19.107,0.0,0.0,0,mc1,demo1
2026-06-16 14:14:00.643,2026-06-14 11:23:19.107,0.0,0.0,0,mc4,demo1
2026-06-16 14:14:00.659,2026-06-14 11:18:18.919,0.0,0.0,0,mc6,demo1
2026-06-16 14:14:00.677,2026-06-14 11:18:18.919,0.0,0.0,0,mc1,demo1
2026-06-16 14:14:00.710,2026-06-14 11:18:18.919,0.0,0.0,0,mc5,demo1
2026-06-16 14:14:00.734,2026-06-14 11:18:18.919,0.0,0.0,0,mc2,demo1
2026-06-16 14:14:00.768,2026-06-14 11:18:18.919,0.0,0.0,0,mc3,demo1
2026-06-16 14:14:00.784,2026-06-14 11:18:18.919,0.0,0.0,0,mc4,demo1
2026-06-16 14:14:00.801,2026-06-14 11:13:18.645,0.0,0.0,0,mc1,demo1
2026-06-16 14:14:00.852,2026-06-14 11:13:18.645,0.0,0.0,0,mc2,demo1
2026-06-16 14:14:00.947,2026-06-14 11:13:18.645,0.0,0.0,0,mc3,demo1
2026-06-16 14:14:00.988,2026-06-14 11:13:18.645,0.0,0.0,0,mc5,demo1
2026-06-16 14:14:01.211,2026-06-14 11:13:18.645,0.0,0.0,0,mc6,demo1
2026-06-16 14:14:01.226,2026-06-14 11:13:18.645,0.0,0.0,0,mc4,demo1
2026-06-16 14:14:01.279,2026-06-14 11:08:18.764,0.0,0.0,0,mc5,demo1
2026-06-16 14:14:01.357,2026-06-14 11:08:18.764,0.0,0.0,0,mc6,demo1
2026-06-16 14:14:01.376,2026-06-14 11:08:18.764,0.0,0.0,0,mc3,demo1
2026-06-16 14:14:01.393,2026-06-14 11:08:18.764,0.0,0.0,0,mc2,demo1
2026-06-16 14:14:01.806,2026-06-14 11:08:18.764,0.0,0.0,0,mc1,demo1
2026-06-16 14:14:01.858,2026-06-14 11:08:18.764,0.0,0.0,0,mc4,demo1
2026-06-16 14:14:01.884,2026-06-14 11:03:18.648,0.0,0.0,0,mc6,demo1
2026-06-16 14:14:01.909,2026-06-14 11:03:18.648,0.0,0.0,0,mc3,demo1
2026-06-16 14:14:01.957,2026-06-14 11:03:18.648,0.0,0.0,0,mc4,demo1
2026-06-16 14:14:01.976,2026-06-14 11:03:18.648,0.0,0.0,0,mc2,demo1
2026-06-16 14:14:02.001,2026-06-14 11:03:18.648,0.0,0.0,0,mc1,demo1
2026-06-16 14:14:02.026,2026-06-14 11:03:18.648,0.0,0.0,0,mc5,demo1
2026-06-16 14:14:02.118,2026-06-14 10:58:18.933,0.0,0.0,0,mc4,demo1
2026-06-16 14:14:02.043,2026-06-14 10:58:18.933,0.0,0.0,0,mc3,demo1
2026-06-16 14:14:02.076,2026-06-14 10:58:18.933,0.0,0.0,0,mc1,demo1
2026-06-16 14:14:02.101,2026-06-14 10:58:18.933,0.0,0.0,0,mc5,demo1
2026-06-16 14:14:02.169,2026-06-14 10:58:18.933,0.0,0.0,0,mc6,demo1
2026-06-16 14:14:02.200,2026-06-14 10:58:18.933,0.0,0.0,0,mc2,demo1
2026-06-16 14:14:02.218,2026-06-14 10:53:18.255,0.0,0.0,0,mc5,demo1
2026-06-16 14:14:02.235,2026-06-14 10:53:18.255,0.0,0.0,0,mc6,demo1
2026-06-16 14:14:02.261,2026-06-14 10:53:18.255,0.0,0.0,0,mc1,demo1
2026-06-16 14:14:02.285,2026-06-14 10:53:18.255,0.0,0.0,0,mc2,demo1
2026-06-16 14:14:02.327,2026-06-14 10:53:18.255,0.0,0.0,0,mc3,demo1
2026-06-16 14:14:02.363,2026-06-14 10:53:18.255,0.0,0.0,0,mc4,demo1
2026-06-16 14:14:02.407,2026-06-14 10:48:19.289,0.0,0.0,0,mc5,demo1
2026-06-16 14:14:02.438,2026-06-14 10:48:19.289,0.0,0.0,0,mc6,demo1
2026-06-16 14:14:02.467,2026-06-14 10:48:19.289,0.0,0.0,0,mc1,demo1
2026-06-16 14:14:02.543,2026-06-14 10:48:19.289,0.0,0.0,0,mc2,demo1
2026-06-16 14:14:02.566,2026-06-14 10:48:19.289,0.0,0.0,0,mc4,demo1
2026-06-16 14:14:02.596,2026-06-14 10:48:19.289,0.0,0.0,0,mc3,demo1
2026-06-16 14:14:02.626,2026-06-14 10:43:18.759,0.0,0.0,0,mc3,demo1
2026-06-16 14:14:02.642,2026-06-14 10:43:18.759,0.0,0.0,0,mc4,demo1
2026-06-16 14:14:02.659,2026-06-14 10:43:18.759,0.0,0.0,0,mc6,demo1
2026-06-16 14:14:02.714,2026-06-14 10:43:18.759,0.0,0.0,0,mc1,demo1
2026-06-16 14:14:02.734,2026-06-14 10:43:18.759,0.0,0.0,0,mc5,demo1
2026-06-16 14:14:02.773,2026-06-14 10:43:18.759,0.0,0.0,0,mc2,demo1
2026-06-16 14:14:02.876,2026-06-14 10:38:18.265,0.0,0.0,0,mc2,demo1
2026-06-16 14:14:02.903,2026-06-14 10:38:18.265,0.0,0.0,0,mc1,demo1
2026-06-16 14:14:02.941,2026-06-14 10:38:18.265,0.0,0.0,0,mc4,demo1
2026-06-16 14:14:02.967,2026-06-14 10:38:18.265,0.0,0.0,0,mc3,demo1
2026-06-16 14:14:03.012,2026-06-14 10:38:18.265,0.0,0.0,0,mc5,demo1
2026-06-16 14:14:03.043,2026-06-14 10:38:18.265,0.0,0.0,0,mc6,demo1
2026-06-16 14:14:03.087,2026-06-14 10:33:18.634,0.0,0.0,0,mc6,demo1
2026-06-16 14:14:03.111,2026-06-14 10:33:18.634,0.0,0.0,0,mc2,demo1
2026-06-16 14:14:03.126,2026-06-14 10:33:18.634,0.0,0.0,0,mc4,demo1
2026-06-16 14:14:03.151,2026-06-14 10:33:18.634,0.0,0.0,0,mc1,demo1
2026-06-16 14:14:03.182,2026-06-14 10:33:18.634,0.0,0.0,0,mc5,demo1
2026-06-16 14:14:03.201,2026-06-14 10:33:18.634,0.0,0.0,0,mc3,demo1
2026-06-16 14:14:03.226,2026-06-14 10:28:18.904,0.0,0.0,0,mc3,demo1
2026-06-16 14:14:03.243,2026-06-14 10:28:18.904,0.0,0.0,0,mc6,demo1
2026-06-16 14:14:03.285,2026-06-14 10:28:18.904,0.0,0.0,0,mc5,demo1
2026-06-16 14:14:03.370,2026-06-14 10:28:18.904,0.0,0.0,0,mc4,demo1
2026-06-16 14:14:03.309,2026-06-14 10:28:18.904,0.0,0.0,0,mc2,demo1
2026-06-16 14:14:03.334,2026-06-14 10:28:18.904,0.0,0.0,0,mc1,demo1
2026-06-16 14:14:03.449,2026-06-14 10:23:18.930,0.0,0.0,0,mc6,demo1
2026-06-16 14:14:03.405,2026-06-14 10:23:18.930,0.0,0.0,0,mc1,demo1
2026-06-16 14:14:03.426,2026-06-14 10:23:18.930,0.0,0.0,0,mc4,demo1
2026-06-16 14:14:03.468,2026-06-14 10:23:18.930,0.0,0.0,0,mc5,demo1
2026-06-16 14:14:03.503,2026-06-14 10:23:18.930,0.0,0.0,0,mc3,demo1
2026-06-16 14:14:03.526,2026-06-14 10:23:18.930,0.0,0.0,0,mc2,demo1
2026-06-16 14:14:03.551,2026-06-14 10:18:19.448,0.0,0.0,0,mc6,demo1
2026-06-16 14:14:03.684,2026-06-14 10:18:19.448,0.0,0.0,0,mc3,demo1
2026-06-16 14:14:03.567,2026-06-14 10:18:19.448,0.0,0.0,0,mc2,demo1
2026-06-16 14:14:03.598,2026-06-14 10:18:19.448,0.0,0.0,0,mc4,demo1
2026-06-16 14:14:03.631,2026-06-14 10:18:19.448,0.0,0.0,0,mc1,demo1
2026-06-16 14:14:03.659,2026-06-14 10:18:19.448,0.0,0.0,0,mc5,demo1
2026-06-16 14:14:03.723,2026-06-14 10:13:18.905,0.0,0.0,0,mc1,demo1
2026-06-16 14:14:03.843,2026-06-14 10:13:18.905,0.0,0.0,0,mc6,demo1
2026-06-16 14:14:03.829,2026-06-14 10:13:18.905,0.0,0.0,0,mc3,demo1
2026-06-16 14:14:03.811,2026-06-14 10:13:18.905,0.0,0.0,0,mc4,demo1
2026-06-16 14:14:03.779,2026-06-14 10:13:18.905,0.0,0.0,0,mc5,demo1
2026-06-16 14:14:03.749,2026-06-14 10:13:18.905,0.0,0.0,0,mc2,demo1
2026-06-16 14:14:03.883,2026-06-14 10:08:18.237,0.0,0.0,0,mc1,demo1
2026-06-16 14:14:04.026,2026-06-14 10:08:18.237,0.0,0.0,0,mc2,demo1
2026-06-16 14:14:04.007,2026-06-14 10:08:18.237,0.0,0.0,0,mc6,demo1
2026-06-16 14:14:03.976,2026-06-14 10:08:18.237,0.0,0.0,0,mc5,demo1
2026-06-16 14:14:03.954,2026-06-14 10:08:18.237,0.0,0.0,0,mc4,demo1
2026-06-16 14:14:03.918,2026-06-14 10:08:18.237,0.0,0.0,0,mc3,demo1
2026-06-16 14:14:04.050,2026-06-14 10:03:18.591,0.0,0.0,0,mc4,demo1
2026-06-16 14:14:04.185,2026-06-14 10:03:18.591,0.0,0.0,0,mc3,demo1
2026-06-16 14:14:04.160,2026-06-14 10:03:18.591,0.0,0.0,0,mc2,demo1
2026-06-16 14:14:04.134,2026-06-14 10:03:18.591,0.0,0.0,0,mc1,demo1
2026-06-16 14:14:04.114,2026-06-14 10:03:18.591,0.0,0.0,0,mc5,demo1
2026-06-16 14:14:04.067,2026-06-14 10:03:18.591,0.0,0.0,0,mc6,demo1
2026-06-16 14:14:04.235,2026-06-14 09:58:18.453,0.0,0.0,0,mc6,demo1
2026-06-16 14:14:04.326,2026-06-14 09:58:18.453,0.0,0.0,0,mc4,demo1
2026-06-16 14:14:04.311,2026-06-14 09:58:18.453,0.0,0.0,0,mc1,demo1
2026-06-16 14:14:04.285,2026-06-14 09:58:18.453,0.0,0.0,0,mc2,demo1
2026-06-16 14:14:04.261,2026-06-14 09:58:18.453,0.0,0.0,0,mc3,demo1
2026-06-16 14:14:04.209,2026-06-14 09:58:18.453,0.0,0.0,0,mc5,demo1
2026-06-16 14:14:04.384,2026-06-14 09:53:18.908,0.0,0.0,0,mc3,demo1
2026-06-16 14:14:04.468,2026-06-14 09:53:18.908,0.0,0.0,0,mc2,demo1
2026-06-16 14:14:04.451,2026-06-14 09:53:18.908,0.0,0.0,0,mc6,demo1
2026-06-16 14:14:04.426,2026-06-14 09:53:18.908,0.0,0.0,0,mc5,demo1
2026-06-16 14:14:04.414,2026-06-14 09:53:18.908,0.0,0.0,0,mc1,demo1
2026-06-16 14:14:04.366,2026-06-14 09:53:18.908,0.0,0.0,0,mc4,demo1
2026-06-16 14:14:04.502,2026-06-14 09:48:19.273,0.0,0.0,0,mc2,demo1
2026-06-16 14:14:04.485,2026-06-14 09:48:19.273,0.0,0.0,0,mc1,demo1
2026-06-16 14:14:04.642,2026-06-14 09:48:19.273,0.0,0.0,0,mc4,demo1
2026-06-16 14:14:04.601,2026-06-14 09:48:19.273,0.0,0.0,0,mc6,demo1
2026-06-16 14:14:04.576,2026-06-14 09:48:19.273,0.0,0.0,0,mc5,demo1
2026-06-16 14:14:04.556,2026-06-14 09:48:19.273,0.0,0.0,0,mc3,demo1
2026-06-16 14:14:04.801,2026-06-14 09:43:19.243,0.0,0.0,0,mc5,demo1
2026-06-16 14:14:04.785,2026-06-14 09:43:19.243,0.0,0.0,0,mc6,demo1
2026-06-16 14:14:04.734,2026-06-14 09:43:19.243,0.0,0.0,0,mc4,demo1
2026-06-16 14:14:04.693,2026-06-14 09:43:19.243,0.0,0.0,0,mc1,demo1
2026-06-16 14:14:04.676,2026-06-14 09:43:19.243,0.0,0.0,0,mc3,demo1
2026-06-16 14:14:04.659,2026-06-14 09:43:19.243,0.0,0.0,0,mc2,demo1
2026-06-16 14:14:04.992,2026-06-14 09:38:18.250,0.0,0.0,0,mc1,demo1
2026-06-16 14:14:04.951,2026-06-14 09:38:18.250,0.0,0.0,0,mc5,demo1
2026-06-16 14:14:04.929,2026-06-14 09:38:18.250,0.0,0.0,0,mc6,demo1
2026-06-16 14:14:04.967,2026-06-14 09:38:18.250,0.0,0.0,0,mc2,demo1
2026-06-16 14:14:04.861,2026-06-14 09:38:18.250,0.0,0.0,0,mc4,demo1
2026-06-16 14:14:04.829,2026-06-14 09:38:18.250,0.0,0.0,0,mc3,demo1
2026-06-16 14:14:05.027,2026-06-14 09:33:18.980,0.0,0.0,0,mc3,demo1
2026-06-16 14:14:05.053,2026-06-14 09:33:18.980,0.0,0.0,0,mc6,demo1
2026-06-16 14:14:05.096,2026-06-14 09:33:18.980,0.0,0.0,0,mc5,demo1
2026-06-16 14:14:05.138,2026-06-14 09:33:18.980,0.0,0.0,0,mc2,demo1
2026-06-16 14:14:05.168,2026-06-14 09:33:18.980,0.0,0.0,0,mc4,demo1
2026-06-16 14:14:05.206,2026-06-14 09:33:18.980,0.0,0.0,0,mc1,demo1
2026-06-16 14:14:05.237,2026-06-14 09:28:18.899,0.0,0.0,0,mc1,demo1
2026-06-16 14:14:05.289,2026-06-14 09:28:18.899,0.0,0.0,0,mc2,demo1
2026-06-16 14:14:05.321,2026-06-14 09:28:18.899,0.0,0.0,0,mc3,demo1
2026-06-16 14:14:05.351,2026-06-14 09:28:18.899,0.0,0.0,0,mc4,demo1
2026-06-16 14:14:05.393,2026-06-14 09:28:18.899,0.0,0.0,0,mc6,demo1
2026-06-16 14:14:05.409,2026-06-14 09:28:18.899,0.0,0.0,0,mc5,demo1
2026-06-16 14:14:05.537,2026-06-14 09:23:18.722,0.0,0.0,0,mc4,demo1
2026-06-16 14:14:05.464,2026-06-14 09:23:18.722,0.0,0.0,0,mc1,demo1
2026-06-16 14:14:05.493,2026-06-14 09:23:18.722,0.0,0.0,0,mc5,demo1
2026-06-16 14:14:05.518,2026-06-14 09:23:18.722,0.0,0.0,0,mc3,demo1
2026-06-16 14:14:05.575,2026-06-14 09:23:18.722,0.0,0.0,0,mc6,demo1
2026-06-16 14:14:05.592,2026-06-14 09:23:18.722,0.0,0.0,0,mc2,demo1
2026-06-16 14:14:05.640,2026-06-14 09:18:18.215,0.0,0.0,0,mc6,demo1
2026-06-16 14:14:05.669,2026-06-14 09:18:18.215,0.0,0.0,0,mc3,demo1
2026-06-16 14:14:05.694,2026-06-14 09:18:18.215,0.0,0.0,0,mc2,demo1
2026-06-16 14:14:05.711,2026-06-14 09:18:18.215,0.0,0.0,0,mc4,demo1
2026-06-16 14:14:05.749,2026-06-14 09:18:18.215,0.0,0.0,0,mc5,demo1
2026-06-16 14:14:05.776,2026-06-14 09:18:18.215,0.0,0.0,0,mc1,demo1
2026-06-16 14:14:05.802,2026-06-14 09:13:19.426,0.0,0.0,0,mc3,demo1
2026-06-16 14:14:05.846,2026-06-14 09:13:19.426,0.0,0.0,0,mc5,demo1
2026-06-16 14:14:05.877,2026-06-14 09:13:19.426,0.0,0.0,0,mc1,demo1
2026-06-16 14:14:05.927,2026-06-14 09:13:19.426,0.0,0.0,0,mc6,demo1
2026-06-16 14:14:06.283,2026-06-14 09:13:19.426,0.0,0.0,0,mc2,demo1
2026-06-16 14:14:06.332,2026-06-14 09:13:19.426,0.0,0.0,0,mc4,demo1
2026-06-16 14:14:06.394,2026-06-14 09:08:19.175,0.0,0.0,0,mc4,demo1
2026-06-16 14:14:06.459,2026-06-14 09:08:19.175,0.0,0.0,0,mc1,demo1
2026-06-16 14:14:06.673,2026-06-14 09:08:19.175,0.0,0.0,0,mc5,demo1
2026-06-16 14:14:06.702,2026-06-14 09:08:19.175,0.0,0.0,0,mc3,demo1
2026-06-16 14:14:06.724,2026-06-14 09:08:19.175,0.0,0.0,0,mc2,demo1
2026-06-16 14:14:06.748,2026-06-14 09:08:19.175,0.0,0.0,0,mc6,demo1
2026-06-16 14:14:06.790,2026-06-14 09:03:18.681,0.0,0.0,0,mc1,demo1
2026-06-16 14:14:07.032,2026-06-14 09:03:18.681,0.0,0.0,0,mc5,demo1
2026-06-16 14:14:06.815,2026-06-14 09:03:18.681,0.0,0.0,0,mc3,demo1
2026-06-16 14:14:06.850,2026-06-14 09:03:18.681,0.0,0.0,0,mc6,demo1
2026-06-16 14:14:06.905,2026-06-14 09:03:18.681,0.0,0.0,0,mc4,demo1
2026-06-16 14:14:06.974,2026-06-14 09:03:18.681,0.0,0.0,0,mc2,demo1
2026-06-16 14:14:07.057,2026-06-14 08:58:19.002,0.0,0.0,0,mc6,demo1
2026-06-16 14:14:07.209,2026-06-14 08:58:19.002,0.0,0.0,0,mc5,demo1
2026-06-16 14:14:07.182,2026-06-14 08:58:19.002,0.0,0.0,0,mc4,demo1
2026-06-16 14:14:07.140,2026-06-14 08:58:19.002,0.0,0.0,0,mc2,demo1
2026-06-16 14:14:07.118,2026-06-14 08:58:19.002,0.0,0.0,0,mc3,demo1
2026-06-16 14:14:07.084,2026-06-14 08:58:19.002,0.0,0.0,0,mc1,demo1
2026-06-16 14:14:07.235,2026-06-14 08:53:18.364,0.0,0.0,0,mc2,demo1
2026-06-16 14:14:07.277,2026-06-14 08:53:18.364,0.0,0.0,0,mc5,demo1
2026-06-16 14:14:07.298,2026-06-14 08:53:18.364,0.0,0.0,0,mc6,demo1
2026-06-16 14:14:07.316,2026-06-14 08:53:18.364,0.0,0.0,0,mc1,demo1
2026-06-16 14:14:07.343,2026-06-14 08:53:18.364,0.0,0.0,0,mc4,demo1
2026-06-16 14:14:07.368,2026-06-14 08:53:18.364,0.0,0.0,0,mc3,demo1
2026-06-16 14:14:07.421,2026-06-14 08:48:18.139,0.0,0.0,0,mc3,demo1
2026-06-16 14:14:07.467,2026-06-14 08:48:18.139,0.0,0.0,0,mc5,demo1
2026-06-16 14:14:07.501,2026-06-14 08:48:18.139,0.0,0.0,0,mc6,demo1
2026-06-16 14:14:07.526,2026-06-14 08:48:18.139,0.0,0.0,0,mc2,demo1
2026-06-16 14:14:07.554,2026-06-14 08:48:18.139,0.0,0.0,0,mc1,demo1
2026-06-16 14:14:07.585,2026-06-14 08:48:18.139,0.0,0.0,0,mc4,demo1
2026-06-16 14:14:07.609,2026-06-14 08:43:18.812,0.0,0.0,0,mc6,demo1
2026-06-16 14:14:07.630,2026-06-14 08:43:18.812,0.0,0.0,0,mc3,demo1
2026-06-16 14:14:07.649,2026-06-14 08:43:18.812,0.0,0.0,0,mc1,demo1
2026-06-16 14:14:07.712,2026-06-14 08:43:18.812,0.0,0.0,0,mc4,demo1
2026-06-16 14:14:07.756,2026-06-14 08:43:18.812,0.0,0.0,0,mc5,demo1
2026-06-16 14:14:07.789,2026-06-14 08:43:18.812,0.0,0.0,0,mc2,demo1
2026-06-16 14:14:07.814,2026-06-14 08:38:19.199,0.0,0.0,0,mc2,demo1
2026-06-16 14:14:07.840,2026-06-14 08:38:19.199,0.0,0.0,0,mc5,demo1
2026-06-16 14:14:07.865,2026-06-14 08:38:19.199,0.0,0.0,0,mc6,demo1
2026-06-16 14:14:07.892,2026-06-14 08:38:19.199,0.0,0.0,0,mc3,demo1
2026-06-16 14:14:07.927,2026-06-14 08:38:19.199,0.0,0.0,0,mc4,demo1
2026-06-16 14:14:07.964,2026-06-14 08:38:19.199,0.0,0.0,0,mc1,demo1
2026-06-16 14:14:07.997,2026-06-14 08:33:18.665,0.0,0.0,0,mc6,demo1
2026-06-16 14:14:08.027,2026-06-14 08:33:18.665,0.0,0.0,0,mc1,demo1
2026-06-16 14:14:08.075,2026-06-14 08:33:18.665,0.0,0.0,0,mc5,demo1
2026-06-16 14:14:08.101,2026-06-14 08:33:18.665,0.0,0.0,0,mc4,demo1
2026-06-16 14:14:08.158,2026-06-14 08:33:18.665,0.0,0.0,0,mc2,demo1
2026-06-16 14:14:08.393,2026-06-14 08:33:18.665,0.0,0.0,0,mc3,demo1
2026-06-16 14:14:08.507,2026-06-14 08:28:18.343,0.0,0.0,0,mc1,demo1
2026-06-16 14:14:08.530,2026-06-14 08:28:18.343,0.0,0.0,0,mc3,demo1
2026-06-16 14:14:08.551,2026-06-14 08:28:18.343,0.0,0.0,0,mc4,demo1
2026-06-16 14:14:08.608,2026-06-14 08:28:18.343,0.0,0.0,0,mc6,demo1
2026-06-16 14:14:08.634,2026-06-14 08:28:18.343,0.0,0.0,0,mc2,demo1
2026-06-16 14:14:08.668,2026-06-14 08:28:18.343,0.0,0.0,0,mc5,demo1
2026-06-16 14:14:08.711,2026-06-14 08:23:18.610,0.0,0.0,0,mc5,demo1
2026-06-16 14:14:08.740,2026-06-14 08:23:18.610,0.0,0.0,0,mc3,demo1
2026-06-16 14:14:08.766,2026-06-14 08:23:18.610,0.0,0.0,0,mc6,demo1
2026-06-16 14:14:08.790,2026-06-14 08:23:18.610,0.0,0.0,0,mc4,demo1
2026-06-16 14:14:08.816,2026-06-14 08:23:18.610,0.0,0.0,0,mc2,demo1
2026-06-16 14:14:08.832,2026-06-14 08:23:18.610,0.0,0.0,0,mc1,demo1
2026-06-16 14:14:08.873,2026-06-14 08:18:18.854,0.0,0.0,0,mc4,demo1
2026-06-16 14:14:08.905,2026-06-14 08:18:18.854,0.0,0.0,0,mc3,demo1
2026-06-16 14:14:08.963,2026-06-14 08:18:18.854,0.0,0.0,0,mc5,demo1
2026-06-16 14:14:08.997,2026-06-14 08:18:18.854,0.0,0.0,0,mc6,demo1
2026-06-16 14:14:09.022,2026-06-14 08:18:18.854,0.0,0.0,0,mc1,demo1
2026-06-16 14:14:09.065,2026-06-14 08:18:18.854,0.0,0.0,0,mc2,demo1
2026-06-16 14:14:09.082,2026-06-14 08:13:18.812,0.0,0.0,0,mc2,demo1
2026-06-16 14:14:09.105,2026-06-14 08:13:18.812,0.0,0.0,0,mc5,demo1
2026-06-16 14:14:09.141,2026-06-14 08:13:18.812,0.0,0.0,0,mc3,demo1
2026-06-16 14:14:09.172,2026-06-14 08:13:18.812,0.0,0.0,0,mc4,demo1
2026-06-16 14:14:09.207,2026-06-14 08:13:18.812,0.0,0.0,0,mc6,demo1
2026-06-16 14:14:09.231,2026-06-14 08:13:18.812,0.0,0.0,0,mc1,demo1
2026-06-16 14:14:09.248,2026-06-14 08:08:18.473,0.0,0.0,0,mc6,demo1
2026-06-16 14:14:09.280,2026-06-14 08:08:18.473,0.0,0.0,0,mc5,demo1
2026-06-16 14:14:09.307,2026-06-14 08:08:18.473,0.0,0.0,0,mc2,demo1
2026-06-16 14:14:09.334,2026-06-14 08:08:18.473,0.0,0.0,0,mc3,demo1
2026-06-16 14:14:09.369,2026-06-14 08:08:18.473,0.0,0.0,0,mc4,demo1
2026-06-16 14:14:09.406,2026-06-14 08:08:18.473,0.0,0.0,0,mc1,demo1
2026-06-16 14:14:09.433,2026-06-14 08:03:18.616,0.0,0.0,0,mc4,demo1
2026-06-16 14:14:09.545,2026-06-14 08:03:18.616,0.0,0.0,0,mc6,demo1
2026-06-16 14:14:09.591,2026-06-14 08:03:18.616,0.0,0.0,0,mc1,demo1
2026-06-16 14:14:09.606,2026-06-14 08:03:18.616,0.0,0.0,0,mc5,demo1
2026-06-16 14:14:09.636,2026-06-14 08:03:18.616,0.0,0.0,0,mc3,demo1
2026-06-16 14:14:09.699,2026-06-14 08:03:18.616,0.0,0.0,0,mc2,demo1
2026-06-16 14:14:09.715,2026-06-14 07:58:18.961,0.0,0.0,0,mc3,demo1
2026-06-16 14:14:09.735,2026-06-14 07:58:18.961,0.0,0.0,0,mc2,demo1
2026-06-16 14:14:09.772,2026-06-14 07:58:18.961,0.0,0.0,0,mc4,demo1
2026-06-16 14:14:09.800,2026-06-14 07:58:18.961,0.0,0.0,0,mc5,demo1
2026-06-16 14:14:09.837,2026-06-14 07:58:18.961,0.0,0.0,0,mc6,demo1
2026-06-16 14:14:09.867,2026-06-14 07:58:18.961,0.0,0.0,0,mc1,demo1
2026-06-16 14:14:09.966,2026-06-14 07:53:18.362,0.0,0.0,0,mc5,demo1
2026-06-16 14:14:10.002,2026-06-14 07:53:18.362,0.0,0.0,0,mc1,demo1
2026-06-16 14:14:10.042,2026-06-14 07:53:18.362,0.0,0.0,0,mc4,demo1
2026-06-16 14:14:10.076,2026-06-14 07:53:18.362,0.0,0.0,0,mc3,demo1
2026-06-16 14:14:10.109,2026-06-14 07:53:18.362,0.0,0.0,0,mc2,demo1
2026-06-16 14:14:10.150,2026-06-14 07:53:18.362,0.0,0.0,0,mc6,demo1
2026-06-16 14:14:10.183,2026-06-14 07:48:18.764,0.0,0.0,0,mc2,demo1
2026-06-16 14:14:10.208,2026-06-14 07:48:18.764,0.0,0.0,0,mc1,demo1
2026-06-16 14:14:10.232,2026-06-14 07:48:18.764,0.0,0.0,0,mc4,demo1
2026-06-16 14:14:10.257,2026-06-14 07:48:18.764,0.0,0.0,0,mc5,demo1
2026-06-16 14:14:10.282,2026-06-14 07:48:18.764,0.0,0.0,0,mc6,demo1
2026-06-16 14:14:10.329,2026-06-14 07:48:18.764,0.0,0.0,0,mc3,demo1
2026-06-16 14:14:10.357,2026-06-14 07:43:18.959,0.0,0.0,0,mc3,demo1
2026-06-16 14:14:10.398,2026-06-14 07:43:18.959,0.0,0.0,0,mc2,demo1
2026-06-16 14:14:10.423,2026-06-14 07:43:18.959,0.0,0.0,0,mc1,demo1
2026-06-16 14:14:10.468,2026-06-14 07:43:18.959,0.0,0.0,0,mc5,demo1
2026-06-16 14:14:10.499,2026-06-14 07:43:18.959,0.0,0.0,0,mc4,demo1
2026-06-16 14:14:10.524,2026-06-14 07:43:18.959,0.0,0.0,0,mc6,demo1
2026-06-16 14:14:10.595,2026-06-14 07:38:18.540,0.0,0.0,0,mc3,demo1
2026-06-16 14:14:10.622,2026-06-14 07:38:18.540,0.0,0.0,0,mc2,demo1
2026-06-16 14:14:10.658,2026-06-14 07:38:18.540,0.0,0.0,0,mc1,demo1
2026-06-16 14:14:10.682,2026-06-14 07:38:18.540,0.0,0.0,0,mc5,demo1
2026-06-16 14:14:10.722,2026-06-14 07:38:18.540,0.0,0.0,0,mc4,demo1
2026-06-16 14:14:10.748,2026-06-14 07:38:18.540,0.0,0.0,0,mc6,demo1
2026-06-16 14:14:10.882,2026-06-14 07:33:18.195,0.0,0.0,0,mc3,demo1
2026-06-16 14:14:10.933,2026-06-14 07:33:18.195,0.0,0.0,0,mc1,demo1
2026-06-16 14:14:10.782,2026-06-14 07:33:18.195,0.0,0.0,0,mc5,demo1
2026-06-16 14:14:10.822,2026-06-14 07:33:18.195,0.0,0.0,0,mc4,demo1
2026-06-16 14:14:10.862,2026-06-14 07:33:18.195,0.0,0.0,0,mc2,demo1
2026-06-16 14:14:10.898,2026-06-14 07:33:18.195,0.0,0.0,0,mc6,demo1
2026-06-16 14:14:10.973,2026-06-14 07:28:18.863,0.0,0.0,0,mc4,demo1
2026-06-16 14:14:11.188,2026-06-14 07:28:18.863,0.0,0.0,0,mc5,demo1
2026-06-16 14:14:11.149,2026-06-14 07:28:18.863,0.0,0.0,0,mc1,demo1
2026-06-16 14:14:11.116,2026-06-14 07:28:18.863,0.0,0.0,0,mc2,demo1
2026-06-16 14:14:11.066,2026-06-14 07:28:18.863,0.0,0.0,0,mc6,demo1
2026-06-16 14:14:11.015,2026-06-14 07:28:18.863,0.0,0.0,0,mc3,demo1
2026-06-16 14:14:11.357,2026-06-14 07:23:18.512,0.0,0.0,0,mc1,demo1
2026-06-16 14:14:11.224,2026-06-14 07:23:18.512,0.0,0.0,0,mc2,demo1
2026-06-16 14:14:11.270,2026-06-14 07:23:18.512,0.0,0.0,0,mc4,demo1
2026-06-16 14:14:11.290,2026-06-14 07:23:18.512,0.0,0.0,0,mc3,demo1
2026-06-16 14:14:11.327,2026-06-14 07:23:18.512,0.0,0.0,0,mc5,demo1
2026-06-16 14:14:11.207,2026-06-14 07:23:18.512,0.0,0.0,0,mc6,demo1
2026-06-16 14:14:11.424,2026-06-14 07:18:18.235,0.0,0.0,0,mc6,demo1
2026-06-16 14:14:11.541,2026-06-14 07:18:18.235,0.0,0.0,0,mc2,demo1
2026-06-16 14:14:11.523,2026-06-14 07:18:18.235,0.0,0.0,0,mc1,demo1
2026-06-16 14:14:11.491,2026-06-14 07:18:18.235,0.0,0.0,0,mc4,demo1
2026-06-16 14:14:11.476,2026-06-14 07:18:18.235,0.0,0.0,0,mc3,demo1
2026-06-16 14:14:11.407,2026-06-14 07:18:18.235,0.0,0.0,0,mc5,demo1
2026-06-16 14:14:11.604,2026-06-14 07:13:18.703,0.0,0.0,0,mc4,demo1
2026-06-16 14:14:12.051,2026-06-14 07:13:18.703,0.0,0.0,0,mc2,demo1
2026-06-16 14:14:12.014,2026-06-14 07:13:18.703,0.0,0.0,0,mc3,demo1
2026-06-16 14:14:11.975,2026-06-14 07:13:18.703,0.0,0.0,0,mc1,demo1
2026-06-16 14:14:11.923,2026-06-14 07:13:18.703,0.0,0.0,0,mc6,demo1
2026-06-16 14:14:11.904,2026-06-14 07:13:18.703,0.0,0.0,0,mc5,demo1
2026-06-16 14:14:12.091,2026-06-14 07:08:19.028,0.0,0.0,0,mc4,demo1
2026-06-16 14:14:12.373,2026-06-14 07:08:19.028,0.0,0.0,0,mc3,demo1
2026-06-16 14:14:12.357,2026-06-14 07:08:19.028,0.0,0.0,0,mc6,demo1
2026-06-16 14:14:12.322,2026-06-14 07:08:19.028,0.0,0.0,0,mc5,demo1
2026-06-16 14:14:12.295,2026-06-14 07:08:19.028,0.0,0.0,0,mc2,demo1
2026-06-16 14:14:12.265,2026-06-14 07:08:19.028,0.0,0.0,0,mc1,demo1
2026-06-16 14:14:12.456,2026-06-14 07:03:18.390,0.0,0.0,0,mc3,demo1
2026-06-16 14:14:12.556,2026-06-14 07:03:18.390,0.0,0.0,0,mc5,demo1
2026-06-16 14:14:12.540,2026-06-14 07:03:18.390,0.0,0.0,0,mc6,demo1
2026-06-16 14:14:12.507,2026-06-14 07:03:18.390,0.0,0.0,0,mc1,demo1
2026-06-16 14:14:12.482,2026-06-14 07:03:18.390,0.0,0.0,0,mc4,demo1
2026-06-16 14:14:12.418,2026-06-14 07:03:18.390,0.0,0.0,0,mc2,demo1
2026-06-16 14:14:12.822,2026-06-14 06:58:18.768,0.0,0.0,0,mc2,demo1
2026-06-16 14:14:13.632,2026-06-14 06:58:18.768,0.0,0.0,0,mc6,demo1
2026-06-16 14:14:13.585,2026-06-14 06:58:18.768,0.0,0.0,0,mc5,demo1
2026-06-16 14:14:13.543,2026-06-14 06:58:18.768,0.0,0.0,0,mc1,demo1
2026-06-16 14:14:12.926,2026-06-14 06:58:18.768,0.0,0.0,0,mc3,demo1
2026-06-16 14:14:12.629,2026-06-14 06:58:18.768,0.0,0.0,0,mc4,demo1
2026-06-16 14:14:13.815,2026-06-14 06:53:19.084,0.0,0.0,0,mc2,demo1
2026-06-16 14:14:13.682,2026-06-14 06:53:19.084,0.0,0.0,0,mc3,demo1
2026-06-16 14:14:13.735,2026-06-14 06:53:19.084,0.0,0.0,0,mc5,demo1
2026-06-16 14:14:13.757,2026-06-14 06:53:19.084,0.0,0.0,0,mc1,demo1
2026-06-16 14:14:13.784,2026-06-14 06:53:19.084,0.0,0.0,0,mc4,demo1
2026-06-16 14:14:13.655,2026-06-14 06:53:19.084,0.0,0.0,0,mc6,demo1
2026-06-16 14:14:13.894,2026-06-14 06:48:18.700,0.0,0.0,0,mc3,demo1
2026-06-16 14:14:13.999,2026-06-14 06:48:18.700,0.0,0.0,0,mc4,demo1
2026-06-16 14:14:13.973,2026-06-14 06:48:18.700,0.0,0.0,0,mc5,demo1
2026-06-16 14:14:13.922,2026-06-14 06:48:18.700,0.0,0.0,0,mc2,demo1
2026-06-16 14:14:13.871,2026-06-14 06:48:18.700,0.0,0.0,0,mc6,demo1
2026-06-16 14:14:13.846,2026-06-14 06:48:18.700,0.0,0.0,0,mc1,demo1
2026-06-16 14:14:14.198,2026-06-14 06:43:18.706,0.0,0.0,0,mc5,demo1
2026-06-16 14:14:14.037,2026-06-14 06:43:18.706,0.0,0.0,0,mc6,demo1
2026-06-16 14:14:14.073,2026-06-14 06:43:18.706,0.0,0.0,0,mc3,demo1
2026-06-16 14:14:14.092,2026-06-14 06:43:18.706,0.0,0.0,0,mc2,demo1
2026-06-16 14:14:14.117,2026-06-14 06:43:18.706,0.0,0.0,0,mc4,demo1
2026-06-16 14:14:14.173,2026-06-14 06:43:18.706,0.0,0.0,0,mc1,demo1
2026-06-16 14:14:14.225,2026-06-14 06:38:19.018,0.0,0.0,0,mc5,demo1
2026-06-16 14:14:14.266,2026-06-14 06:38:19.018,0.0,0.0,0,mc6,demo1
2026-06-16 14:14:14.313,2026-06-14 06:38:19.018,0.0,0.0,0,mc3,demo1
2026-06-16 14:14:14.344,2026-06-14 06:38:19.018,0.0,0.0,0,mc4,demo1
2026-06-16 14:14:14.366,2026-06-14 06:38:19.018,0.0,0.0,0,mc1,demo1
2026-06-16 14:14:14.416,2026-06-14 06:38:19.018,0.0,0.0,0,mc2,demo1
2026-06-16 14:14:14.465,2026-06-14 06:33:18.289,0.0,0.0,0,mc5,demo1
2026-06-16 14:14:14.502,2026-06-14 06:33:18.289,0.0,0.0,0,mc1,demo1
2026-06-16 14:14:14.539,2026-06-14 06:33:18.289,0.0,0.0,0,mc6,demo1
2026-06-16 14:14:14.582,2026-06-14 06:33:18.289,0.0,0.0,0,mc2,demo1
2026-06-16 14:14:14.599,2026-06-14 06:33:18.289,0.0,0.0,0,mc4,demo1
2026-06-16 14:14:14.657,2026-06-14 06:33:18.289,0.0,0.0,0,mc3,demo1
2026-06-16 14:14:14.673,2026-06-14 06:28:19.003,0.0,0.0,0,mc3,demo1
2026-06-16 14:14:14.798,2026-06-14 06:28:19.003,0.0,0.0,0,mc4,demo1
2026-06-16 14:14:14.777,2026-06-14 06:28:19.003,0.0,0.0,0,mc5,demo1
2026-06-16 14:14:14.757,2026-06-14 06:28:19.003,0.0,0.0,0,mc1,demo1
2026-06-16 14:14:14.740,2026-06-14 06:28:19.003,0.0,0.0,0,mc6,demo1
2026-06-16 14:14:14.724,2026-06-14 06:28:19.003,0.0,0.0,0,mc2,demo1
2026-06-16 14:14:14.865,2026-06-14 06:23:18.336,0.0,0.0,0,mc4,demo1
2026-06-16 14:14:15.062,2026-06-14 06:23:18.336,0.0,0.0,0,mc2,demo1
2026-06-16 14:14:15.016,2026-06-14 06:23:18.336,0.0,0.0,0,mc5,demo1
2026-06-16 14:14:14.992,2026-06-14 06:23:18.336,0.0,0.0,0,mc1,demo1
2026-06-16 14:14:14.931,2026-06-14 06:23:18.336,0.0,0.0,0,mc3,demo1
2026-06-16 14:14:14.897,2026-06-14 06:23:18.336,0.0,0.0,0,mc6,demo1
2026-06-16 14:14:15.102,2026-06-14 06:18:18.133,0.0,0.0,0,mc6,demo1
2026-06-16 14:14:15.143,2026-06-14 06:18:18.133,0.0,0.0,0,mc5,demo1
2026-06-16 14:14:15.173,2026-06-14 06:18:18.133,0.0,0.0,0,mc4,demo1
2026-06-16 14:14:15.222,2026-06-14 06:18:18.133,0.0,0.0,0,mc3,demo1
2026-06-16 14:14:15.268,2026-06-14 06:18:18.133,0.0,0.0,0,mc1,demo1
2026-06-16 14:14:15.307,2026-06-14 06:18:18.133,0.0,0.0,0,mc2,demo1
2026-06-16 14:14:15.340,2026-06-14 06:13:18.780,0.0,0.0,0,mc3,demo1
2026-06-16 14:14:15.367,2026-06-14 06:13:18.780,0.0,0.0,0,mc2,demo1
2026-06-16 14:14:15.401,2026-06-14 06:13:18.780,0.0,0.0,0,mc4,demo1
2026-06-16 14:14:15.469,2026-06-14 06:13:18.780,0.0,0.0,0,mc1,demo1
2026-06-16 14:14:15.525,2026-06-14 06:13:18.780,0.0,0.0,0,mc6,demo1
2026-06-16 14:14:15.548,2026-06-14 06:13:18.780,0.0,0.0,0,mc5,demo1
2026-06-16 14:14:15.573,2026-06-14 06:08:18.917,0.0,0.0,0,mc1,demo1
2026-06-16 14:14:15.604,2026-06-14 06:08:18.917,0.0,0.0,0,mc6,demo1
2026-06-16 14:14:15.623,2026-06-14 06:08:18.917,0.0,0.0,0,mc3,demo1
2026-06-16 14:14:15.646,2026-06-14 06:08:18.917,0.0,0.0,0,mc4,demo1
2026-06-16 14:14:15.708,2026-06-14 06:08:18.917,0.0,0.0,0,mc2,demo1
2026-06-16 14:14:15.731,2026-06-14 06:08:18.917,0.0,0.0,0,mc5,demo1
2026-06-16 14:14:15.747,2026-06-14 06:03:18.689,0.0,0.0,0,mc1,demo1
2026-06-16 14:14:15.777,2026-06-14 06:03:18.689,0.0,0.0,0,mc2,demo1
2026-06-16 14:14:15.799,2026-06-14 06:03:18.689,0.0,0.0,0,mc3,demo1
2026-06-16 14:14:15.823,2026-06-14 06:03:18.689,0.0,0.0,0,mc4,demo1
2026-06-16 14:14:15.848,2026-06-14 06:03:18.689,0.0,0.0,0,mc5,demo1
2026-06-16 14:14:15.888,2026-06-14 06:03:18.689,0.0,0.0,0,mc6,demo1
2026-06-16 14:14:15.990,2026-06-14 05:58:18.457,0.0,0.0,0,mc1,demo1
2026-06-16 14:14:16.015,2026-06-14 05:58:18.457,0.0,0.0,0,mc5,demo1
2026-06-16 14:14:16.041,2026-06-14 05:58:18.457,0.0,0.0,0,mc4,demo1
2026-06-16 14:14:16.088,2026-06-14 05:58:18.457,0.0,0.0,0,mc6,demo1
2026-06-16 14:14:16.117,2026-06-14 05:58:18.457,0.0,0.0,0,mc3,demo1
2026-06-16 14:14:16.140,2026-06-14 05:58:18.457,0.0,0.0,0,mc2,demo1
2026-06-16 14:14:16.165,2026-06-14 05:53:18.668,0.0,0.0,0,mc2,demo1
2026-06-16 14:14:16.216,2026-06-14 05:53:18.668,0.0,0.0,0,mc1,demo1
2026-06-16 14:14:16.258,2026-06-14 05:53:18.668,0.0,0.0,0,mc6,demo1
2026-06-16 14:14:16.288,2026-06-14 05:53:18.668,0.0,0.0,0,mc4,demo1
2026-06-16 14:14:16.315,2026-06-14 05:53:18.668,0.0,0.0,0,mc3,demo1
2026-06-16 14:14:16.347,2026-06-14 05:53:18.668,0.0,0.0,0,mc5,demo1
2026-06-16 14:14:16.391,2026-06-14 05:48:18.861,0.0,0.0,0,mc5,demo1
2026-06-16 14:14:16.414,2026-06-14 05:48:18.861,0.0,0.0,0,mc4,demo1
2026-06-16 14:14:16.432,2026-06-14 05:48:18.861,0.0,0.0,0,mc6,demo1
2026-06-16 14:14:16.465,2026-06-14 05:48:18.861,0.0,0.0,0,mc3,demo1
2026-06-16 14:14:16.494,2026-06-14 05:48:18.861,0.0,0.0,0,mc2,demo1
2026-06-16 14:14:16.530,2026-06-14 05:48:18.861,0.0,0.0,0,mc1,demo1
2026-06-16 14:14:16.557,2026-06-14 05:43:18.388,0.0,0.0,0,mc5,demo1
2026-06-16 14:14:16.573,2026-06-14 05:43:18.388,0.0,0.0,0,mc4,demo1
2026-06-16 14:14:16.596,2026-06-14 05:43:18.388,0.0,0.0,0,mc3,demo1
2026-06-16 14:14:16.623,2026-06-14 05:43:18.388,0.0,0.0,0,mc6,demo1
2026-06-16 14:14:16.651,2026-06-14 05:43:18.388,0.0,0.0,0,mc2,demo1
2026-06-16 14:14:16.681,2026-06-14 05:43:18.388,0.0,0.0,0,mc1,demo1
2026-06-16 14:14:16.767,2026-06-14 05:38:19.663,0.0,0.0,0,mc5,demo1
2026-06-16 14:14:16.806,2026-06-14 05:38:19.663,0.0,0.0,0,mc2,demo1
2026-06-16 14:14:16.823,2026-06-14 05:38:19.663,0.0,0.0,0,mc4,demo1
2026-06-16 14:14:16.874,2026-06-14 05:38:19.663,0.0,0.0,0,mc1,demo1
2026-06-16 14:14:16.904,2026-06-14 05:38:19.663,0.0,0.0,0,mc6,demo1
2026-06-16 14:14:16.959,2026-06-14 05:38:19.663,0.0,0.0,0,mc3,demo1
2026-06-16 14:14:16.975,2026-06-14 05:33:18.419,0.0,0.0,0,mc4,demo1
2026-06-16 14:14:16.991,2026-06-14 05:33:18.419,0.0,0.0,0,mc6,demo1
2026-06-16 14:14:17.008,2026-06-14 05:33:18.419,0.0,0.0,0,mc2,demo1
2026-06-16 14:14:17.045,2026-06-14 05:33:18.419,0.0,0.0,0,mc3,demo1
2026-06-16 14:14:17.109,2026-06-14 05:33:18.419,0.0,0.0,0,mc1,demo1
2026-06-16 14:14:17.134,2026-06-14 05:33:18.419,0.0,0.0,0,mc5,demo1
2026-06-16 14:14:17.173,2026-06-14 05:28:19.292,0.0,0.0,0,mc5,demo1
2026-06-16 14:14:17.191,2026-06-14 05:28:19.292,0.0,0.0,0,mc6,demo1
2026-06-16 14:14:17.425,2026-06-14 05:28:19.292,0.0,0.0,0,mc1,demo1
2026-06-16 14:14:17.459,2026-06-14 05:28:19.292,0.0,0.0,0,mc3,demo1
2026-06-16 14:14:17.518,2026-06-14 05:28:19.292,0.0,0.0,0,mc2,demo1
2026-06-16 14:14:17.557,2026-06-14 05:28:19.292,0.0,0.0,0,mc4,demo1
2026-06-16 14:14:17.589,2026-06-14 05:23:18.718,0.0,0.0,0,mc5,demo1
2026-06-16 14:14:17.648,2026-06-14 05:23:18.718,0.0,0.0,0,mc6,demo1
2026-06-16 14:14:17.725,2026-06-14 05:23:18.718,0.0,0.0,0,mc3,demo1
2026-06-16 14:14:17.764,2026-06-14 05:23:18.718,0.0,0.0,0,mc2,demo1
2026-06-16 14:14:17.824,2026-06-14 05:23:18.718,0.0,0.0,0,mc4,demo1
2026-06-16 14:14:17.908,2026-06-14 05:23:18.718,0.0,0.0,0,mc1,demo1
2026-06-16 14:14:17.942,2026-06-14 05:18:18.860,0.0,0.0,0,mc2,demo1
2026-06-16 14:14:17.983,2026-06-14 05:18:18.860,0.0,0.0,0,mc1,demo1
2026-06-16 14:14:18.009,2026-06-14 05:18:18.860,0.0,0.0,0,mc6,demo1
2026-06-16 14:14:18.039,2026-06-14 05:18:18.860,0.0,0.0,0,mc5,demo1
2026-06-16 14:14:18.065,2026-06-14 05:18:18.860,0.0,0.0,0,mc3,demo1
2026-06-16 14:14:18.113,2026-06-14 05:18:18.860,0.0,0.0,0,mc4,demo1
2026-06-16 14:14:18.212,2026-06-14 05:13:18.653,0.0,0.0,0,mc3,demo1
2026-06-16 14:14:18.149,2026-06-14 05:13:18.653,0.0,0.0,0,mc4,demo1
2026-06-16 14:14:18.173,2026-06-14 05:13:18.653,0.0,0.0,0,mc2,demo1
2026-06-16 14:14:18.245,2026-06-14 05:13:18.653,0.0,0.0,0,mc1,demo1
2026-06-16 14:14:18.274,2026-06-14 05:13:18.653,0.0,0.0,0,mc5,demo1
2026-06-16 14:14:18.299,2026-06-14 05:13:18.653,0.0,0.0,0,mc6,demo1
2026-06-16 14:14:18.466,2026-06-14 05:08:18.263,0.0,0.0,0,mc3,demo1
2026-06-16 14:14:18.541,2026-06-14 05:08:18.263,0.0,0.0,0,mc2,demo1
2026-06-16 14:14:18.338,2026-06-14 05:08:18.263,0.0,0.0,0,mc4,demo1
2026-06-16 14:14:18.380,2026-06-14 05:08:18.263,0.0,0.0,0,mc6,demo1
2026-06-16 14:14:18.409,2026-06-14 05:08:18.263,0.0,0.0,0,mc1,demo1
2026-06-16 14:14:18.505,2026-06-14 05:08:18.263,0.0,0.0,0,mc5,demo1
2026-06-16 14:14:18.597,2026-06-14 05:03:18.023,0.0,0.0,0,mc6,demo1
2026-06-16 14:14:18.746,2026-06-14 05:03:18.023,0.0,0.0,0,mc5,demo1
2026-06-16 14:14:18.699,2026-06-14 05:03:18.023,0.0,0.0,0,mc1,demo1
2026-06-16 14:14:18.673,2026-06-14 05:03:18.023,0.0,0.0,0,mc2,demo1
2026-06-16 14:14:18.647,2026-06-14 05:03:18.023,0.0,0.0,0,mc4,demo1
2026-06-16 14:14:18.624,2026-06-14 05:03:18.023,0.0,0.0,0,mc3,demo1
2026-06-16 14:14:18.790,2026-06-14 04:58:18.266,0.0,0.0,0,mc3,demo1
2026-06-16 14:14:18.960,2026-06-14 04:58:18.266,0.0,0.0,0,mc5,demo1
2026-06-16 14:14:18.890,2026-06-14 04:58:18.266,0.0,0.0,0,mc1,demo1
2026-06-16 14:14:18.849,2026-06-14 04:58:18.266,0.0,0.0,0,mc2,demo1
2026-06-16 14:14:18.824,2026-06-14 04:58:18.266,0.0,0.0,0,mc4,demo1
2026-06-16 14:14:18.772,2026-06-14 04:58:18.266,0.0,0.0,0,mc6,demo1
2026-06-16 14:14:18.983,2026-06-14 04:53:18.566,0.0,0.0,0,mc3,demo1
2026-06-16 14:14:19.119,2026-06-14 04:53:18.566,0.0,0.0,0,mc1,demo1
2026-06-16 14:14:19.090,2026-06-14 04:53:18.566,0.0,0.0,0,mc5,demo1
2026-06-16 14:14:19.074,2026-06-14 04:53:18.566,0.0,0.0,0,mc2,demo1
2026-06-16 14:14:19.041,2026-06-14 04:53:18.566,0.0,0.0,0,mc6,demo1
2026-06-16 14:14:19.016,2026-06-14 04:53:18.566,0.0,0.0,0,mc4,demo1
2026-06-16 14:14:19.241,2026-06-14 04:48:19.145,0.0,0.0,0,mc1,demo1
2026-06-16 14:14:19.266,2026-06-14 04:48:19.145,0.0,0.0,0,mc3,demo1
2026-06-16 14:14:19.216,2026-06-14 04:48:19.145,0.0,0.0,0,mc4,demo1
2026-06-16 14:14:19.197,2026-06-14 04:48:19.145,0.0,0.0,0,mc2,demo1
2026-06-16 14:14:19.174,2026-06-14 04:48:19.145,0.0,0.0,0,mc6,demo1
2026-06-16 14:14:19.141,2026-06-14 04:48:19.145,0.0,0.0,0,mc5,demo1
2026-06-16 14:14:19.464,2026-06-14 04:43:19.149,0.0,0.0,0,mc2,demo1
2026-06-16 14:14:19.299,2026-06-14 04:43:19.149,0.0,0.0,0,mc4,demo1
2026-06-16 14:14:19.315,2026-06-14 04:43:19.149,0.0,0.0,0,mc5,demo1
2026-06-16 14:14:19.341,2026-06-14 04:43:19.149,0.0,0.0,0,mc3,demo1
2026-06-16 14:14:19.364,2026-06-14 04:43:19.149,0.0,0.0,0,mc6,demo1
2026-06-16 14:14:19.417,2026-06-14 04:43:19.149,0.0,0.0,0,mc1,demo1
2026-06-16 14:14:19.642,2026-06-14 04:38:18.650,0.0,0.0,0,mc1,demo1
2026-06-16 14:14:19.506,2026-06-14 04:38:18.650,0.0,0.0,0,mc2,demo1
2026-06-16 14:14:19.524,2026-06-14 04:38:18.650,0.0,0.0,0,mc3,demo1
2026-06-16 14:14:19.550,2026-06-14 04:38:18.650,0.0,0.0,0,mc5,demo1
2026-06-16 14:14:19.572,2026-06-14 04:38:18.650,0.0,0.0,0,mc6,demo1
2026-06-16 14:14:19.599,2026-06-14 04:38:18.650,0.0,0.0,0,mc4,demo1
2026-06-16 14:14:19.829,2026-06-14 04:33:18.732,0.0,0.0,0,mc2,demo1
2026-06-16 14:14:19.723,2026-06-14 04:33:18.732,0.0,0.0,0,mc6,demo1
2026-06-16 14:14:19.749,2026-06-14 04:33:18.732,0.0,0.0,0,mc4,demo1
2026-06-16 14:14:19.667,2026-06-14 04:33:18.732,0.0,0.0,0,mc5,demo1
2026-06-16 14:14:19.689,2026-06-14 04:33:18.732,0.0,0.0,0,mc3,demo1
2026-06-16 14:14:19.773,2026-06-14 04:33:18.732,0.0,0.0,0,mc1,demo1
2026-06-16 14:14:19.862,2026-06-14 04:28:18.364,0.0,0.0,0,mc6,demo1
2026-06-16 14:14:19.906,2026-06-14 04:28:18.364,0.0,0.0,0,mc2,demo1
2026-06-16 14:14:19.932,2026-06-14 04:28:18.364,0.0,0.0,0,mc1,demo1
2026-06-16 14:14:19.975,2026-06-14 04:28:18.364,0.0,0.0,0,mc3,demo1
2026-06-16 14:14:19.998,2026-06-14 04:28:18.364,0.0,0.0,0,mc4,demo1
2026-06-16 14:14:20.043,2026-06-14 04:28:18.364,0.0,0.0,0,mc5,demo1
2026-06-16 14:14:20.112,2026-06-14 04:23:18.413,0.0,0.0,0,mc2,demo1
2026-06-16 14:14:20.139,2026-06-14 04:23:18.413,0.0,0.0,0,mc6,demo1
2026-06-16 14:14:20.179,2026-06-14 04:23:18.413,0.0,0.0,0,mc3,demo1
2026-06-16 14:14:20.207,2026-06-14 04:23:18.413,0.0,0.0,0,mc5,demo1
2026-06-16 14:14:20.237,2026-06-14 04:23:18.413,0.0,0.0,0,mc1,demo1
2026-06-16 14:14:20.294,2026-06-14 04:23:18.413,0.0,0.0,0,mc4,demo1
2026-06-16 14:14:20.338,2026-06-14 04:18:18.627,0.0,0.0,0,mc1,demo1
2026-06-16 14:14:20.363,2026-06-14 04:18:18.627,0.0,0.0,0,mc5,demo1
2026-06-16 14:14:20.391,2026-06-14 04:18:18.627,0.0,0.0,0,mc4,demo1
2026-06-16 14:14:20.417,2026-06-14 04:18:18.627,0.0,0.0,0,mc3,demo1
2026-06-16 14:14:20.496,2026-06-14 04:18:18.627,0.0,0.0,0,mc2,demo1
2026-06-16 14:14:20.522,2026-06-14 04:18:18.627,0.0,0.0,0,mc6,demo1
2026-06-16 14:14:20.633,2026-06-14 04:13:18.691,0.0,0.0,0,mc3,demo1
2026-06-16 14:14:20.674,2026-06-14 04:13:18.691,0.0,0.0,0,mc6,demo1
2026-06-16 14:14:20.654,2026-06-14 04:13:18.691,0.0,0.0,0,mc1,demo1
2026-06-16 14:14:20.599,2026-06-14 04:13:18.691,0.0,0.0,0,mc2,demo1
2026-06-16 14:14:20.574,2026-06-14 04:13:18.691,0.0,0.0,0,mc4,demo1
2026-06-16 14:14:20.548,2026-06-14 04:13:18.691,0.0,0.0,0,mc5,demo1
2026-06-16 14:14:20.725,2026-06-14 04:08:18.641,0.0,0.0,0,mc3,demo1
2026-06-16 14:14:20.749,2026-06-14 04:08:18.641,0.0,0.0,0,mc6,demo1
2026-06-16 14:14:20.783,2026-06-14 04:08:18.641,0.0,0.0,0,mc5,demo1
2026-06-16 14:14:20.706,2026-06-14 04:08:18.641,0.0,0.0,0,mc2,demo1
2026-06-16 14:14:20.808,2026-06-14 04:08:18.641,0.0,0.0,0,mc4,demo1
2026-06-16 14:14:20.849,2026-06-14 04:08:18.641,0.0,0.0,0,mc1,demo1
2026-06-16 14:14:20.882,2026-06-14 04:03:18.941,0.0,0.0,0,mc1,demo1
2026-06-16 14:14:20.907,2026-06-14 04:03:18.941,0.0,0.0,0,mc6,demo1
2026-06-16 14:14:20.932,2026-06-14 04:03:18.941,0.0,0.0,0,mc4,demo1
2026-06-16 14:14:20.974,2026-06-14 04:03:18.941,0.0,0.0,0,mc5,demo1
2026-06-16 14:14:20.998,2026-06-14 04:03:18.941,0.0,0.0,0,mc3,demo1
2026-06-16 14:14:21.015,2026-06-14 04:03:18.941,0.0,0.0,0,mc2,demo1
2026-06-16 14:14:21.032,2026-06-14 03:58:18.480,0.0,0.0,0,mc6,demo1
2026-06-16 14:14:21.057,2026-06-14 03:58:18.480,0.0,0.0,0,mc5,demo1
2026-06-16 14:14:21.073,2026-06-14 03:58:18.480,0.0,0.0,0,mc3,demo1
2026-06-16 14:14:21.102,2026-06-14 03:58:18.480,0.0,0.0,0,mc1,demo1
2026-06-16 14:14:21.139,2026-06-14 03:58:18.480,0.0,0.0,0,mc4,demo1
2026-06-16 14:14:21.168,2026-06-14 03:58:18.480,0.0,0.0,0,mc2,demo1
2026-06-16 14:14:21.204,2026-06-14 03:53:18.249,0.0,0.0,0,mc4,demo1
2026-06-16 14:14:21.230,2026-06-14 03:53:18.249,0.0,0.0,0,mc6,demo1
2026-06-16 14:14:21.255,2026-06-14 03:53:18.249,0.0,0.0,0,mc3,demo1
2026-06-16 14:14:21.280,2026-06-14 03:53:18.249,0.0,0.0,0,mc2,demo1
2026-06-16 14:14:21.306,2026-06-14 03:53:18.249,0.0,0.0,0,mc5,demo1
2026-06-16 14:14:21.351,2026-06-14 03:53:18.249,0.0,0.0,0,mc1,demo1
2026-06-16 14:14:21.384,2026-06-14 03:48:19.135,0.0,0.0,0,mc3,demo1
2026-06-16 14:14:21.413,2026-06-14 03:48:19.135,0.0,0.0,0,mc5,demo1
2026-06-16 14:14:21.465,2026-06-14 03:48:19.135,0.0,0.0,0,mc2,demo1
2026-06-16 14:14:21.514,2026-06-14 03:48:19.135,0.0,0.0,0,mc1,demo1
2026-06-16 14:14:21.547,2026-06-14 03:48:19.135,0.0,0.0,0,mc4,demo1
2026-06-16 14:14:21.572,2026-06-14 03:48:19.135,0.0,0.0,0,mc6,demo1
2026-06-16 14:14:21.681,2026-06-14 03:43:18.723,0.0,0.0,0,mc4,demo1
2026-06-16 14:14:21.598,2026-06-14 03:43:18.723,0.0,0.0,0,mc2,demo1
2026-06-16 14:14:21.624,2026-06-14 03:43:18.723,0.0,0.0,0,mc6,demo1
2026-06-16 14:14:21.664,2026-06-14 03:43:18.723,0.0,0.0,0,mc1,demo1
2026-06-16 14:14:21.722,2026-06-14 03:43:18.723,0.0,0.0,0,mc3,demo1
2026-06-16 14:14:21.758,2026-06-14 03:43:18.723,0.0,0.0,0,mc5,demo1
2026-06-16 14:14:21.782,2026-06-14 03:38:18.973,0.0,0.0,0,mc4,demo1
2026-06-16 14:14:21.807,2026-06-14 03:38:18.973,0.0,0.0,0,mc3,demo1
2026-06-16 14:14:21.890,2026-06-14 03:38:18.973,0.0,0.0,0,mc6,demo1
2026-06-16 14:14:21.980,2026-06-14 03:38:18.973,0.0,0.0,0,mc1,demo1
2026-06-16 14:14:22.028,2026-06-14 03:38:18.973,0.0,0.0,0,mc2,demo1
2026-06-16 14:14:22.057,2026-06-14 03:38:18.973,0.0,0.0,0,mc5,demo1
2026-06-16 14:14:22.082,2026-06-14 03:33:18.446,0.0,0.0,0,mc3,demo1
2026-06-16 14:14:22.108,2026-06-14 03:33:18.446,0.0,0.0,0,mc5,demo1
2026-06-16 14:14:22.132,2026-06-14 03:33:18.446,0.0,0.0,0,mc2,demo1
2026-06-16 14:14:22.202,2026-06-14 03:33:18.446,0.0,0.0,0,mc1,demo1
2026-06-16 14:14:22.262,2026-06-14 03:33:18.446,0.0,0.0,0,mc4,demo1
2026-06-16 14:14:22.301,2026-06-14 03:33:18.446,0.0,0.0,0,mc6,demo1
2026-06-16 14:14:22.331,2026-06-14 03:28:18.757,0.0,0.0,0,mc1,demo1
2026-06-16 14:14:22.477,2026-06-14 03:28:18.757,0.0,0.0,0,mc6,demo1
2026-06-16 14:14:22.536,2026-06-14 03:28:18.757,0.0,0.0,0,mc5,demo1
2026-06-16 14:14:22.587,2026-06-14 03:28:18.757,0.0,0.0,0,mc3,demo1
2026-06-16 14:14:22.613,2026-06-14 03:28:18.757,0.0,0.0,0,mc4,demo1
2026-06-16 14:14:22.638,2026-06-14 03:28:18.757,0.0,0.0,0,mc2,demo1
2026-06-16 14:14:22.657,2026-06-14 03:23:19.138,0.0,0.0,0,mc1,demo1
2026-06-16 14:14:22.715,2026-06-14 03:23:19.138,0.0,0.0,0,mc5,demo1
2026-06-16 14:14:22.756,2026-06-14 03:23:19.138,0.0,0.0,0,mc6,demo1
2026-06-16 14:14:22.813,2026-06-14 03:23:19.138,0.0,0.0,0,mc2,demo1
2026-06-16 14:14:22.842,2026-06-14 03:23:19.138,0.0,0.0,0,mc4,demo1
2026-06-16 14:14:22.865,2026-06-14 03:23:19.138,0.0,0.0,0,mc3,demo1
2026-06-16 14:14:22.915,2026-06-14 03:18:18.262,0.0,0.0,0,mc4,demo1
2026-06-16 14:14:22.971,2026-06-14 03:18:18.262,0.0,0.0,0,mc6,demo1
2026-06-16 14:14:22.990,2026-06-14 03:18:18.262,0.0,0.0,0,mc3,demo1
2026-06-16 14:14:23.066,2026-06-14 03:18:18.262,0.0,0.0,0,mc2,demo1
2026-06-16 14:14:23.017,2026-06-14 03:18:18.262,0.0,0.0,0,mc5,demo1
2026-06-16 14:14:23.033,2026-06-14 03:18:18.262,0.0,0.0,0,mc1,demo1
2026-06-16 14:14:23.207,2026-06-14 03:13:18.105,0.0,0.0,0,mc1,demo1
2026-06-16 14:14:23.090,2026-06-14 03:13:18.105,0.0,0.0,0,mc6,demo1
2026-06-16 14:14:23.132,2026-06-14 03:13:18.105,0.0,0.0,0,mc4,demo1
2026-06-16 14:14:23.166,2026-06-14 03:13:18.105,0.0,0.0,0,mc5,demo1
2026-06-16 14:14:23.223,2026-06-14 03:13:18.105,0.0,0.0,0,mc3,demo1
2026-06-16 14:14:23.240,2026-06-14 03:13:18.105,0.0,0.0,0,mc2,demo1
2026-06-16 14:14:23.274,2026-06-14 03:08:18.617,0.0,0.0,0,mc1,demo1
2026-06-16 14:14:23.524,2026-06-14 03:08:18.617,0.0,0.0,0,mc6,demo1
2026-06-16 14:14:23.501,2026-06-14 03:08:18.617,0.0,0.0,0,mc5,demo1
2026-06-16 14:14:23.379,2026-06-14 03:08:18.617,0.0,0.0,0,mc2,demo1
2026-06-16 14:14:23.325,2026-06-14 03:08:18.617,0.0,0.0,0,mc4,demo1
2026-06-16 14:14:23.300,2026-06-14 03:08:18.617,0.0,0.0,0,mc3,demo1
2026-06-16 14:14:23.575,2026-06-14 03:03:18.364,0.0,0.0,0,mc6,demo1
2026-06-16 14:14:23.714,2026-06-14 03:03:18.364,0.0,0.0,0,mc4,demo1
2026-06-16 14:14:23.681,2026-06-14 03:03:18.364,0.0,0.0,0,mc3,demo1
2026-06-16 14:14:23.651,2026-06-14 03:03:18.364,0.0,0.0,0,mc2,demo1
2026-06-16 14:14:23.615,2026-06-14 03:03:18.364,0.0,0.0,0,mc1,demo1
2026-06-16 14:14:23.597,2026-06-14 03:03:18.364,0.0,0.0,0,mc5,demo1
2026-06-16 14:14:23.751,2026-06-14 02:58:18.708,0.0,0.0,0,mc5,demo1
2026-06-16 14:14:23.998,2026-06-14 02:58:18.708,0.0,0.0,0,mc4,demo1
2026-06-16 14:14:23.974,2026-06-14 02:58:18.708,0.0,0.0,0,mc2,demo1
2026-06-16 14:14:23.923,2026-06-14 02:58:18.708,0.0,0.0,0,mc3,demo1
2026-06-16 14:14:23.857,2026-06-14 02:58:18.708,0.0,0.0,0,mc6,demo1
2026-06-16 14:14:23.821,2026-06-14 02:58:18.708,0.0,0.0,0,mc1,demo1
2026-06-16 14:14:24.073,2026-06-14 02:53:18.396,0.0,0.0,0,mc2,demo1
2026-06-16 14:14:24.215,2026-06-14 02:53:18.396,0.0,0.0,0,mc3,demo1
2026-06-16 14:14:24.174,2026-06-14 02:53:18.396,0.0,0.0,0,mc1,demo1
2026-06-16 14:14:24.133,2026-06-14 02:53:18.396,0.0,0.0,0,mc5,demo1
2026-06-16 14:14:24.108,2026-06-14 02:53:18.396,0.0,0.0,0,mc4,demo1
2026-06-16 14:14:24.025,2026-06-14 02:53:18.396,0.0,0.0,0,mc6,demo1
2026-06-16 14:14:24.265,2026-06-14 02:48:18.454,0.0,0.0,0,mc4,demo1
2026-06-16 14:14:24.466,2026-06-14 02:48:18.454,0.0,0.0,0,mc5,demo1
2026-06-16 14:14:24.361,2026-06-14 02:48:18.454,0.0,0.0,0,mc1,demo1
2026-06-16 14:14:24.331,2026-06-14 02:48:18.454,0.0,0.0,0,mc3,demo1
2026-06-16 14:14:24.299,2026-06-14 02:48:18.454,0.0,0.0,0,mc2,demo1
2026-06-16 14:14:24.240,2026-06-14 02:48:18.454,0.0,0.0,0,mc6,demo1
2026-06-16 14:14:24.563,2026-06-14 02:43:18.624,0.0,0.0,0,mc6,demo1
2026-06-16 14:14:24.612,2026-06-14 02:43:18.624,0.0,0.0,0,mc1,demo1
2026-06-16 14:14:24.640,2026-06-14 02:43:18.624,0.0,0.0,0,mc2,demo1
2026-06-16 14:14:24.657,2026-06-14 02:43:18.624,0.0,0.0,0,mc5,demo1
2026-06-16 14:14:24.724,2026-06-14 02:43:18.624,0.0,0.0,0,mc4,demo1
2026-06-16 14:14:24.765,2026-06-14 02:43:18.624,0.0,0.0,0,mc3,demo1
2026-06-16 14:14:24.823,2026-06-14 02:38:18.485,0.0,0.0,0,mc6,demo1
2026-06-16 14:14:24.866,2026-06-14 02:38:18.485,0.0,0.0,0,mc4,demo1
2026-06-16 14:14:24.906,2026-06-14 02:38:18.485,0.0,0.0,0,mc3,demo1
2026-06-16 14:14:24.998,2026-06-14 02:38:18.485,0.0,0.0,0,mc5,demo1
2026-06-16 14:14:25.049,2026-06-14 02:38:18.485,0.0,0.0,0,mc2,demo1
2026-06-16 14:14:25.073,2026-06-14 02:38:18.485,0.0,0.0,0,mc1,demo1
2026-06-16 14:14:25.206,2026-06-14 02:33:18.716,0.0,0.0,0,mc1,demo1
2026-06-16 14:14:25.259,2026-06-14 02:33:18.716,0.0,0.0,0,mc5,demo1
2026-06-16 14:14:25.234,2026-06-14 02:33:18.716,0.0,0.0,0,mc3,demo1
2026-06-16 14:14:25.156,2026-06-14 02:33:18.716,0.0,0.0,0,mc2,demo1
2026-06-16 14:14:25.127,2026-06-14 02:33:18.716,0.0,0.0,0,mc6,demo1
2026-06-16 14:14:25.101,2026-06-14 02:33:18.716,0.0,0.0,0,mc4,demo1
2026-06-16 14:14:25.375,2026-06-14 02:28:18.589,0.0,0.0,0,mc3,demo1
2026-06-16 14:14:25.427,2026-06-14 02:28:18.589,0.0,0.0,0,mc5,demo1
2026-06-16 14:14:25.487,2026-06-14 02:28:18.589,0.0,0.0,0,mc2,demo1
2026-06-16 14:14:25.336,2026-06-14 02:28:18.589,0.0,0.0,0,mc6,demo1
2026-06-16 14:14:25.550,2026-06-14 02:28:18.589,0.0,0.0,0,mc4,demo1
2026-06-16 14:14:25.633,2026-06-14 02:28:18.589,0.0,0.0,0,mc1,demo1
2026-06-16 14:14:25.667,2026-06-14 02:23:19.179,0.0,0.0,0,mc4,demo1
2026-06-16 14:14:25.712,2026-06-14 02:23:19.179,0.0,0.0,0,mc5,demo1
2026-06-16 14:14:25.757,2026-06-14 02:23:19.179,0.0,0.0,0,mc1,demo1
2026-06-16 14:14:25.781,2026-06-14 02:23:19.179,0.0,0.0,0,mc2,demo1
2026-06-16 14:14:25.827,2026-06-14 02:23:19.179,0.0,0.0,0,mc3,demo1
2026-06-16 14:14:25.859,2026-06-14 02:23:19.179,0.0,0.0,0,mc6,demo1
2026-06-16 14:14:25.884,2026-06-14 02:18:19.070,0.0,0.0,0,mc1,demo1
2026-06-16 14:14:25.921,2026-06-14 02:18:19.070,0.0,0.0,0,mc2,demo1
2026-06-16 14:14:26.027,2026-06-14 02:18:19.070,0.0,0.0,0,mc5,demo1
2026-06-16 14:14:26.109,2026-06-14 02:18:19.070,0.0,0.0,0,mc6,demo1
2026-06-16 14:14:26.163,2026-06-14 02:18:19.070,0.0,0.0,0,mc4,demo1
2026-06-16 14:14:26.195,2026-06-14 02:18:19.070,0.0,0.0,0,mc3,demo1
2026-06-16 14:14:26.467,2026-06-14 02:13:18.339,0.0,0.0,0,mc4,demo1
2026-06-16 14:14:26.342,2026-06-14 02:13:18.339,0.0,0.0,0,mc1,demo1
2026-06-16 14:14:26.392,2026-06-14 02:13:18.339,0.0,0.0,0,mc3,demo1
2026-06-16 14:14:26.427,2026-06-14 02:13:18.339,0.0,0.0,0,mc5,demo1
2026-06-16 14:14:26.490,2026-06-14 02:13:18.339,0.0,0.0,0,mc6,demo1
2026-06-16 14:14:26.514,2026-06-14 02:13:18.339,0.0,0.0,0,mc2,demo1
2026-06-16 14:14:26.531,2026-06-14 02:08:19.121,0.0,0.0,0,mc3,demo1
2026-06-16 14:14:26.575,2026-06-14 02:08:19.121,0.0,0.0,0,mc4,demo1
2026-06-16 14:14:26.605,2026-06-14 02:08:19.121,0.0,0.0,0,mc5,demo1
2026-06-16 14:14:26.647,2026-06-14 02:08:19.121,0.0,0.0,0,mc6,demo1
2026-06-16 14:14:26.681,2026-06-14 02:08:19.121,0.0,0.0,0,mc2,demo1
2026-06-16 14:14:26.700,2026-06-14 02:08:19.121,0.0,0.0,0,mc1,demo1
2026-06-16 14:14:26.744,2026-06-14 02:03:18.647,0.0,0.0,0,mc4,demo1
2026-06-16 14:14:26.785,2026-06-14 02:03:18.647,0.0,0.0,0,mc1,demo1
2026-06-16 14:14:26.817,2026-06-14 02:03:18.647,0.0,0.0,0,mc5,demo1
2026-06-16 14:14:26.842,2026-06-14 02:03:18.647,0.0,0.0,0,mc2,demo1
2026-06-16 14:14:26.868,2026-06-14 02:03:18.647,0.0,0.0,0,mc6,demo1
2026-06-16 14:14:26.892,2026-06-14 02:03:18.647,0.0,0.0,0,mc3,demo1
2026-06-16 14:14:26.926,2026-06-14 01:58:18.722,0.0,0.0,0,mc4,demo1
2026-06-16 14:14:27.003,2026-06-14 01:58:18.722,0.0,0.0,0,mc2,demo1
2026-06-16 14:14:27.071,2026-06-14 01:58:18.722,0.0,0.0,0,mc6,demo1
2026-06-16 14:14:27.198,2026-06-14 01:58:18.722,0.0,0.0,0,mc5,demo1
2026-06-16 14:14:27.099,2026-06-14 01:58:18.722,0.0,0.0,0,mc3,demo1
2026-06-16 14:14:27.144,2026-06-14 01:58:18.722,0.0,0.0,0,mc1,demo1
2026-06-16 14:14:27.275,2026-06-14 01:53:18.832,0.0,0.0,0,mc3,demo1
2026-06-16 14:14:27.218,2026-06-14 01:53:18.832,0.0,0.0,0,mc1,demo1
2026-06-16 14:14:27.249,2026-06-14 01:53:18.832,0.0,0.0,0,mc6,demo1
2026-06-16 14:14:27.300,2026-06-14 01:53:18.832,0.0,0.0,0,mc5,demo1
2026-06-16 14:14:27.332,2026-06-14 01:53:18.832,0.0,0.0,0,mc2,demo1
2026-06-16 14:14:27.349,2026-06-14 01:53:18.832,0.0,0.0,0,mc4,demo1
2026-06-16 14:14:27.420,2026-06-14 01:48:18.304,0.0,0.0,0,mc5,demo1
2026-06-16 14:14:27.486,2026-06-14 01:48:18.304,0.0,0.0,0,mc1,demo1
2026-06-16 14:14:27.524,2026-06-14 01:48:18.304,0.0,0.0,0,mc6,demo1
2026-06-16 14:14:27.554,2026-06-14 01:48:18.304,0.0,0.0,0,mc2,demo1
2026-06-16 14:14:27.583,2026-06-14 01:48:18.304,0.0,0.0,0,mc3,demo1
2026-06-16 14:14:27.388,2026-06-14 01:48:18.304,0.0,0.0,0,mc4,demo1
2026-06-16 14:14:27.612,2026-06-14 01:43:18.352,0.0,0.0,0,mc5,demo1
2026-06-16 14:14:27.676,2026-06-14 01:43:18.352,0.0,0.0,0,mc2,demo1
2026-06-16 14:14:27.700,2026-06-14 01:43:18.352,0.0,0.0,0,mc4,demo1
2026-06-16 14:14:27.728,2026-06-14 01:43:18.352,0.0,0.0,0,mc3,demo1
2026-06-16 14:14:27.764,2026-06-14 01:43:18.352,0.0,0.0,0,mc6,demo1
2026-06-16 14:14:27.639,2026-06-14 01:43:18.352,0.0,0.0,0,mc1,demo1
2026-06-16 14:14:27.934,2026-06-14 01:38:18.273,0.0,0.0,0,mc2,demo1
2026-06-16 14:14:27.908,2026-06-14 01:38:18.273,0.0,0.0,0,mc1,demo1
2026-06-16 14:14:27.876,2026-06-14 01:38:18.273,0.0,0.0,0,mc6,demo1
2026-06-16 14:14:27.850,2026-06-14 01:38:18.273,0.0,0.0,0,mc3,demo1
2026-06-16 14:14:27.823,2026-06-14 01:38:18.273,0.0,0.0,0,mc4,demo1
2026-06-16 14:14:27.790,2026-06-14 01:38:18.273,0.0,0.0,0,mc5,demo1
2026-06-16 14:14:27.983,2026-06-14 01:33:19.101,0.0,0.0,0,mc3,demo1
2026-06-16 14:14:28.000,2026-06-14 01:33:19.101,0.0,0.0,0,mc4,demo1
2026-06-16 14:14:28.026,2026-06-14 01:33:19.101,0.0,0.0,0,mc6,demo1
2026-06-16 14:14:28.051,2026-06-14 01:33:19.101,0.0,0.0,0,mc1,demo1
2026-06-16 14:14:28.076,2026-06-14 01:33:19.101,0.0,0.0,0,mc2,demo1
2026-06-16 14:14:27.962,2026-06-14 01:33:19.101,0.0,0.0,0,mc5,demo1
2026-06-16 14:14:28.184,2026-06-14 01:28:18.269,0.0,0.0,0,mc1,demo1
2026-06-16 14:14:28.101,2026-06-14 01:28:18.269,0.0,0.0,0,mc3,demo1
2026-06-16 14:14:28.166,2026-06-14 01:28:18.269,0.0,0.0,0,mc2,demo1
2026-06-16 14:14:28.142,2026-06-14 01:28:18.269,0.0,0.0,0,mc6,demo1
2026-06-16 14:14:28.118,2026-06-14 01:28:18.269,0.0,0.0,0,mc4,demo1
2026-06-16 14:14:28.201,2026-06-14 01:28:18.269,0.0,0.0,0,mc5,demo1
2026-06-16 14:14:28.292,2026-06-14 01:23:19.043,0.0,0.0,0,mc2,demo1
2026-06-16 14:14:28.217,2026-06-14 01:23:19.043,0.0,0.0,0,mc6,demo1
2026-06-16 14:14:28.234,2026-06-14 01:23:19.043,0.0,0.0,0,mc3,demo1
2026-06-16 14:14:28.269,2026-06-14 01:23:19.043,0.0,0.0,0,mc1,demo1
2026-06-16 14:14:28.309,2026-06-14 01:23:19.043,0.0,0.0,0,mc4,demo1
2026-06-16 14:14:28.325,2026-06-14 01:23:19.043,0.0,0.0,0,mc5,demo1
2026-06-16 14:14:28.595,2026-06-14 01:18:19.236,0.0,0.0,0,mc4,demo1
2026-06-16 14:14:28.375,2026-06-14 01:18:19.236,0.0,0.0,0,mc5,demo1
2026-06-16 14:14:28.408,2026-06-14 01:18:19.236,0.0,0.0,0,mc6,demo1
2026-06-16 14:14:28.342,2026-06-14 01:18:19.236,0.0,0.0,0,mc2,demo1
2026-06-16 14:14:28.433,2026-06-14 01:18:19.236,0.0,0.0,0,mc3,demo1
2026-06-16 14:14:28.476,2026-06-14 01:18:19.236,0.0,0.0,0,mc1,demo1
2026-06-16 14:14:28.751,2026-06-14 01:13:18.981,0.0,0.0,0,mc1,demo1
2026-06-16 14:14:28.701,2026-06-14 01:13:18.981,0.0,0.0,0,mc6,demo1
2026-06-16 14:14:28.725,2026-06-14 01:13:18.981,0.0,0.0,0,mc4,demo1
2026-06-16 14:14:28.767,2026-06-14 01:13:18.981,0.0,0.0,0,mc2,demo1
2026-06-16 14:14:28.797,2026-06-14 01:13:18.981,0.0,0.0,0,mc3,demo1
2026-06-16 14:14:28.828,2026-06-14 01:13:18.981,0.0,0.0,0,mc5,demo1
2026-06-16 14:14:29.106,2026-06-14 01:08:18.491,0.0,0.0,0,mc1,demo1
2026-06-16 14:14:28.850,2026-06-14 01:08:18.491,0.0,0.0,0,mc3,demo1
2026-06-16 14:14:28.883,2026-06-14 01:08:18.491,0.0,0.0,0,mc5,demo1
2026-06-16 14:14:29.165,2026-06-14 01:08:18.491,0.0,0.0,0,mc4,demo1
2026-06-16 14:14:29.019,2026-06-14 01:08:18.491,0.0,0.0,0,mc2,demo1
2026-06-16 14:14:29.055,2026-06-14 01:08:18.491,0.0,0.0,0,mc6,demo1
2026-06-16 14:14:29.294,2026-06-14 01:03:18.576,0.0,0.0,0,mc2,demo1
2026-06-16 14:14:29.385,2026-06-14 01:03:18.576,0.0,0.0,0,mc5,demo1
2026-06-16 14:14:29.353,2026-06-14 01:03:18.576,0.0,0.0,0,mc3,demo1
2026-06-16 14:14:29.318,2026-06-14 01:03:18.576,0.0,0.0,0,mc6,demo1
2026-06-16 14:14:29.253,2026-06-14 01:03:18.576,0.0,0.0,0,mc4,demo1
2026-06-16 14:14:29.220,2026-06-14 01:03:18.576,0.0,0.0,0,mc1,demo1
2026-06-16 14:14:29.438,2026-06-14 00:58:18.947,0.0,0.0,0,mc5,demo1
2026-06-16 14:14:29.584,2026-06-14 00:58:18.947,0.0,0.0,0,mc3,demo1
2026-06-16 14:14:29.571,2026-06-14 00:58:18.947,0.0,0.0,0,mc4,demo1
2026-06-16 14:14:29.541,2026-06-14 00:58:18.947,0.0,0.0,0,mc2,demo1
2026-06-16 14:14:29.501,2026-06-14 00:58:18.947,0.0,0.0,0,mc6,demo1
2026-06-16 14:14:29.481,2026-06-14 00:58:18.947,0.0,0.0,0,mc1,demo1
2026-06-16 14:14:29.609,2026-06-14 00:53:18.008,0.0,0.0,0,mc5,demo1
2026-06-16 14:14:29.742,2026-06-14 00:53:18.008,0.0,0.0,0,mc3,demo1
2026-06-16 14:14:29.725,2026-06-14 00:53:18.008,0.0,0.0,0,mc1,demo1
2026-06-16 14:14:29.691,2026-06-14 00:53:18.008,0.0,0.0,0,mc6,demo1
2026-06-16 14:14:29.676,2026-06-14 00:53:18.008,0.0,0.0,0,mc2,demo1
2026-06-16 14:14:29.634,2026-06-14 00:53:18.008,0.0,0.0,0,mc4,demo1
2026-06-16 14:14:29.783,2026-06-14 00:48:18.292,0.0,0.0,0,mc4,demo1
2026-06-16 14:14:29.868,2026-06-14 00:48:18.292,0.0,0.0,0,mc6,demo1
2026-06-16 14:14:29.841,2026-06-14 00:48:18.292,0.0,0.0,0,mc5,demo1
2026-06-16 14:14:29.825,2026-06-14 00:48:18.292,0.0,0.0,0,mc3,demo1
2026-06-16 14:14:29.808,2026-06-14 00:48:18.292,0.0,0.0,0,mc1,demo1
2026-06-16 14:14:29.767,2026-06-14 00:48:18.292,0.0,0.0,0,mc2,demo1
2026-06-16 14:14:29.965,2026-06-14 00:43:18.935,0.0,0.0,0,mc4,demo1
2026-06-16 14:14:29.908,2026-06-14 00:43:18.935,0.0,0.0,0,mc5,demo1
2026-06-16 14:14:29.925,2026-06-14 00:43:18.935,0.0,0.0,0,mc1,demo1
2026-06-16 14:14:29.995,2026-06-14 00:43:18.935,0.0,0.0,0,mc2,demo1
2026-06-16 14:14:30.035,2026-06-14 00:43:18.935,0.0,0.0,0,mc3,demo1
2026-06-16 14:14:30.059,2026-06-14 00:43:18.935,0.0,0.0,0,mc6,demo1
2026-06-16 14:14:30.085,2026-06-14 00:38:18.541,0.0,0.0,0,mc5,demo1
2026-06-16 14:14:30.195,2026-06-14 00:38:18.541,0.0,0.0,0,mc1,demo1
2026-06-16 14:14:30.169,2026-06-14 00:38:18.541,0.0,0.0,0,mc3,demo1
2026-06-16 14:14:30.142,2026-06-14 00:38:18.541,0.0,0.0,0,mc2,demo1
2026-06-16 14:14:30.127,2026-06-14 00:38:18.541,0.0,0.0,0,mc6,demo1
2026-06-16 14:14:30.101,2026-06-14 00:38:18.541,0.0,0.0,0,mc4,demo1
2026-06-16 14:14:30.251,2026-06-14 00:33:18.794,0.0,0.0,0,mc6,demo1
2026-06-16 14:14:30.335,2026-06-14 00:33:18.794,0.0,0.0,0,mc1,demo1
2026-06-16 14:14:30.318,2026-06-14 00:33:18.794,0.0,0.0,0,mc2,demo1
2026-06-16 14:14:30.293,2026-06-14 00:33:18.794,0.0,0.0,0,mc3,demo1
2026-06-16 14:14:30.270,2026-06-14 00:33:18.794,0.0,0.0,0,mc5,demo1
2026-06-16 14:14:30.226,2026-06-14 00:33:18.794,0.0,0.0,0,mc4,demo1
2026-06-16 14:14:30.352,2026-06-14 00:28:19.289,0.0,0.0,0,mc4,demo1
2026-06-16 14:14:30.500,2026-06-14 00:28:19.289,0.0,0.0,0,mc6,demo1
2026-06-16 14:14:30.484,2026-06-14 00:28:19.289,0.0,0.0,0,mc5,demo1
2026-06-16 14:14:30.457,2026-06-14 00:28:19.289,0.0,0.0,0,mc2,demo1
2026-06-16 14:14:30.409,2026-06-14 00:28:19.289,0.0,0.0,0,mc1,demo1
2026-06-16 14:14:30.392,2026-06-14 00:28:19.289,0.0,0.0,0,mc3,demo1
2026-06-16 14:14:30.584,2026-06-14 00:23:18.931,0.0,0.0,0,mc4,demo1
2026-06-16 14:14:30.668,2026-06-14 00:23:18.931,0.0,0.0,0,mc3,demo1
2026-06-16 14:14:30.523,2026-06-14 00:23:18.931,0.0,0.0,0,mc1,demo1
2026-06-16 14:14:30.652,2026-06-14 00:23:18.931,0.0,0.0,0,mc6,demo1
2026-06-16 14:14:30.627,2026-06-14 00:23:18.931,0.0,0.0,0,mc5,demo1
2026-06-16 14:14:30.552,2026-06-14 00:23:18.931,0.0,0.0,0,mc2,demo1
2026-06-16 14:14:30.856,2026-06-14 00:18:19.078,0.0,0.0,0,mc1,demo1
2026-06-16 14:14:30.939,2026-06-14 00:18:19.078,0.0,0.0,0,mc6,demo1
2026-06-16 14:14:30.692,2026-06-14 00:18:19.078,0.0,0.0,0,mc3,demo1
2026-06-16 14:14:30.749,2026-06-14 00:18:19.078,0.0,0.0,0,mc5,demo1
2026-06-16 14:14:30.767,2026-06-14 00:18:19.078,0.0,0.0,0,mc2,demo1
2026-06-16 14:14:30.792,2026-06-14 00:18:19.078,0.0,0.0,0,mc4,demo1
2026-06-16 14:14:30.976,2026-06-14 00:13:19.043,0.0,0.0,0,mc4,demo1
2026-06-16 14:14:30.960,2026-06-14 00:13:19.043,0.0,0.0,0,mc1,demo1
2026-06-16 14:14:31.117,2026-06-14 00:13:19.043,0.0,0.0,0,mc2,demo1
2026-06-16 14:14:31.093,2026-06-14 00:13:19.043,0.0,0.0,0,mc5,demo1
2026-06-16 14:14:31.067,2026-06-14 00:13:19.043,0.0,0.0,0,mc3,demo1
2026-06-16 14:14:31.051,2026-06-14 00:13:19.043,0.0,0.0,0,mc6,demo1
2026-06-16 14:14:31.178,2026-06-14 00:08:19.197,0.0,0.0,0,mc2,demo1
2026-06-16 14:14:31.346,2026-06-14 00:08:19.197,0.0,0.0,0,mc5,demo1
2026-06-16 14:14:31.315,2026-06-14 00:08:19.197,0.0,0.0,0,mc3,demo1
2026-06-16 14:14:31.292,2026-06-14 00:08:19.197,0.0,0.0,0,mc4,demo1
2026-06-16 14:14:31.142,2026-06-14 00:08:19.197,0.0,0.0,0,mc6,demo1
2026-06-16 14:14:31.277,2026-06-14 00:08:19.197,0.0,0.0,0,mc1,demo1
2026-06-16 14:14:31.853,2026-06-14 00:03:18.769,0.0,0.0,0,mc3,demo1
2026-06-16 14:14:31.897,2026-06-14 00:03:18.769,0.0,0.0,0,mc1,demo1
2026-06-16 14:14:31.868,2026-06-14 00:03:18.769,0.0,0.0,0,mc2,demo1
2026-06-16 14:14:31.825,2026-06-14 00:03:18.769,0.0,0.0,0,mc4,demo1
2026-06-16 14:14:31.807,2026-06-14 00:03:18.769,0.0,0.0,0,mc5,demo1
2026-06-16 14:14:31.388,2026-06-14 00:03:18.769,0.0,0.0,0,mc6,demo1
2026-06-16 14:14:31.968,2026-06-13 23:58:18.717,0.0,0.0,0,mc1,demo1
2026-06-16 14:14:31.992,2026-06-13 23:58:18.717,0.0,0.0,0,mc4,demo1
2026-06-16 14:14:32.011,2026-06-13 23:58:18.717,0.0,0.0,0,mc2,demo1
2026-06-16 14:14:31.918,2026-06-13 23:58:18.717,0.0,0.0,0,mc6,demo1
2026-06-16 14:14:32.028,2026-06-13 23:58:18.717,0.0,0.0,0,mc5,demo1
2026-06-16 14:14:32.061,2026-06-13 23:58:18.717,0.0,0.0,0,mc3,demo1
2026-06-16 14:14:32.110,2026-06-13 23:53:18.610,0.0,0.0,0,mc1,demo1
2026-06-16 14:14:32.143,2026-06-13 23:53:18.610,0.0,0.0,0,mc2,demo1
2026-06-16 14:14:32.177,2026-06-13 23:53:18.610,0.0,0.0,0,mc5,demo1
2026-06-16 14:14:32.206,2026-06-13 23:53:18.610,0.0,0.0,0,mc6,demo1
2026-06-16 14:14:32.225,2026-06-13 23:53:18.610,0.0,0.0,0,mc3,demo1
2026-06-16 14:14:32.251,2026-06-13 23:53:18.610,0.0,0.0,0,mc4,demo1
2026-06-16 14:14:32.284,2026-06-13 23:48:18.787,0.0,0.0,0,mc1,demo1
2026-06-16 14:14:32.319,2026-06-13 23:48:18.787,0.0,0.0,0,mc5,demo1
2026-06-16 14:14:32.343,2026-06-13 23:48:18.787,0.0,0.0,0,mc6,demo1
2026-06-16 14:14:32.368,2026-06-13 23:48:18.787,0.0,0.0,0,mc3,demo1
2026-06-16 14:14:32.405,2026-06-13 23:48:18.787,0.0,0.0,0,mc4,demo1
2026-06-16 14:14:32.434,2026-06-13 23:48:18.787,0.0,0.0,0,mc2,demo1
2026-06-16 14:14:32.551,2026-06-13 23:43:18.623,0.0,0.0,0,mc3,demo1
2026-06-16 14:14:32.478,2026-06-13 23:43:18.623,0.0,0.0,0,mc6,demo1
2026-06-16 14:14:32.501,2026-06-13 23:43:18.623,0.0,0.0,0,mc5,demo1
2026-06-16 14:14:32.526,2026-06-13 23:43:18.623,0.0,0.0,0,mc2,demo1
2026-06-16 14:14:32.608,2026-06-13 23:43:18.623,0.0,0.0,0,mc4,demo1
2026-06-16 14:14:32.863,2026-06-13 23:43:18.623,0.0,0.0,0,mc1,demo1
2026-06-16 14:14:32.895,2026-06-13 23:38:19.599,0.0,0.0,0,mc1,demo1
2026-06-16 14:14:32.934,2026-06-13 23:38:19.599,0.0,0.0,0,mc5,demo1
2026-06-16 14:14:32.967,2026-06-13 23:38:19.599,0.0,0.0,0,mc6,demo1
2026-06-16 14:14:33.001,2026-06-13 23:38:19.599,0.0,0.0,0,mc4,demo1
2026-06-16 14:14:33.017,2026-06-13 23:38:19.599,0.0,0.0,0,mc3,demo1
2026-06-16 14:14:33.042,2026-06-13 23:38:19.599,0.0,0.0,0,mc2,demo1
2026-06-16 14:14:33.067,2026-06-13 23:33:18.932,0.0,0.0,0,mc3,demo1
2026-06-16 14:14:33.092,2026-06-13 23:33:18.932,0.0,0.0,0,mc1,demo1
2026-06-16 14:14:33.117,2026-06-13 23:33:18.932,0.0,0.0,0,mc6,demo1
2026-06-16 14:14:33.143,2026-06-13 23:33:18.932,0.0,0.0,0,mc2,demo1
2026-06-16 14:14:33.175,2026-06-13 23:33:18.932,0.0,0.0,0,mc5,demo1
2026-06-16 14:14:33.200,2026-06-13 23:33:18.932,0.0,0.0,0,mc4,demo1
2026-06-16 14:14:33.231,2026-06-13 23:28:18.701,0.0,0.0,0,mc3,demo1
2026-06-16 14:14:33.250,2026-06-13 23:28:18.701,0.0,0.0,0,mc2,demo1
2026-06-16 14:14:33.267,2026-06-13 23:28:18.701,0.0,0.0,0,mc5,demo1
2026-06-16 14:14:33.342,2026-06-13 23:28:18.701,0.0,0.0,0,mc1,demo1
2026-06-16 14:14:33.294,2026-06-13 23:28:18.701,0.0,0.0,0,mc6,demo1
2026-06-16 14:14:33.317,2026-06-13 23:28:18.701,0.0,0.0,0,mc4,demo1
2026-06-16 14:14:33.515,2026-06-13 23:23:18.869,0.0,0.0,0,mc4,demo1
2026-06-16 14:14:33.367,2026-06-13 23:23:18.869,0.0,0.0,0,mc6,demo1
2026-06-16 14:14:33.389,2026-06-13 23:23:18.869,0.0,0.0,0,mc1,demo1
2026-06-16 14:14:33.426,2026-06-13 23:23:18.869,0.0,0.0,0,mc2,demo1
2026-06-16 14:14:33.465,2026-06-13 23:23:18.869,0.0,0.0,0,mc3,demo1
2026-06-16 14:14:33.490,2026-06-13 23:23:18.869,0.0,0.0,0,mc5,demo1
2026-06-16 14:14:33.675,2026-06-13 23:18:19.510,0.0,0.0,0,mc1,demo1
2026-06-16 14:14:33.559,2026-06-13 23:18:19.510,0.0,0.0,0,mc4,demo1
2026-06-16 14:14:33.596,2026-06-13 23:18:19.510,0.0,0.0,0,mc5,demo1
2026-06-16 14:14:33.540,2026-06-13 23:18:19.510,0.0,0.0,0,mc2,demo1
2026-06-16 14:14:33.641,2026-06-13 23:18:19.510,0.0,0.0,0,mc6,demo1
2026-06-16 14:14:33.658,2026-06-13 23:18:19.510,0.0,0.0,0,mc3,demo1
2026-06-16 14:14:33.799,2026-06-13 23:13:19.060,0.0,0.0,0,mc2,demo1
2026-06-16 14:14:33.697,2026-06-13 23:13:19.060,0.0,0.0,0,mc3,demo1
2026-06-16 14:14:33.725,2026-06-13 23:13:19.060,0.0,0.0,0,mc1,demo1
2026-06-16 14:14:33.758,2026-06-13 23:13:19.060,0.0,0.0,0,mc4,demo1
2026-06-16 14:14:33.775,2026-06-13 23:13:19.060,0.0,0.0,0,mc5,demo1
2026-06-16 14:14:33.825,2026-06-13 23:13:19.060,0.0,0.0,0,mc6,demo1
2026-06-16 14:14:33.934,2026-06-13 23:08:18.483,0.0,0.0,0,mc4,demo1
2026-06-16 14:14:33.844,2026-06-13 23:08:18.483,0.0,0.0,0,mc1,demo1
2026-06-16 14:14:33.867,2026-06-13 23:08:18.483,0.0,0.0,0,mc2,demo1
2026-06-16 14:14:33.883,2026-06-13 23:08:18.483,0.0,0.0,0,mc3,demo1
2026-06-16 14:14:33.918,2026-06-13 23:08:18.483,0.0,0.0,0,mc5,demo1
2026-06-16 14:14:33.958,2026-06-13 23:08:18.483,0.0,0.0,0,mc6,demo1
2026-06-16 14:14:34.027,2026-06-13 23:03:18.642,0.0,0.0,0,mc2,demo1
2026-06-16 14:14:33.976,2026-06-13 23:03:18.642,0.0,0.0,0,mc6,demo1
2026-06-16 14:14:33.992,2026-06-13 23:03:18.642,0.0,0.0,0,mc1,demo1
2026-06-16 14:14:34.070,2026-06-13 23:03:18.642,0.0,0.0,0,mc5,demo1
2026-06-16 14:14:34.116,2026-06-13 23:03:18.642,0.0,0.0,0,mc3,demo1
2026-06-16 14:14:34.231,2026-06-13 23:03:18.642,0.0,0.0,0,mc4,demo1
2026-06-16 14:14:34.519,2026-06-13 22:58:18.175,0.0,0.0,0,mc1,demo1
2026-06-16 14:14:34.385,2026-06-13 22:58:18.175,0.0,0.0,0,mc4,demo1
2026-06-16 14:14:34.413,2026-06-13 22:58:18.175,0.0,0.0,0,mc2,demo1
2026-06-16 14:14:34.434,2026-06-13 22:58:18.175,0.0,0.0,0,mc6,demo1
2026-06-16 14:14:34.457,2026-06-13 22:58:18.175,0.0,0.0,0,mc3,demo1
2026-06-16 14:14:34.488,2026-06-13 22:58:18.175,0.0,0.0,0,mc5,demo1
2026-06-16 14:14:34.658,2026-06-13 22:53:19.001,0.0,0.0,0,mc4,demo1
2026-06-16 14:14:34.561,2026-06-13 22:53:19.001,0.0,0.0,0,mc6,demo1
2026-06-16 14:14:34.600,2026-06-13 22:53:19.001,0.0,0.0,0,mc1,demo1
2026-06-16 14:14:34.625,2026-06-13 22:53:19.001,0.0,0.0,0,mc3,demo1
2026-06-16 14:14:34.642,2026-06-13 22:53:19.001,0.0,0.0,0,mc5,demo1
2026-06-16 14:14:34.686,2026-06-13 22:53:19.001,0.0,0.0,0,mc2,demo1
2026-06-16 14:14:34.796,2026-06-13 22:48:18.915,0.0,0.0,0,mc1,demo1
2026-06-16 14:14:34.727,2026-06-13 22:48:18.915,0.0,0.0,0,mc3,demo1
2026-06-16 14:14:34.750,2026-06-13 22:48:18.915,0.0,0.0,0,mc6,demo1
2026-06-16 14:14:34.851,2026-06-13 22:48:18.915,0.0,0.0,0,mc4,demo1
2026-06-16 14:14:34.767,2026-06-13 22:48:18.915,0.0,0.0,0,mc5,demo1
2026-06-16 14:14:34.825,2026-06-13 22:48:18.915,0.0,0.0,0,mc2,demo1
2026-06-16 14:14:35.028,2026-06-13 22:43:18.903,0.0,0.0,0,mc4,demo1
2026-06-16 14:14:34.883,2026-06-13 22:43:18.903,0.0,0.0,0,mc5,demo1
2026-06-16 14:14:34.909,2026-06-13 22:43:18.903,0.0,0.0,0,mc2,demo1
2026-06-16 14:14:34.927,2026-06-13 22:43:18.903,0.0,0.0,0,mc3,demo1
2026-06-16 14:14:34.958,2026-06-13 22:43:18.903,0.0,0.0,0,mc1,demo1
2026-06-16 14:14:34.983,2026-06-13 22:43:18.903,0.0,0.0,0,mc6,demo1
2026-06-16 14:14:35.208,2026-06-13 22:38:18.870,0.0,0.0,0,mc1,demo1
2026-06-16 14:14:35.050,2026-06-13 22:38:18.870,0.0,0.0,0,mc4,demo1
2026-06-16 14:14:35.095,2026-06-13 22:38:18.870,0.0,0.0,0,mc2,demo1
2026-06-16 14:14:35.117,2026-06-13 22:38:18.870,0.0,0.0,0,mc5,demo1
2026-06-16 14:14:35.158,2026-06-13 22:38:18.870,0.0,0.0,0,mc6,demo1
2026-06-16 14:14:35.185,2026-06-13 22:38:18.870,0.0,0.0,0,mc3,demo1
2026-06-16 14:14:35.350,2026-06-13 22:33:18.151,0.0,0.0,0,mc3,demo1
2026-06-16 14:14:35.247,2026-06-13 22:33:18.151,0.0,0.0,0,mc1,demo1
2026-06-16 14:14:35.268,2026-06-13 22:33:18.151,0.0,0.0,0,mc6,demo1
2026-06-16 14:14:35.299,2026-06-13 22:33:18.151,0.0,0.0,0,mc5,demo1
2026-06-16 14:14:35.325,2026-06-13 22:33:18.151,0.0,0.0,0,mc2,demo1
2026-06-16 14:14:35.376,2026-06-13 22:33:18.151,0.0,0.0,0,mc4,demo1
2026-06-16 14:14:35.502,2026-06-13 22:28:18.817,0.0,0.0,0,mc2,demo1
2026-06-16 14:14:35.400,2026-06-13 22:28:18.817,0.0,0.0,0,mc6,demo1
2026-06-16 14:14:35.417,2026-06-13 22:28:18.817,0.0,0.0,0,mc4,demo1
2026-06-16 14:14:35.456,2026-06-13 22:28:18.817,0.0,0.0,0,mc3,demo1
2026-06-16 14:14:35.475,2026-06-13 22:28:18.817,0.0,0.0,0,mc5,demo1
2026-06-16 14:14:35.525,2026-06-13 22:28:18.817,0.0,0.0,0,mc1,demo1
2026-06-16 14:14:35.709,2026-06-13 22:23:18.871,0.0,0.0,0,mc6,demo1
2026-06-16 14:14:35.570,2026-06-13 22:23:18.871,0.0,0.0,0,mc5,demo1
2026-06-16 14:14:35.610,2026-06-13 22:23:18.871,0.0,0.0,0,mc1,demo1
2026-06-16 14:14:35.643,2026-06-13 22:23:18.871,0.0,0.0,0,mc3,demo1
2026-06-16 14:14:35.668,2026-06-13 22:23:18.871,0.0,0.0,0,mc4,demo1
2026-06-16 14:14:35.692,2026-06-13 22:23:18.871,0.0,0.0,0,mc2,demo1
2026-06-16 14:14:35.851,2026-06-13 22:18:18.643,0.0,0.0,0,mc6,demo1
2026-06-16 14:14:35.733,2026-06-13 22:18:18.643,0.0,0.0,0,mc5,demo1
2026-06-16 14:14:35.759,2026-06-13 22:18:18.643,0.0,0.0,0,mc1,demo1
2026-06-16 14:14:35.775,2026-06-13 22:18:18.643,0.0,0.0,0,mc3,demo1
2026-06-16 14:14:35.794,2026-06-13 22:18:18.643,0.0,0.0,0,mc4,demo1
2026-06-16 14:14:35.817,2026-06-13 22:18:18.643,0.0,0.0,0,mc2,demo1
2026-06-16 14:14:35.984,2026-06-13 22:13:18.327,0.0,0.0,0,mc4,demo1
2026-06-16 14:14:35.869,2026-06-13 22:13:18.327,0.0,0.0,0,mc5,demo1
2026-06-16 14:14:35.902,2026-06-13 22:13:18.327,0.0,0.0,0,mc1,demo1
2026-06-16 14:14:35.935,2026-06-13 22:13:18.327,0.0,0.0,0,mc6,demo1
2026-06-16 14:14:35.959,2026-06-13 22:13:18.327,0.0,0.0,0,mc2,demo1
2026-06-16 14:14:36.022,2026-06-13 22:13:18.327,0.0,0.0,0,mc3,demo1
2026-06-16 14:14:36.208,2026-06-13 22:08:18.896,0.0,0.0,0,mc2,demo1
2026-06-16 14:14:36.042,2026-06-13 22:08:18.896,0.0,0.0,0,mc4,demo1
2026-06-16 14:14:36.116,2026-06-13 22:08:18.896,0.0,0.0,0,mc1,demo1
2026-06-16 14:14:36.161,2026-06-13 22:08:18.896,0.0,0.0,0,mc5,demo1
2026-06-16 14:14:36.183,2026-06-13 22:08:18.896,0.0,0.0,0,mc6,demo1
2026-06-16 14:14:36.242,2026-06-13 22:08:18.896,0.0,0.0,0,mc3,demo1
2026-06-16 14:14:36.470,2026-06-13 22:03:18.612,0.0,0.0,0,mc3,demo1
2026-06-16 14:14:36.321,2026-06-13 22:03:18.612,0.0,0.0,0,mc4,demo1
2026-06-16 14:14:36.342,2026-06-13 22:03:18.612,0.0,0.0,0,mc1,demo1
2026-06-16 14:14:36.386,2026-06-13 22:03:18.612,0.0,0.0,0,mc6,demo1
2026-06-16 14:14:36.433,2026-06-13 22:03:18.612,0.0,0.0,0,mc2,demo1
2026-06-16 14:14:36.501,2026-06-13 22:03:18.612,0.0,0.0,0,mc5,demo1
2026-06-16 14:14:36.567,2026-06-13 21:58:18.538,0.0,0.0,0,mc4,demo1
2026-06-16 14:14:36.668,2026-06-13 21:58:18.538,0.0,0.0,0,mc6,demo1
2026-06-16 14:14:36.649,2026-06-13 21:58:18.538,0.0,0.0,0,mc2,demo1
2026-06-16 14:14:36.606,2026-06-13 21:58:18.538,0.0,0.0,0,mc1,demo1
2026-06-16 14:14:36.550,2026-06-13 21:58:18.538,0.0,0.0,0,mc5,demo1
2026-06-16 14:14:36.526,2026-06-13 21:58:18.538,0.0,0.0,0,mc3,demo1
2026-06-16 14:14:36.825,2026-06-13 21:53:19.074,0.0,0.0,0,mc5,demo1
2026-06-16 14:14:36.707,2026-06-13 21:53:19.074,0.0,0.0,0,mc1,demo1
2026-06-16 14:14:36.740,2026-06-13 21:53:19.074,0.0,0.0,0,mc4,demo1
2026-06-16 14:14:36.759,2026-06-13 21:53:19.074,0.0,0.0,0,mc2,demo1
2026-06-16 14:14:36.791,2026-06-13 21:53:19.074,0.0,0.0,0,mc3,demo1
2026-06-16 14:14:36.810,2026-06-13 21:53:19.074,0.0,0.0,0,mc6,demo1
2026-06-16 14:14:37.011,2026-06-13 21:48:18.749,0.0,0.0,0,mc3,demo1
2026-06-16 14:14:36.850,2026-06-13 21:48:18.749,0.0,0.0,0,mc4,demo1
2026-06-16 14:14:36.877,2026-06-13 21:48:18.749,0.0,0.0,0,mc5,demo1
2026-06-16 14:14:36.900,2026-06-13 21:48:18.749,0.0,0.0,0,mc2,demo1
2026-06-16 14:14:36.925,2026-06-13 21:48:18.749,0.0,0.0,0,mc1,demo1
2026-06-16 14:14:37.033,2026-06-13 21:48:18.749,0.0,0.0,0,mc6,demo1
2026-06-16 14:14:37.160,2026-06-13 21:43:20.399,0.0,0.0,0,mc6,demo1
2026-06-16 14:14:37.050,2026-06-13 21:43:20.399,0.0,0.0,0,mc5,demo1
2026-06-16 14:14:37.081,2026-06-13 21:43:20.399,0.0,0.0,0,mc1,demo1
2026-06-16 14:14:37.100,2026-06-13 21:43:20.399,0.0,0.0,0,mc4,demo1
2026-06-16 14:14:37.116,2026-06-13 21:43:20.399,0.0,0.0,0,mc3,demo1
2026-06-16 14:14:37.229,2026-06-13 21:43:20.399,0.0,0.0,0,mc2,demo1
2026-06-16 14:14:37.353,2026-06-13 21:38:18.827,0.0,0.0,0,mc4,demo1
2026-06-16 14:14:37.258,2026-06-13 21:38:18.827,0.0,0.0,0,mc3,demo1
2026-06-16 14:14:37.291,2026-06-13 21:38:18.827,0.0,0.0,0,mc1,demo1
2026-06-16 14:14:37.602,2026-06-13 21:38:18.827,0.0,0.0,0,mc5,demo1
2026-06-16 14:14:37.633,2026-06-13 21:38:18.827,0.0,0.0,0,mc2,demo1
2026-06-16 14:14:37.659,2026-06-13 21:38:18.827,0.0,0.0,0,mc6,demo1
2026-06-16 14:14:37.843,2026-06-13 21:33:19.224,0.0,0.0,0,mc5,demo1
2026-06-16 14:14:37.700,2026-06-13 21:33:19.224,0.0,0.0,0,mc3,demo1
2026-06-16 14:14:37.726,2026-06-13 21:33:19.224,0.0,0.0,0,mc1,demo1
2026-06-16 14:14:37.763,2026-06-13 21:33:19.224,0.0,0.0,0,mc4,demo1
2026-06-16 14:14:37.801,2026-06-13 21:33:19.224,0.0,0.0,0,mc2,demo1
2026-06-16 14:14:37.825,2026-06-13 21:33:19.224,0.0,0.0,0,mc6,demo1
2026-06-16 14:14:37.977,2026-06-13 21:28:19.203,0.0,0.0,0,mc2,demo1
2026-06-16 14:14:37.869,2026-06-13 21:28:19.203,0.0,0.0,0,mc5,demo1
2026-06-16 14:14:37.885,2026-06-13 21:28:19.203,0.0,0.0,0,mc4,demo1
2026-06-16 14:14:37.909,2026-06-13 21:28:19.203,0.0,0.0,0,mc3,demo1
2026-06-16 14:14:37.925,2026-06-13 21:28:19.203,0.0,0.0,0,mc6,demo1
2026-06-16 14:14:38.008,2026-06-13 21:28:19.203,0.0,0.0,0,mc1,demo1
2026-06-16 14:14:38.152,2026-06-13 21:23:18.989,0.0,0.0,0,mc5,demo1
2026-06-16 14:14:38.075,2026-06-13 21:23:18.989,0.0,0.0,0,mc3,demo1
2026-06-16 14:14:38.099,2026-06-13 21:23:18.989,0.0,0.0,0,mc2,demo1
2026-06-16 14:14:38.192,2026-06-13 21:23:18.989,0.0,0.0,0,mc4,demo1
2026-06-16 14:14:38.108,2026-06-13 21:23:18.989,0.0,0.0,0,mc1,demo1
2026-06-16 14:14:38.175,2026-06-13 21:23:18.989,0.0,0.0,0,mc6,demo1
2026-06-16 14:14:38.600,2026-06-13 21:18:18.710,0.0,0.0,0,mc2,demo1
2026-06-16 14:14:38.305,2026-06-13 21:18:18.710,0.0,0.0,0,mc1,demo1
2026-06-16 14:14:38.489,2026-06-13 21:18:18.710,0.0,0.0,0,mc5,demo1
2026-06-16 14:14:38.527,2026-06-13 21:18:18.710,0.0,0.0,0,mc3,demo1
2026-06-16 14:14:38.542,2026-06-13 21:18:18.710,0.0,0.0,0,mc4,demo1
2026-06-16 14:14:38.579,2026-06-13 21:18:18.710,0.0,0.0,0,mc6,demo1
2026-06-16 14:14:38.792,2026-06-13 21:13:19.396,0.0,0.0,0,mc3,demo1
2026-06-16 14:14:38.640,2026-06-13 21:13:19.396,0.0,0.0,0,mc4,demo1
2026-06-16 14:14:38.692,2026-06-13 21:13:19.396,0.0,0.0,0,mc2,demo1
2026-06-16 14:14:38.717,2026-06-13 21:13:19.396,0.0,0.0,0,mc5,demo1
2026-06-16 14:14:38.742,2026-06-13 21:13:19.396,0.0,0.0,0,mc6,demo1
2026-06-16 14:14:38.769,2026-06-13 21:13:19.396,0.0,0.0,0,mc1,demo1
2026-06-16 14:14:38.942,2026-06-13 21:08:18.566,0.0,0.0,0,mc1,demo1
2026-06-16 14:14:38.821,2026-06-13 21:08:18.566,0.0,0.0,0,mc6,demo1
2026-06-16 14:14:38.842,2026-06-13 21:08:18.566,0.0,0.0,0,mc4,demo1
2026-06-16 14:14:38.875,2026-06-13 21:08:18.566,0.0,0.0,0,mc3,demo1
2026-06-16 14:14:38.909,2026-06-13 21:08:18.566,0.0,0.0,0,mc2,demo1
2026-06-16 14:14:38.988,2026-06-13 21:08:18.566,0.0,0.0,0,mc5,demo1
2026-06-16 14:14:39.130,2026-06-13 21:03:18.384,0.0,0.0,0,mc6,demo1
2026-06-16 14:14:39.008,2026-06-13 21:03:18.384,0.0,0.0,0,mc5,demo1
2026-06-16 14:14:39.047,2026-06-13 21:03:18.384,0.0,0.0,0,mc2,demo1
2026-06-16 14:14:39.067,2026-06-13 21:03:18.384,0.0,0.0,0,mc3,demo1
2026-06-16 14:14:39.100,2026-06-13 21:03:18.384,0.0,0.0,0,mc1,demo1
2026-06-16 14:14:39.150,2026-06-13 21:03:18.384,0.0,0.0,0,mc4,demo1
2026-06-16 14:14:39.300,2026-06-13 20:58:19.092,0.0,0.0,0,mc5,demo1
2026-06-16 14:14:39.180,2026-06-13 20:58:19.092,0.0,0.0,0,mc3,demo1
2026-06-16 14:14:39.209,2026-06-13 20:58:19.092,0.0,0.0,0,mc2,demo1
2026-06-16 14:14:39.233,2026-06-13 20:58:19.092,0.0,0.0,0,mc6,demo1
2026-06-16 14:14:39.256,2026-06-13 20:58:19.092,0.0,0.0,0,mc4,demo1
2026-06-16 14:14:39.275,2026-06-13 20:58:19.092,0.0,0.0,0,mc1,demo1
2026-06-16 14:14:39.575,2026-06-13 20:53:18.809,0.0,0.0,0,mc2,demo1
2026-06-16 14:14:39.335,2026-06-13 20:53:18.809,0.0,0.0,0,mc5,demo1
2026-06-16 14:14:39.350,2026-06-13 20:53:18.809,0.0,0.0,0,mc4,demo1
2026-06-16 14:14:39.375,2026-06-13 20:53:18.809,0.0,0.0,0,mc3,demo1
2026-06-16 14:14:39.399,2026-06-13 20:53:18.809,0.0,0.0,0,mc1,demo1
2026-06-16 14:14:39.553,2026-06-13 20:53:18.809,0.0,0.0,0,mc6,demo1
2026-06-16 14:14:39.708,2026-06-13 20:48:18.888,0.0,0.0,0,mc3,demo1
2026-06-16 14:14:39.610,2026-06-13 20:48:18.888,0.0,0.0,0,mc6,demo1
2026-06-16 14:14:39.641,2026-06-13 20:48:18.888,0.0,0.0,0,mc5,demo1
2026-06-16 14:14:39.658,2026-06-13 20:48:18.888,0.0,0.0,0,mc4,demo1
2026-06-16 14:14:39.693,2026-06-13 20:48:18.888,0.0,0.0,0,mc1,demo1
2026-06-16 14:14:39.725,2026-06-13 20:48:18.888,0.0,0.0,0,mc2,demo1
2026-06-16 14:14:40.101,2026-06-13 20:43:18.871,0.0,0.0,0,mc3,demo1
2026-06-16 14:14:39.756,2026-06-13 20:43:18.871,0.0,0.0,0,mc1,demo1
2026-06-16 14:14:39.910,2026-06-13 20:43:18.871,0.0,0.0,0,mc5,demo1
2026-06-16 14:14:40.046,2026-06-13 20:43:18.871,0.0,0.0,0,mc4,demo1
2026-06-16 14:14:40.075,2026-06-13 20:43:18.871,0.0,0.0,0,mc2,demo1
2026-06-16 14:14:40.128,2026-06-13 20:43:18.871,0.0,0.0,0,mc6,demo1
2026-06-16 14:14:40.259,2026-06-13 20:38:20.510,0.0,0.0,0,mc6,demo1
2026-06-16 14:14:40.150,2026-06-13 20:38:20.510,0.0,0.0,0,mc3,demo1
2026-06-16 14:14:40.189,2026-06-13 20:38:20.510,0.0,0.0,0,mc2,demo1
2026-06-16 14:14:40.210,2026-06-13 20:38:20.510,0.0,0.0,0,mc4,demo1
2026-06-16 14:14:40.234,2026-06-13 20:38:20.510,0.0,0.0,0,mc5,demo1
2026-06-16 14:14:40.284,2026-06-13 20:38:20.510,0.0,0.0,0,mc1,demo1
2026-06-16 14:14:40.310,2026-06-13 20:33:18.953,0.0,0.0,0,mc5,demo1
2026-06-16 14:14:40.325,2026-06-13 20:33:18.953,0.0,0.0,0,mc2,demo1
2026-06-16 14:14:40.362,2026-06-13 20:33:18.953,0.0,0.0,0,mc6,demo1
2026-06-16 14:14:40.383,2026-06-13 20:33:18.953,0.0,0.0,0,mc3,demo1
2026-06-16 14:14:40.408,2026-06-13 20:33:18.953,0.0,0.0,0,mc4,demo1
2026-06-16 14:14:40.425,2026-06-13 20:33:18.953,0.0,0.0,0,mc1,demo1
2026-06-16 14:14:40.566,2026-06-13 20:28:18.688,0.0,0.0,0,mc3,demo1
2026-06-16 14:14:40.608,2026-06-13 20:28:18.688,0.0,0.0,0,mc5,demo1
2026-06-16 14:14:40.496,2026-06-13 20:28:18.688,0.0,0.0,0,mc1,demo1
2026-06-16 14:14:40.516,2026-06-13 20:28:18.688,0.0,0.0,0,mc2,demo1
2026-06-16 14:14:40.542,2026-06-13 20:28:18.688,0.0,0.0,0,mc4,demo1
2026-06-16 14:14:40.591,2026-06-13 20:28:18.688,0.0,0.0,0,mc6,demo1
2026-06-16 14:14:40.625,2026-06-13 20:23:18.882,0.0,0.0,0,mc4,demo1
2026-06-16 14:14:40.762,2026-06-13 20:23:18.882,0.0,0.0,0,mc2,demo1
2026-06-16 14:14:40.739,2026-06-13 20:23:18.882,0.0,0.0,0,mc3,demo1
2026-06-16 14:14:40.693,2026-06-13 20:23:18.882,0.0,0.0,0,mc1,demo1
2026-06-16 14:14:40.675,2026-06-13 20:23:18.882,0.0,0.0,0,mc6,demo1
2026-06-16 14:14:40.659,2026-06-13 20:23:18.882,0.0,0.0,0,mc5,demo1
2026-06-16 14:14:40.925,2026-06-13 20:18:18.780,0.0,0.0,0,mc2,demo1
2026-06-16 14:14:40.817,2026-06-13 20:18:18.780,0.0,0.0,0,mc1,demo1
2026-06-16 14:14:40.841,2026-06-13 20:18:18.780,0.0,0.0,0,mc6,demo1
2026-06-16 14:14:40.864,2026-06-13 20:18:18.780,0.0,0.0,0,mc4,demo1
2026-06-16 14:14:40.900,2026-06-13 20:18:18.780,0.0,0.0,0,mc3,demo1
2026-06-16 14:14:40.795,2026-06-13 20:18:18.780,0.0,0.0,0,mc5,demo1
2026-06-16 14:14:41.008,2026-06-13 20:13:19.535,0.0,0.0,0,mc6,demo1
2026-06-16 14:14:41.110,2026-06-13 20:13:19.535,0.0,0.0,0,mc1,demo1
2026-06-16 14:14:41.071,2026-06-13 20:13:19.535,0.0,0.0,0,mc3,demo1
2026-06-16 14:14:41.042,2026-06-13 20:13:19.535,0.0,0.0,0,mc4,demo1
2026-06-16 14:14:40.983,2026-06-13 20:13:19.535,0.0,0.0,0,mc2,demo1
2026-06-16 14:14:40.968,2026-06-13 20:13:19.535,0.0,0.0,0,mc5,demo1
2026-06-16 14:14:41.125,2026-06-13 20:08:19.208,0.0,0.0,0,mc1,demo1
2026-06-16 14:14:41.283,2026-06-13 20:08:19.208,0.0,0.0,0,mc6,demo1
2026-06-16 14:14:41.252,2026-06-13 20:08:19.208,0.0,0.0,0,mc5,demo1
2026-06-16 14:14:41.213,2026-06-13 20:08:19.208,0.0,0.0,0,mc3,demo1
2026-06-16 14:14:41.183,2026-06-13 20:08:19.208,0.0,0.0,0,mc2,demo1
2026-06-16 14:14:41.149,2026-06-13 20:08:19.208,0.0,0.0,0,mc4,demo1
2026-06-16 14:14:41.309,2026-06-13 20:03:18.534,0.0,0.0,0,mc4,demo1
2026-06-16 14:14:41.469,2026-06-13 20:03:18.534,0.0,0.0,0,mc6,demo1
2026-06-16 14:14:41.434,2026-06-13 20:03:18.534,0.0,0.0,0,mc3,demo1
2026-06-16 14:14:41.400,2026-06-13 20:03:18.534,0.0,0.0,0,mc2,demo1
2026-06-16 14:14:41.376,2026-06-13 20:03:18.534,0.0,0.0,0,mc1,demo1
2026-06-16 14:14:41.333,2026-06-13 20:03:18.534,0.0,0.0,0,mc5,demo1
2026-06-16 14:14:41.501,2026-06-13 19:58:19.218,0.0,0.0,0,mc5,demo1
2026-06-16 14:14:41.644,2026-06-13 19:58:19.218,0.0,0.0,0,mc6,demo1
2026-06-16 14:14:41.618,2026-06-13 19:58:19.218,0.0,0.0,0,mc4,demo1
2026-06-16 14:14:41.594,2026-06-13 19:58:19.218,0.0,0.0,0,mc1,demo1
2026-06-16 14:14:41.551,2026-06-13 19:58:19.218,0.0,0.0,0,mc3,demo1
2026-06-16 14:14:41.526,2026-06-13 19:58:19.218,0.0,0.0,0,mc2,demo1
2026-06-16 14:14:41.694,2026-06-13 19:53:19.311,0.0,0.0,0,mc1,demo1
2026-06-16 14:14:41.900,2026-06-13 19:53:19.311,0.0,0.0,0,mc5,demo1
2026-06-16 14:14:41.875,2026-06-13 19:53:19.311,0.0,0.0,0,mc4,demo1
2026-06-16 14:14:41.848,2026-06-13 19:53:19.311,0.0,0.0,0,mc3,demo1
2026-06-16 14:14:41.827,2026-06-13 19:53:19.311,0.0,0.0,0,mc2,demo1
2026-06-16 14:14:41.659,2026-06-13 19:53:19.311,0.0,0.0,0,mc6,demo1
2026-06-16 14:14:41.993,2026-06-13 19:48:19.557,0.0,0.0,0,mc5,demo1
2026-06-16 14:14:42.107,2026-06-13 19:48:19.557,0.0,0.0,0,mc6,demo1
2026-06-16 14:14:42.076,2026-06-13 19:48:19.557,0.0,0.0,0,mc1,demo1
2026-06-16 14:14:42.051,2026-06-13 19:48:19.557,0.0,0.0,0,mc3,demo1
2026-06-16 14:14:42.017,2026-06-13 19:48:19.557,0.0,0.0,0,mc2,demo1
2026-06-16 14:14:41.934,2026-06-13 19:48:19.557,0.0,0.0,0,mc4,demo1
2026-06-16 14:14:42.402,2026-06-13 19:43:19.461,0.0,0.0,0,mc3,demo1
2026-06-16 14:14:42.181,2026-06-13 19:43:19.461,0.0,0.0,0,mc5,demo1
2026-06-16 14:14:42.214,2026-06-13 19:43:19.461,0.0,0.0,0,mc4,demo1
2026-06-16 14:14:42.232,2026-06-13 19:43:19.461,0.0,0.0,0,mc1,demo1
2026-06-16 14:14:42.140,2026-06-13 19:43:19.461,0.0,0.0,0,mc6,demo1
2026-06-16 14:14:42.281,2026-06-13 19:43:19.461,0.0,0.0,0,mc2,demo1
2026-06-16 14:14:42.546,2026-06-13 19:38:19.079,0.0,0.0,0,mc6,demo1
2026-06-16 14:14:42.660,2026-06-13 19:38:19.079,0.0,0.0,0,mc2,demo1
2026-06-16 14:14:42.634,2026-06-13 19:38:19.079,0.0,0.0,0,mc1,demo1
2026-06-16 14:14:42.591,2026-06-13 19:38:19.079,0.0,0.0,0,mc5,demo1
2026-06-16 14:14:42.505,2026-06-13 19:38:19.079,0.0,0.0,0,mc4,demo1
2026-06-16 14:14:42.445,2026-06-13 19:38:19.079,0.0,0.0,0,mc3,demo1
2026-06-16 14:14:43.036,2026-06-13 19:33:19.455,0.0,0.0,0,mc2,demo1
2026-06-16 14:14:42.723,2026-06-13 19:33:19.455,0.0,0.0,0,mc3,demo1
2026-06-16 14:14:42.741,2026-06-13 19:33:19.455,0.0,0.0,0,mc5,demo1
2026-06-16 14:14:42.767,2026-06-13 19:33:19.455,0.0,0.0,0,mc6,demo1
2026-06-16 14:14:42.819,2026-06-13 19:33:19.455,0.0,0.0,0,mc4,demo1
2026-06-16 14:14:42.885,2026-06-13 19:33:19.455,0.0,0.0,0,mc1,demo1
2026-06-16 14:14:43.719,2026-06-13 19:28:18.638,0.0,0.0,0,mc4,demo1
2026-06-16 14:14:43.370,2026-06-13 19:28:18.638,0.0,0.0,0,mc3,demo1
2026-06-16 14:14:43.575,2026-06-13 19:28:18.638,0.0,0.0,0,mc5,demo1
2026-06-16 14:14:43.220,2026-06-13 19:28:18.638,0.0,0.0,0,mc1,demo1
2026-06-16 14:14:43.773,2026-06-13 19:28:18.638,0.0,0.0,0,mc6,demo1
2026-06-16 14:14:43.818,2026-06-13 19:28:18.638,0.0,0.0,0,mc2,demo1
2026-06-16 14:14:43.904,2026-06-13 19:23:19.020,0.0,0.0,0,mc4,demo1
2026-06-16 14:14:44.265,2026-06-13 19:23:19.020,0.0,0.0,0,mc3,demo1
2026-06-16 14:14:44.244,2026-06-13 19:23:19.020,0.0,0.0,0,mc6,demo1
2026-06-16 14:14:44.199,2026-06-13 19:23:19.020,0.0,0.0,0,mc2,demo1
2026-06-16 14:14:44.177,2026-06-13 19:23:19.020,0.0,0.0,0,mc5,demo1
2026-06-16 14:14:44.157,2026-06-13 19:23:19.020,0.0,0.0,0,mc1,demo1
2026-06-16 14:14:44.290,2026-06-13 19:18:18.714,0.0,0.0,0,mc3,demo1
2026-06-16 14:14:44.449,2026-06-13 19:18:18.714,0.0,0.0,0,mc5,demo1
2026-06-16 14:14:44.406,2026-06-13 19:18:18.714,0.0,0.0,0,mc4,demo1
2026-06-16 14:14:44.367,2026-06-13 19:18:18.714,0.0,0.0,0,mc2,demo1
2026-06-16 14:14:44.347,2026-06-13 19:18:18.714,0.0,0.0,0,mc1,demo1
2026-06-16 14:14:44.325,2026-06-13 19:18:18.714,0.0,0.0,0,mc6,demo1
2026-06-16 14:14:44.495,2026-06-13 19:13:18.879,0.0,0.0,0,mc4,demo1
2026-06-16 14:14:44.536,2026-06-13 19:13:18.879,0.0,0.0,0,mc1,demo1
2026-06-16 14:14:44.569,2026-06-13 19:13:18.879,0.0,0.0,0,mc5,demo1
2026-06-16 14:14:44.607,2026-06-13 19:13:18.879,0.0,0.0,0,mc6,demo1
2026-06-16 14:14:44.654,2026-06-13 19:13:18.879,0.0,0.0,0,mc2,demo1
2026-06-16 14:14:44.687,2026-06-13 19:13:18.879,0.0,0.0,0,mc3,demo1
2026-06-16 14:14:44.721,2026-06-13 19:08:19.256,0.0,0.0,0,mc4,demo1
2026-06-16 14:14:44.757,2026-06-13 19:08:19.256,0.0,0.0,0,mc5,demo1
2026-06-16 14:14:44.783,2026-06-13 19:08:19.256,0.0,0.0,0,mc1,demo1
2026-06-16 14:14:44.813,2026-06-13 19:08:19.256,0.0,0.0,0,mc2,demo1
2026-06-16 14:14:44.878,2026-06-13 19:08:19.256,0.0,0.0,0,mc6,demo1
2026-06-16 14:14:44.908,2026-06-13 19:08:19.256,0.0,0.0,0,mc3,demo1
2026-06-16 14:14:44.941,2026-06-13 19:03:18.801,0.0,0.0,0,mc4,demo1
2026-06-16 14:14:45.075,2026-06-13 19:03:18.801,0.0,0.0,0,mc6,demo1
2026-06-16 14:14:45.107,2026-06-13 19:03:18.801,0.0,0.0,0,mc5,demo1
2026-06-16 14:14:45.127,2026-06-13 19:03:18.801,0.0,0.0,0,mc3,demo1
2026-06-16 14:14:45.167,2026-06-13 19:03:18.801,0.0,0.0,0,mc2,demo1
2026-06-16 14:14:45.200,2026-06-13 19:03:18.801,0.0,0.0,0,mc1,demo1
2026-06-16 14:14:45.225,2026-06-13 18:58:18.630,0.0,0.0,0,mc3,demo1
2026-06-16 14:14:45.256,2026-06-13 18:58:18.630,0.0,0.0,0,mc5,demo1
2026-06-16 14:14:45.309,2026-06-13 18:58:18.630,0.0,0.0,0,mc6,demo1
2026-06-16 14:14:45.338,2026-06-13 18:58:18.630,0.0,0.0,0,mc2,demo1
2026-06-16 14:14:45.371,2026-06-13 18:58:18.630,0.0,0.0,0,mc1,demo1
2026-06-16 14:14:45.557,2026-06-13 18:58:18.630,0.0,0.0,0,mc4,demo1
2026-06-16 14:14:45.584,2026-06-13 18:53:18.481,0.0,0.0,0,mc4,demo1
2026-06-16 14:14:45.623,2026-06-13 18:53:18.481,0.0,0.0,0,mc6,demo1
2026-06-16 14:14:45.648,2026-06-13 18:53:18.481,0.0,0.0,0,mc3,demo1
2026-06-16 14:14:45.664,2026-06-13 18:53:18.481,0.0,0.0,0,mc1,demo1
2026-06-16 14:14:45.730,2026-06-13 18:53:18.481,0.0,0.0,0,mc2,demo1
2026-06-16 14:14:45.756,2026-06-13 18:53:18.481,0.0,0.0,0,mc5,demo1
2026-06-16 14:14:45.781,2026-06-13 18:48:19.532,0.0,0.0,0,mc5,demo1
2026-06-16 14:14:45.809,2026-06-13 18:48:19.532,0.0,0.0,0,mc6,demo1
2026-06-16 14:14:45.847,2026-06-13 18:48:19.532,0.0,0.0,0,mc3,demo1
2026-06-16 14:14:45.873,2026-06-13 18:48:19.532,0.0,0.0,0,mc4,demo1
2026-06-16 14:14:45.941,2026-06-13 18:48:19.532,0.0,0.0,0,mc1,demo1
2026-06-16 14:14:45.973,2026-06-13 18:48:19.532,0.0,0.0,0,mc2,demo1
2026-06-16 14:14:46.011,2026-06-13 18:43:18.740,0.0,0.0,0,mc5,demo1
2026-06-16 14:14:46.041,2026-06-13 18:43:18.740,0.0,0.0,0,mc6,demo1
2026-06-16 14:14:46.072,2026-06-13 18:43:18.740,0.0,0.0,0,mc3,demo1
2026-06-16 14:14:46.116,2026-06-13 18:43:18.740,0.0,0.0,0,mc2,demo1
2026-06-16 14:14:46.148,2026-06-13 18:43:18.740,0.0,0.0,0,mc1,demo1
2026-06-16 14:14:46.166,2026-06-13 18:43:18.740,0.0,0.0,0,mc4,demo1
2026-06-16 14:14:46.199,2026-06-13 18:38:18.942,0.0,0.0,0,mc4,demo1
2026-06-16 14:14:46.248,2026-06-13 18:38:18.942,0.0,0.0,0,mc1,demo1
2026-06-16 14:14:46.273,2026-06-13 18:38:18.942,0.0,0.0,0,mc5,demo1
2026-06-16 14:14:46.298,2026-06-13 18:38:18.942,0.0,0.0,0,mc3,demo1
2026-06-16 14:14:46.348,2026-06-13 18:38:18.942,0.0,0.0,0,mc6,demo1
2026-06-16 14:14:46.374,2026-06-13 18:38:18.942,0.0,0.0,0,mc2,demo1
2026-06-16 14:14:46.421,2026-06-13 18:33:19.051,0.0,0.0,0,mc5,demo1
2026-06-16 14:14:46.449,2026-06-13 18:33:19.051,0.0,0.0,0,mc4,demo1
2026-06-16 14:14:46.483,2026-06-13 18:33:19.051,0.0,0.0,0,mc6,demo1
2026-06-16 14:14:46.515,2026-06-13 18:33:19.051,0.0,0.0,0,mc2,demo1
2026-06-16 14:14:46.539,2026-06-13 18:33:19.051,0.0,0.0,0,mc3,demo1
2026-06-16 14:14:46.580,2026-06-13 18:33:19.051,0.0,0.0,0,mc1,demo1
2026-06-16 14:14:46.645,2026-06-13 18:28:18.990,0.0,0.0,0,mc3,demo1
2026-06-16 14:14:46.692,2026-06-13 18:28:18.990,0.0,0.0,0,mc1,demo1
2026-06-16 14:14:46.747,2026-06-13 18:28:18.990,0.0,0.0,0,mc5,demo1
2026-06-16 14:14:46.813,2026-06-13 18:28:18.990,0.0,0.0,0,mc6,demo1
2026-06-16 14:14:46.856,2026-06-13 18:28:18.990,0.0,0.0,0,mc2,demo1
2026-06-16 14:14:46.917,2026-06-13 18:28:18.990,0.0,0.0,0,mc4,demo1
2026-06-16 14:14:46.975,2026-06-13 18:23:19.199,0.0,0.0,0,mc3,demo1
2026-06-16 14:14:47.009,2026-06-13 18:23:19.199,0.0,0.0,0,mc4,demo1
2026-06-16 14:14:47.050,2026-06-13 18:23:19.199,0.0,0.0,0,mc1,demo1
2026-06-16 14:14:47.072,2026-06-13 18:23:19.199,0.0,0.0,0,mc2,demo1
2026-06-16 14:14:47.097,2026-06-13 18:23:19.199,0.0,0.0,0,mc5,demo1
2026-06-16 14:14:47.115,2026-06-13 18:23:19.199,0.0,0.0,0,mc6,demo1
2026-06-16 14:14:47.156,2026-06-13 18:18:18.381,0.0,0.0,0,mc3,demo1
2026-06-16 14:14:47.173,2026-06-13 18:18:18.381,0.0,0.0,0,mc6,demo1
2026-06-16 14:14:47.189,2026-06-13 18:18:18.381,0.0,0.0,0,mc4,demo1
2026-06-16 14:14:47.216,2026-06-13 18:18:18.381,0.0,0.0,0,mc5,demo1
2026-06-16 14:14:47.238,2026-06-13 18:18:18.381,0.0,0.0,0,mc1,demo1
2026-06-16 14:14:47.254,2026-06-13 18:18:18.381,0.0,0.0,0,mc2,demo1
2026-06-16 14:14:47.281,2026-06-13 18:13:18.579,0.0,0.0,0,mc4,demo1
2026-06-16 14:14:47.316,2026-06-13 18:13:18.579,0.0,0.0,0,mc6,demo1
2026-06-16 14:14:47.344,2026-06-13 18:13:18.579,0.0,0.0,0,mc1,demo1
2026-06-16 14:14:47.381,2026-06-13 18:13:18.579,0.0,0.0,0,mc5,demo1
2026-06-16 14:14:47.419,2026-06-13 18:13:18.579,0.0,0.0,0,mc3,demo1
2026-06-16 14:14:47.499,2026-06-13 18:13:18.579,0.0,0.0,0,mc2,demo1
2026-06-16 14:14:47.624,2026-06-13 18:08:19.253,0.0,0.0,0,mc6,demo1
2026-06-16 14:14:47.523,2026-06-13 18:08:19.253,0.0,0.0,0,mc5,demo1
2026-06-16 14:14:47.547,2026-06-13 18:08:19.253,0.0,0.0,0,mc2,demo1
2026-06-16 14:14:47.573,2026-06-13 18:08:19.253,0.0,0.0,0,mc1,demo1
2026-06-16 14:14:47.658,2026-06-13 18:08:19.253,0.0,0.0,0,mc3,demo1
2026-06-16 14:14:47.706,2026-06-13 18:08:19.253,0.0,0.0,0,mc4,demo1
2026-06-16 14:14:47.806,2026-06-13 18:03:19.155,0.0,0.0,0,mc4,demo1
2026-06-16 14:14:47.870,2026-06-13 18:03:19.155,0.0,0.0,0,mc6,demo1
2026-06-16 14:14:47.731,2026-06-13 18:03:19.155,0.0,0.0,0,mc1,demo1
2026-06-16 14:14:47.754,2026-06-13 18:03:19.155,0.0,0.0,0,mc3,demo1
2026-06-16 14:14:47.781,2026-06-13 18:03:19.155,0.0,0.0,0,mc5,demo1
2026-06-16 14:14:47.830,2026-06-13 18:03:19.155,0.0,0.0,0,mc2,demo1
2026-06-16 14:14:47.898,2026-06-13 17:58:19.452,0.0,0.0,0,mc2,demo1
2026-06-16 14:14:48.048,2026-06-13 17:58:19.452,0.0,0.0,0,mc5,demo1
2026-06-16 14:14:48.014,2026-06-13 17:58:19.452,0.0,0.0,0,mc1,demo1
2026-06-16 14:14:47.989,2026-06-13 17:58:19.452,0.0,0.0,0,mc4,demo1
2026-06-16 14:14:47.973,2026-06-13 17:58:19.452,0.0,0.0,0,mc3,demo1
2026-06-16 14:14:47.930,2026-06-13 17:58:19.452,0.0,0.0,0,mc6,demo1
2026-06-16 14:14:48.099,2026-06-13 17:53:18.731,0.0,0.0,0,mc3,demo1
2026-06-16 14:14:48.246,2026-06-13 17:53:18.731,0.0,0.0,0,mc4,demo1
2026-06-16 14:14:48.210,2026-06-13 17:53:18.731,0.0,0.0,0,mc5,demo1
2026-06-16 14:14:48.172,2026-06-13 17:53:18.731,0.0,0.0,0,mc6,demo1
2026-06-16 14:14:48.136,2026-06-13 17:53:18.731,0.0,0.0,0,mc1,demo1
2026-06-16 14:14:48.074,2026-06-13 17:53:18.731,0.0,0.0,0,mc2,demo1
2026-06-16 14:14:48.322,2026-06-13 17:48:18.976,0.0,0.0,0,mc4,demo1
2026-06-16 14:14:48.464,2026-06-13 17:48:18.976,0.0,0.0,0,mc5,demo1
2026-06-16 14:14:48.448,2026-06-13 17:48:18.976,0.0,0.0,0,mc2,demo1
2026-06-16 14:14:48.424,2026-06-13 17:48:18.976,0.0,0.0,0,mc3,demo1
2026-06-16 14:14:48.391,2026-06-13 17:48:18.976,0.0,0.0,0,mc6,demo1
2026-06-16 14:14:48.366,2026-06-13 17:48:18.976,0.0,0.0,0,mc1,demo1
2026-06-16 14:14:48.623,2026-06-13 17:43:19.373,0.0,0.0,0,mc6,demo1
2026-06-16 14:14:48.655,2026-06-13 17:43:19.373,0.0,0.0,0,mc2,demo1
2026-06-16 14:14:48.579,2026-06-13 17:43:19.373,0.0,0.0,0,mc1,demo1
2026-06-16 14:14:48.545,2026-06-13 17:43:19.373,0.0,0.0,0,mc4,demo1
2026-06-16 14:14:48.521,2026-06-13 17:43:19.373,0.0,0.0,0,mc3,demo1
2026-06-16 14:14:48.499,2026-06-13 17:43:19.373,0.0,0.0,0,mc5,demo1
2026-06-16 14:14:48.713,2026-06-13 17:38:19.054,0.0,0.0,0,mc6,demo1
2026-06-16 14:14:48.691,2026-06-13 17:38:19.054,0.0,0.0,0,mc3,demo1
2026-06-16 14:14:48.823,2026-06-13 17:38:19.054,0.0,0.0,0,mc1,demo1
2026-06-16 14:14:48.798,2026-06-13 17:38:19.054,0.0,0.0,0,mc5,demo1
2026-06-16 14:14:48.773,2026-06-13 17:38:19.054,0.0,0.0,0,mc2,demo1
2026-06-16 14:14:48.750,2026-06-13 17:38:19.054,0.0,0.0,0,mc4,demo1
2026-06-16 14:14:48.872,2026-06-13 17:33:18.956,0.0,0.0,0,mc3,demo1
2026-06-16 14:14:48.852,2026-06-13 17:33:18.956,0.0,0.0,0,mc2,demo1
2026-06-16 14:14:49.002,2026-06-13 17:33:18.956,0.0,0.0,0,mc5,demo1
2026-06-16 14:14:48.973,2026-06-13 17:33:18.956,0.0,0.0,0,mc4,demo1
2026-06-16 14:14:48.938,2026-06-13 17:33:18.956,0.0,0.0,0,mc6,demo1
2026-06-16 14:14:48.897,2026-06-13 17:33:18.956,0.0,0.0,0,mc1,demo1
2026-06-16 14:14:49.030,2026-06-13 17:28:19.798,0.0,0.0,0,mc3,demo1
2026-06-16 14:14:49.057,2026-06-13 17:28:19.798,0.0,0.0,0,mc1,demo1
2026-06-16 14:14:49.073,2026-06-13 17:28:19.798,0.0,0.0,0,mc4,demo1
2026-06-16 14:14:49.098,2026-06-13 17:28:19.798,0.0,0.0,0,mc5,demo1
2026-06-16 14:14:49.164,2026-06-13 17:28:19.798,0.0,0.0,0,mc6,demo1
2026-06-16 14:14:49.197,2026-06-13 17:28:19.798,0.0,0.0,0,mc2,demo1
2026-06-16 14:14:49.249,2026-06-13 17:23:18.854,0.0,0.0,0,mc2,demo1
2026-06-16 14:14:49.291,2026-06-13 17:23:18.854,0.0,0.0,0,mc6,demo1
2026-06-16 14:14:49.323,2026-06-13 17:23:18.854,0.0,0.0,0,mc5,demo1
2026-06-16 14:14:49.380,2026-06-13 17:23:18.854,0.0,0.0,0,mc1,demo1
2026-06-16 14:14:49.413,2026-06-13 17:23:18.854,0.0,0.0,0,mc4,demo1
2026-06-16 14:14:49.474,2026-06-13 17:23:18.854,0.0,0.0,0,mc3,demo1
2026-06-16 14:14:49.548,2026-06-13 17:18:18.714,0.0,0.0,0,mc2,demo1
2026-06-16 14:14:49.572,2026-06-13 17:18:18.714,0.0,0.0,0,mc5,demo1
2026-06-16 14:14:49.598,2026-06-13 17:18:18.714,0.0,0.0,0,mc1,demo1
2026-06-16 14:14:49.635,2026-06-13 17:18:18.714,0.0,0.0,0,mc4,demo1
2026-06-16 14:14:49.673,2026-06-13 17:18:18.714,0.0,0.0,0,mc6,demo1
2026-06-16 14:14:49.707,2026-06-13 17:18:18.714,0.0,0.0,0,mc3,demo1
2026-06-16 14:14:49.756,2026-06-13 17:13:18.626,0.0,0.0,0,mc2,demo1
2026-06-16 14:14:49.981,2026-06-13 17:13:18.626,0.0,0.0,0,mc4,demo1
2026-06-16 14:14:49.943,2026-06-13 17:13:18.626,0.0,0.0,0,mc5,demo1
2026-06-16 14:14:49.917,2026-06-13 17:13:18.626,0.0,0.0,0,mc6,demo1
2026-06-16 14:14:49.863,2026-06-13 17:13:18.626,0.0,0.0,0,mc1,demo1
2026-06-16 14:14:49.804,2026-06-13 17:13:18.626,0.0,0.0,0,mc3,demo1
2026-06-16 14:14:50.012,2026-06-13 17:08:19.088,1.0,1.0,,mc2,demo1
2026-06-16 14:14:50.157,2026-06-13 17:08:19.088,1.0,1.0,,mc6,demo1
2026-06-16 14:14:50.128,2026-06-13 17:08:19.088,1.0,1.0,,mc5,demo1
2026-06-16 14:14:50.096,2026-06-13 17:08:19.088,1.0,1.0,,mc1,demo1
2026-06-16 14:14:50.056,2026-06-13 17:08:19.088,0.0,0.0,0,mc4,demo1
2026-06-16 14:14:50.038,2026-06-13 17:08:19.088,0.0,0.0,0,mc3,demo1
2026-06-16 14:14:50.188,2026-06-13 17:03:18.531,1.0,1.0,,mc2,demo1
2026-06-16 14:14:50.230,2026-06-13 17:03:18.531,1.0,1.0,,mc5,demo1
2026-06-16 14:14:50.255,2026-06-13 17:03:18.531,0.0,0.0,0,mc4,demo1
2026-06-16 14:14:50.287,2026-06-13 17:03:18.531,0.0,0.0,0,mc3,demo1
2026-06-16 14:14:50.313,2026-06-13 17:03:18.531,1.0,1.0,,mc1,demo1
2026-06-16 14:14:50.344,2026-06-13 17:03:18.531,1.0,1.0,,mc6,demo1
2026-06-16 14:14:50.367,2026-06-13 16:58:19.060,1.0,1.0,,mc2,demo1
2026-06-16 14:14:50.397,2026-06-13 16:58:19.060,1.0,1.0,,mc5,demo1
2026-06-16 14:14:50.440,2026-06-13 16:58:19.060,0.0,0.0,0,mc3,demo1
2026-06-16 14:14:50.465,2026-06-13 16:58:19.060,1.0,1.0,,mc1,demo1
2026-06-16 14:14:50.481,2026-06-13 16:58:19.060,1.0,1.0,,mc6,demo1
2026-06-16 14:14:50.714,2026-06-13 16:58:19.060,0.0,0.0,0,mc4,demo1
2026-06-16 14:14:50.950,2026-06-13 16:53:18.325,1.0,1.0,,mc2,demo1
2026-06-16 14:14:51.040,2026-06-13 16:53:18.325,1.0,1.0,,mc1,demo1
2026-06-16 14:14:51.073,2026-06-13 16:53:18.325,1.0,1.0,,mc5,demo1
2026-06-16 14:14:51.132,2026-06-13 16:53:18.325,1.0,1.0,,mc6,demo1
2026-06-16 14:14:51.157,2026-06-13 16:53:18.325,0.0,0.0,0,mc4,demo1
2026-06-16 14:14:51.173,2026-06-13 16:53:18.325,0.0,0.0,0,mc3,demo1
2026-06-16 14:14:51.189,2026-06-13 16:48:18.798,1.0,1.0,,mc2,demo1
2026-06-16 14:14:51.217,2026-06-13 16:48:18.798,1.0,1.0,,mc5,demo1
2026-06-16 14:14:51.248,2026-06-13 16:48:18.798,0.0,0.0,0,mc4,demo1
2026-06-16 14:14:51.274,2026-06-13 16:48:18.798,1.0,1.0,,mc1,demo1
2026-06-16 14:14:51.298,2026-06-13 16:48:18.798,0.0,0.0,0,mc3,demo1
2026-06-16 14:14:51.332,2026-06-13 16:48:18.798,1.0,1.0,,mc6,demo1
2026-06-16 14:14:51.351,2026-06-13 16:43:18.317,0.0,0.0,0,mc4,demo1
2026-06-16 14:14:51.373,2026-06-13 16:43:18.317,1.0,1.0,,mc5,demo1
2026-06-16 14:14:51.400,2026-06-13 16:43:18.317,1.0,1.0,,mc2,demo1
2026-06-16 14:14:51.430,2026-06-13 16:43:18.317,1.0,1.0,,mc1,demo1
2026-06-16 14:14:51.514,2026-06-13 16:43:18.317,0.0,0.0,0,mc3,demo1
2026-06-16 14:14:51.539,2026-06-13 16:43:18.317,1.0,1.0,,mc6,demo1
2026-06-16 14:14:51.565,2026-06-13 16:38:19.153,0.0,0.0,0,mc4,demo1
2026-06-16 14:14:51.635,2026-06-13 16:38:19.153,1.0,1.0,,mc1,demo1
2026-06-16 14:14:51.682,2026-06-13 16:38:19.153,1.0,1.0,,mc5,demo1
2026-06-16 14:14:51.754,2026-06-13 16:38:19.153,1.0,1.0,,mc6,demo1
2026-06-16 14:14:51.781,2026-06-13 16:38:19.153,1.0,1.0,,mc2,demo1
2026-06-16 14:14:51.828,2026-06-13 16:38:19.153,0.0,0.0,0,mc3,demo1
2026-06-16 14:14:51.882,2026-06-13 16:33:18.870,1.0,1.0,,mc6,demo1
2026-06-16 14:14:51.941,2026-06-13 16:33:18.870,0.0,0.0,0,mc3,demo1
2026-06-16 14:14:51.964,2026-06-13 16:33:18.870,1.0,1.0,,mc1,demo1
2026-06-16 14:14:51.980,2026-06-13 16:33:18.870,0.0,0.0,0,mc4,demo1
2026-06-16 14:14:52.027,2026-06-13 16:33:18.870,1.0,1.0,,mc2,demo1
2026-06-16 14:14:52.055,2026-06-13 16:33:18.870,1.0,1.0,,mc5,demo1
2026-06-16 14:14:52.082,2026-06-13 16:28:18.832,1.0,1.0,,mc5,demo1
2026-06-16 14:14:52.098,2026-06-13 16:28:18.832,1.0,1.0,,mc6,demo1
2026-06-16 14:14:52.132,2026-06-13 16:28:18.832,1.0,1.0,,mc2,demo1
2026-06-16 14:14:52.155,2026-06-13 16:28:18.832,0.0,0.0,0,mc4,demo1
2026-06-16 14:14:52.191,2026-06-13 16:28:18.832,0.0,0.0,0,mc3,demo1
2026-06-16 14:14:52.207,2026-06-13 16:28:18.832,1.0,1.0,,mc1,demo1
2026-06-16 14:14:52.230,2026-06-13 16:23:19.307,1.0,1.0,,mc2,demo1
2026-06-16 14:14:52.257,2026-06-13 16:23:19.307,0.0,0.0,0,mc4,demo1
2026-06-16 14:14:52.298,2026-06-13 16:23:19.307,0.0,0.0,0,mc3,demo1
2026-06-16 14:14:52.334,2026-06-13 16:23:19.307,1.0,1.0,,mc5,demo1
2026-06-16 14:14:52.363,2026-06-13 16:23:19.307,1.0,1.0,,mc6,demo1
2026-06-16 14:14:52.392,2026-06-13 16:23:19.307,1.0,1.0,,mc1,demo1
2026-06-16 14:14:52.436,2026-06-13 16:18:19.006,1.0,1.0,,mc6,demo1
2026-06-16 14:14:52.465,2026-06-13 16:18:19.006,1.0,1.0,,mc2,demo1
2026-06-16 14:14:52.513,2026-06-13 16:18:19.006,0.0,0.0,0,mc3,demo1
2026-06-16 14:14:52.541,2026-06-13 16:18:19.006,1.0,1.0,,mc1,demo1
2026-06-16 14:14:52.618,2026-06-13 16:18:19.006,0.0,0.0,0,mc4,demo1
2026-06-16 14:14:52.661,2026-06-13 16:18:19.006,1.0,1.0,,mc5,demo1
2026-06-16 14:14:52.699,2026-06-13 16:13:18.908,1.0,1.0,,mc1,demo1
2026-06-16 14:14:52.731,2026-06-13 16:13:18.908,0.0,0.0,0,mc3,demo1
2026-06-16 14:14:52.758,2026-06-13 16:13:18.908,0.0,0.0,0,mc4,demo1
2026-06-16 14:14:52.779,2026-06-13 16:13:18.908,1.0,1.0,,mc2,demo1
2026-06-16 14:14:52.798,2026-06-13 16:13:18.908,1.0,1.0,,mc5,demo1
2026-06-16 14:14:52.830,2026-06-13 16:13:18.908,1.0,1.0,,mc6,demo1
2026-06-16 14:14:53.038,2026-06-13 16:08:19.351,0.0,0.0,0,mc3,demo1
2026-06-16 14:14:52.848,2026-06-13 16:08:19.351,1.0,1.0,,mc1,demo1
2026-06-16 14:14:52.872,2026-06-13 16:08:19.351,1.0,1.0,,mc2,demo1
2026-06-16 14:14:52.889,2026-06-13 16:08:19.351,1.0,1.0,,mc6,demo1
2026-06-16 14:14:52.916,2026-06-13 16:08:19.351,1.0,1.0,,mc5,demo1
2026-06-16 14:14:52.980,2026-06-13 16:08:19.351,0.0,0.0,0,mc4,demo1
2026-06-16 14:14:53.140,2026-06-13 16:03:19.171,1.0,1.0,,mc1,demo1
2026-06-16 14:14:53.056,2026-06-13 16:03:19.171,0.0,0.0,0,mc3,demo1
2026-06-16 14:14:53.074,2026-06-13 16:03:19.171,1.0,1.0,,mc5,demo1
2026-06-16 14:14:53.098,2026-06-13 16:03:19.171,1.0,1.0,,mc2,demo1
2026-06-16 14:14:53.115,2026-06-13 16:03:19.171,1.0,1.0,,mc6,demo1
2026-06-16 14:14:53.191,2026-06-13 16:03:19.171,0.0,0.0,0,mc4,demo1
2026-06-16 14:14:53.364,2026-06-13 15:58:19.027,1.0,1.0,,mc5,demo1
2026-06-16 14:14:53.243,2026-06-13 15:58:19.027,1.0,1.0,,mc2,demo1
2026-06-16 14:14:53.291,2026-06-13 15:58:19.027,1.0,1.0,,mc1,demo1
2026-06-16 14:14:53.324,2026-06-13 15:58:19.027,0.0,0.0,0,mc4,demo1
2026-06-16 14:14:53.339,2026-06-13 15:58:19.027,0.0,0.0,0,mc3,demo1
2026-06-16 14:14:53.398,2026-06-13 15:58:19.027,1.0,1.0,,mc6,demo1
2026-06-16 14:14:53.489,2026-06-13 15:53:18.984,0.0,0.0,0,mc4,demo1
2026-06-16 14:14:53.414,2026-06-13 15:53:18.984,1.0,1.0,,mc6,demo1
2026-06-16 14:14:53.464,2026-06-13 15:53:18.984,1.0,1.0,,mc1,demo1
2026-06-16 14:14:53.515,2026-06-13 15:53:18.984,1.0,1.0,,mc5,demo1
2026-06-16 14:14:53.539,2026-06-13 15:53:18.984,0.0,0.0,0,mc3,demo1
2026-06-16 14:14:53.566,2026-06-13 15:53:18.984,1.0,1.0,,mc2,demo1
2026-06-16 14:14:53.746,2026-06-13 15:48:19.008,1.0,1.0,,mc1,demo1
2026-06-16 14:14:53.591,2026-06-13 15:48:19.008,1.0,1.0,,mc6,demo1
2026-06-16 14:14:53.607,2026-06-13 15:48:19.008,0.0,0.0,0,mc4,demo1
2026-06-16 14:14:53.644,2026-06-13 15:48:19.008,1.0,1.0,,mc5,demo1
2026-06-16 14:14:53.686,2026-06-13 15:48:19.008,0.0,0.0,0,mc3,demo1
2026-06-16 14:14:53.713,2026-06-13 15:48:19.008,1.0,1.0,,mc2,demo1
2026-06-16 14:14:53.856,2026-06-13 15:43:18.543,1.0,1.0,,mc1,demo1
2026-06-16 14:14:53.773,2026-06-13 15:43:18.543,0.0,0.0,0,mc3,demo1
2026-06-16 14:14:53.801,2026-06-13 15:43:18.543,1.0,1.0,,mc6,demo1
2026-06-16 14:14:53.822,2026-06-13 15:43:18.543,1.0,1.0,,mc2,demo1
2026-06-16 14:14:53.839,2026-06-13 15:43:18.543,1.0,1.0,,mc5,demo1
2026-06-16 14:14:53.886,2026-06-13 15:43:18.543,0.0,0.0,0,mc4,demo1
2026-06-16 14:14:53.998,2026-06-13 15:38:19.091,1.0,1.0,,mc6,demo1
2026-06-16 14:14:53.906,2026-06-13 15:38:19.091,1.0,1.0,,mc2,demo1
2026-06-16 14:14:53.944,2026-06-13 15:38:19.091,0.0,0.0,0,mc3,demo1
2026-06-16 14:14:54.074,2026-06-13 15:38:19.091,1.0,1.0,,mc1,demo1
2026-06-16 14:14:53.972,2026-06-13 15:38:19.091,0.0,0.0,0,mc4,demo1
2026-06-16 14:14:54.053,2026-06-13 15:38:19.091,1.0,1.0,,mc5,demo1
2026-06-16 14:14:54.239,2026-06-13 15:33:18.383,1.0,1.0,,mc5,demo1
2026-06-16 14:14:54.097,2026-06-13 15:33:18.383,1.0,1.0,,mc1,demo1
2026-06-16 14:14:54.123,2026-06-13 15:33:18.383,0.0,0.0,0,mc3,demo1
2026-06-16 14:14:54.148,2026-06-13 15:33:18.383,1.0,1.0,,mc6,demo1
2026-06-16 14:14:54.185,2026-06-13 15:33:18.383,1.0,1.0,,mc2,demo1
2026-06-16 14:14:54.214,2026-06-13 15:33:18.383,0.0,0.0,0,mc4,demo1
2026-06-16 14:14:54.371,2026-06-13 15:28:18.545,1.0,1.0,,mc1,demo1
2026-06-16 14:14:54.265,2026-06-13 15:28:18.545,1.0,1.0,,mc2,demo1
2026-06-16 14:14:54.281,2026-06-13 15:28:18.545,0.0,0.0,0,mc4,demo1
2026-06-16 14:14:54.298,2026-06-13 15:28:18.545,0.0,0.0,0,mc3,demo1
2026-06-16 14:14:54.316,2026-06-13 15:28:18.545,1.0,1.0,,mc6,demo1
2026-06-16 14:14:54.337,2026-06-13 15:28:18.545,1.0,1.0,,mc5,demo1
2026-06-16 14:14:54.519,2026-06-13 15:23:18.702,0.0,0.0,0,mc3,demo1
2026-06-16 14:14:54.431,2026-06-13 15:23:18.702,0.0,0.0,0,mc4,demo1
2026-06-16 14:14:54.457,2026-06-13 15:23:18.702,1.0,1.0,,mc5,demo1
2026-06-16 14:14:54.475,2026-06-13 15:23:18.702,1.0,1.0,,mc1,demo1
2026-06-16 14:14:54.500,2026-06-13 15:23:18.702,1.0,1.0,,mc6,demo1
2026-06-16 14:14:54.548,2026-06-13 15:23:18.702,1.0,1.0,,mc2,demo1
2026-06-16 14:14:54.881,2026-06-13 15:18:18.406,1.0,1.0,,mc6,demo1
2026-06-16 14:14:54.572,2026-06-13 15:18:18.406,1.0,1.0,,mc1,demo1
2026-06-16 14:14:54.812,2026-06-13 15:18:18.406,0.0,0.0,0,mc4,demo1
2026-06-16 14:14:54.832,2026-06-13 15:18:18.406,1.0,1.0,,mc5,demo1
2026-06-16 14:14:54.864,2026-06-13 15:18:18.406,0.0,0.0,0,mc3,demo1
2026-06-16 14:14:54.961,2026-06-13 15:18:18.406,1.0,1.0,,mc2,demo1
2026-06-16 14:14:55.139,2026-06-13 15:13:18.750,1.0,1.0,,mc2,demo1
2026-06-16 14:14:55.000,2026-06-13 15:13:18.750,0.0,0.0,0,mc4,demo1
2026-06-16 14:14:55.023,2026-06-13 15:13:18.750,0.0,0.0,0,mc3,demo1
2026-06-16 14:14:55.056,2026-06-13 15:13:18.750,1.0,1.0,,mc5,demo1
2026-06-16 14:14:55.072,2026-06-13 15:13:18.750,1.0,1.0,,mc6,demo1
2026-06-16 14:14:55.106,2026-06-13 15:13:18.750,1.0,1.0,,mc1,demo1
2026-06-16 14:14:55.332,2026-06-13 15:08:19.109,1.0,1.0,,mc2,demo1
2026-06-16 14:14:55.157,2026-06-13 15:08:19.109,1.0,1.0,,mc5,demo1
2026-06-16 14:14:55.206,2026-06-13 15:08:19.109,0.0,0.0,0,mc4,demo1
2026-06-16 14:14:55.241,2026-06-13 15:08:19.109,1.0,1.0,,mc1,demo1
2026-06-16 14:14:55.286,2026-06-13 15:08:19.109,0.0,0.0,0,mc3,demo1
2026-06-16 14:14:55.309,2026-06-13 15:08:19.109,1.0,1.0,,mc6,demo1
2026-06-16 14:14:55.472,2026-06-13 15:03:18.474,1.0,1.0,,mc6,demo1
2026-06-16 14:14:55.358,2026-06-13 15:03:18.474,0.0,0.0,0,mc3,demo1
2026-06-16 14:14:55.382,2026-06-13 15:03:18.474,1.0,1.0,,mc1,demo1
2026-06-16 14:14:55.412,2026-06-13 15:03:18.474,0.0,0.0,0,mc4,demo1
2026-06-16 14:14:55.448,2026-06-13 15:03:18.474,1.0,1.0,,mc2,demo1
2026-06-16 14:14:55.490,2026-06-13 15:03:18.474,1.0,1.0,,mc5,demo1
2026-06-16 14:14:55.798,2026-06-13 14:58:19.445,1.0,1.0,,mc1,demo1
2026-06-16 14:14:55.545,2026-06-13 14:58:19.445,1.0,1.0,,mc5,demo1
2026-06-16 14:14:55.656,2026-06-13 14:58:19.445,0.0,0.0,0,mc4,demo1
2026-06-16 14:14:55.702,2026-06-13 14:58:19.445,1.0,1.0,,mc6,demo1
2026-06-16 14:14:55.777,2026-06-13 14:58:19.445,0.0,0.0,0,mc3,demo1
2026-06-16 14:14:55.833,2026-06-13 14:58:19.445,1.0,1.0,,mc2,demo1
2026-06-16 14:14:55.998,2026-06-13 14:53:18.532,1.0,1.0,,mc6,demo1
2026-06-16 14:14:55.856,2026-06-13 14:53:18.532,1.0,1.0,,mc2,demo1
2026-06-16 14:14:55.894,2026-06-13 14:53:18.532,1.0,1.0,,mc1,demo1
2026-06-16 14:14:55.934,2026-06-13 14:53:18.532,1.0,1.0,,mc5,demo1
2026-06-16 14:14:55.969,2026-06-13 14:53:18.532,0.0,0.0,0,mc4,demo1
2026-06-16 14:14:56.038,2026-06-13 14:53:18.532,0.0,0.0,0,mc3,demo1
2026-06-16 14:14:56.121,2026-06-13 14:48:18.764,0.0,0.0,0,mc4,demo1
2026-06-16 14:14:56.064,2026-06-13 14:48:18.764,1.0,1.0,,mc6,demo1
2026-06-16 14:14:56.089,2026-06-13 14:48:18.764,1.0,1.0,,mc5,demo1
2026-06-16 14:14:56.283,2026-06-13 14:48:18.764,0.0,0.0,0,mc3,demo1
2026-06-16 14:14:56.405,2026-06-13 14:48:18.764,1.0,1.0,,mc2,demo1
2026-06-16 14:14:56.434,2026-06-13 14:48:18.764,1.0,1.0,,mc1,demo1
2026-06-16 14:14:56.643,2026-06-13 14:43:19.108,0.0,0.0,0,mc3,demo1
2026-06-16 14:14:56.464,2026-06-13 14:43:19.108,1.0,1.0,,mc5,demo1
2026-06-16 14:14:56.495,2026-06-13 14:43:19.108,0.0,0.0,0,mc4,demo1
2026-06-16 14:14:56.515,2026-06-13 14:43:19.108,1.0,1.0,,mc1,demo1
2026-06-16 14:14:56.532,2026-06-13 14:43:19.108,1.0,1.0,,mc6,demo1
2026-06-16 14:14:56.566,2026-06-13 14:43:19.108,1.0,1.0,,mc2,demo1
2026-06-16 14:14:56.798,2026-06-13 14:38:18.745,0.0,0.0,0,mc3,demo1
2026-06-16 14:14:56.679,2026-06-13 14:38:18.745,0.0,0.0,0,mc4,demo1
2026-06-16 14:14:56.708,2026-06-13 14:38:18.745,1.0,1.0,,mc5,demo1
2026-06-16 14:14:56.739,2026-06-13 14:38:18.745,1.0,1.0,,mc1,demo1
2026-06-16 14:14:56.774,2026-06-13 14:38:18.745,1.0,1.0,,mc6,demo1
2026-06-16 14:14:56.830,2026-06-13 14:38:18.745,1.0,1.0,,mc2,demo1
2026-06-16 14:14:56.948,2026-06-13 14:33:19.644,1.0,1.0,,mc2,demo1
2026-06-16 14:14:56.847,2026-06-13 14:33:19.644,0.0,0.0,0,mc3,demo1
2026-06-16 14:14:56.873,2026-06-13 14:33:19.644,1.0,1.0,,mc6,demo1
2026-06-16 14:14:56.889,2026-06-13 14:33:19.644,1.0,1.0,,mc1,demo1
2026-06-16 14:14:56.915,2026-06-13 14:33:19.644,0.0,0.0,0,mc4,demo1
2026-06-16 14:14:56.964,2026-06-13 14:33:19.644,1.0,1.0,,mc5,demo1
2026-06-16 14:14:57.045,2026-06-13 14:28:19.098,1.0,1.0,,mc1,demo1
2026-06-16 14:14:56.980,2026-06-13 14:28:19.098,1.0,1.0,,mc2,demo1
2026-06-16 14:14:57.006,2026-06-13 14:28:19.098,0.0,0.0,0,mc4,demo1
2026-06-16 14:14:57.065,2026-06-13 14:28:19.098,1.0,1.0,,mc6,demo1
2026-06-16 14:14:57.081,2026-06-13 14:28:19.098,1.0,1.0,,mc5,demo1
2026-06-16 14:14:57.131,2026-06-13 14:28:19.098,0.0,0.0,0,mc3,demo1
2026-06-16 14:14:57.275,2026-06-13 14:23:18.986,0.0,0.0,0,mc4,demo1
2026-06-16 14:14:57.149,2026-06-13 14:23:18.986,0.0,0.0,0,mc3,demo1
2026-06-16 14:14:57.165,2026-06-13 14:23:18.986,1.0,1.0,,mc1,demo1
2026-06-16 14:14:57.182,2026-06-13 14:23:18.986,1.0,1.0,,mc2,demo1
2026-06-16 14:14:57.198,2026-06-13 14:23:18.986,1.0,1.0,,mc5,demo1
2026-06-16 14:14:57.236,2026-06-13 14:23:18.986,1.0,1.0,,mc6,demo1
2026-06-16 14:14:57.456,2026-06-13 14:18:18.431,0.0,0.0,0,mc4,demo1
2026-06-16 14:14:57.308,2026-06-13 14:18:18.431,1.0,1.0,,mc2,demo1
2026-06-16 14:14:57.359,2026-06-13 14:18:18.431,1.0,1.0,,mc6,demo1
2026-06-16 14:14:57.384,2026-06-13 14:18:18.431,1.0,1.0,,mc1,demo1
2026-06-16 14:14:57.416,2026-06-13 14:18:18.431,1.0,1.0,,mc5,demo1
2026-06-16 14:14:57.474,2026-06-13 14:18:18.431,0.0,0.0,0,mc3,demo1
2026-06-16 14:14:57.581,2026-06-13 14:13:18.463,0.0,0.0,0,mc3,demo1
2026-06-16 14:14:57.497,2026-06-13 14:13:18.463,1.0,1.0,,mc1,demo1
2026-06-16 14:14:57.521,2026-06-13 14:13:18.463,1.0,1.0,,mc6,demo1
2026-06-16 14:14:57.713,2026-06-13 14:13:18.463,1.0,1.0,,mc5,demo1
2026-06-16 14:14:57.559,2026-06-13 14:13:18.463,0.0,0.0,0,mc4,demo1
2026-06-16 14:14:57.636,2026-06-13 14:13:18.463,1.0,1.0,,mc2,demo1
2026-06-16 14:14:57.928,2026-06-13 14:08:18.806,1.0,1.0,,mc5,demo1
2026-06-16 14:14:57.749,2026-06-13 14:08:18.806,1.0,1.0,,mc1,demo1
2026-06-16 14:14:57.790,2026-06-13 14:08:18.806,1.0,1.0,,mc2,demo1
2026-06-16 14:14:57.817,2026-06-13 14:08:18.806,1.0,1.0,,mc6,demo1
2026-06-16 14:14:57.852,2026-06-13 14:08:18.806,0.0,0.0,0,mc4,demo1
2026-06-16 14:14:57.881,2026-06-13 14:08:18.806,0.0,0.0,0,mc3,demo1
2026-06-16 14:14:58.132,2026-06-13 14:03:19.528,1.0,1.0,,mc1,demo1
2026-06-16 14:14:57.956,2026-06-13 14:03:19.528,0.0,0.0,0,mc4,demo1
2026-06-16 14:14:57.981,2026-06-13 14:03:19.528,0.0,0.0,0,mc3,demo1
2026-06-16 14:14:58.013,2026-06-13 14:03:19.528,1.0,1.0,,mc5,demo1
2026-06-16 14:14:58.047,2026-06-13 14:03:19.528,1.0,1.0,,mc2,demo1
2026-06-16 14:14:58.104,2026-06-13 14:03:19.528,1.0,1.0,,mc6,demo1
2026-06-16 14:14:58.273,2026-06-13 13:58:18.742,1.0,1.0,,mc2,demo1
2026-06-16 14:14:58.156,2026-06-13 13:58:18.742,1.0,1.0,,mc5,demo1
2026-06-16 14:14:58.203,2026-06-13 13:58:18.742,1.0,1.0,,mc6,demo1
2026-06-16 14:14:58.227,2026-06-13 13:58:18.742,0.0,0.0,0,mc3,demo1
2026-06-16 14:14:58.248,2026-06-13 13:58:18.742,1.0,1.0,,mc1,demo1
2026-06-16 14:14:58.317,2026-06-13 13:58:18.742,0.0,0.0,0,mc4,demo1
2026-06-16 14:14:58.439,2026-06-13 13:53:19.150,1.0,1.0,,mc1,demo1
2026-06-16 14:14:58.339,2026-06-13 13:53:19.150,0.0,0.0,0,mc4,demo1
2026-06-16 14:14:58.366,2026-06-13 13:53:19.150,1.0,1.0,,mc5,demo1
2026-06-16 14:14:58.390,2026-06-13 13:53:19.150,1.0,1.0,,mc6,demo1
2026-06-16 14:14:58.416,2026-06-13 13:53:19.150,0.0,0.0,0,mc3,demo1
2026-06-16 14:14:58.466,2026-06-13 13:53:19.150,1.0,1.0,,mc2,demo1
2026-06-16 14:14:58.748,2026-06-13 13:48:19.388,1.0,1.0,,mc1,demo1
2026-06-16 14:14:58.596,2026-06-13 13:48:19.388,0.0,0.0,0,mc3,demo1
2026-06-16 14:14:58.631,2026-06-13 13:48:19.388,1.0,1.0,,mc6,demo1
2026-06-16 14:14:58.656,2026-06-13 13:48:19.388,0.0,0.0,0,mc4,demo1
2026-06-16 14:14:58.684,2026-06-13 13:48:19.388,1.0,1.0,,mc2,demo1
2026-06-16 14:14:58.723,2026-06-13 13:48:19.388,1.0,1.0,,mc5,demo1
2026-06-16 14:14:59.022,2026-06-13 13:43:18.473,1.0,1.0,,mc5,demo1
2026-06-16 14:14:58.765,2026-06-13 13:43:18.473,1.0,1.0,,mc1,demo1
2026-06-16 14:14:58.802,2026-06-13 13:43:18.473,0.0,0.0,0,mc3,demo1
2026-06-16 14:14:58.823,2026-06-13 13:43:18.473,1.0,1.0,,mc6,demo1
2026-06-16 14:14:58.857,2026-06-13 13:43:18.473,1.0,1.0,,mc2,demo1
2026-06-16 14:14:58.888,2026-06-13 13:43:18.473,0.0,0.0,0,mc4,demo1
2026-06-16 14:14:59.221,2026-06-13 13:38:18.884,1.0,1.0,,mc6,demo1
2026-06-16 14:14:59.040,2026-06-13 13:38:18.884,0.0,0.0,0,mc4,demo1
2026-06-16 14:14:59.073,2026-06-13 13:38:18.884,1.0,1.0,,mc2,demo1
2026-06-16 14:14:59.107,2026-06-13 13:38:18.884,0.0,0.0,0,mc3,demo1
2026-06-16 14:14:59.167,2026-06-13 13:38:18.884,1.0,1.0,,mc5,demo1
2026-06-16 14:14:59.260,2026-06-13 13:38:18.884,1.0,1.0,,mc1,demo1
2026-06-16 14:14:59.511,2026-06-13 13:33:18.222,1.0,1.0,,mc6,demo1
2026-06-16 14:14:59.330,2026-06-13 13:33:18.222,0.0,0.0,0,mc3,demo1
2026-06-16 14:14:59.382,2026-06-13 13:33:18.222,1.0,1.0,,mc1,demo1
2026-06-16 14:14:59.428,2026-06-13 13:33:18.222,1.0,1.0,,mc2,demo1
2026-06-16 14:14:59.484,2026-06-13 13:33:18.222,1.0,1.0,,mc5,demo1
2026-06-16 14:14:59.541,2026-06-13 13:33:18.222,0.0,0.0,0,mc4,demo1
2026-06-16 14:14:59.681,2026-06-13 13:28:18.151,0.0,0.0,0,mc3,demo1
2026-06-16 14:14:59.606,2026-06-13 13:28:18.151,1.0,1.0,,mc5,demo1
2026-06-16 14:14:59.631,2026-06-13 13:28:18.151,1.0,1.0,,mc2,demo1
2026-06-16 14:14:59.740,2026-06-13 13:28:18.151,0.0,0.0,0,mc4,demo1
2026-06-16 14:14:59.656,2026-06-13 13:28:18.151,1.0,1.0,,mc6,demo1
2026-06-16 14:14:59.715,2026-06-13 13:28:18.151,1.0,1.0,,mc1,demo1
2026-06-16 14:14:59.919,2026-06-13 13:23:18.610,1.0,1.0,,mc1,demo1
2026-06-16 14:14:59.874,2026-06-13 13:23:18.610,0.0,0.0,0,mc4,demo1
2026-06-16 14:14:59.858,2026-06-13 13:23:18.610,0.0,0.0,0,mc3,demo1
2026-06-16 14:14:59.839,2026-06-13 13:23:18.610,1.0,1.0,,mc5,demo1
2026-06-16 14:14:59.813,2026-06-13 13:23:18.610,1.0,1.0,,mc2,demo1
2026-06-16 14:14:59.776,2026-06-13 13:23:18.610,1.0,1.0,,mc6,demo1
2026-06-16 14:15:00.150,2026-06-13 13:18:18.032,0.0,0.0,0,mc3,demo1
2026-06-16 14:14:59.947,2026-06-13 13:18:18.032,1.0,1.0,,mc2,demo1
2026-06-16 14:15:00.026,2026-06-13 13:18:18.032,0.0,0.0,0,mc4,demo1
2026-06-16 14:15:00.061,2026-06-13 13:18:18.032,1.0,1.0,,mc6,demo1
2026-06-16 14:15:00.089,2026-06-13 13:18:18.032,1.0,1.0,,mc5,demo1
2026-06-16 14:15:00.116,2026-06-13 13:18:18.032,1.0,1.0,,mc1,demo1
2026-06-16 14:15:00.493,2026-06-13 13:13:18.726,0.0,0.0,0,mc3,demo1
2026-06-16 14:15:00.175,2026-06-13 13:13:18.726,1.0,1.0,,mc6,demo1
2026-06-16 14:15:00.192,2026-06-13 13:13:18.726,1.0,1.0,,mc5,demo1
2026-06-16 14:15:00.208,2026-06-13 13:13:18.726,1.0,1.0,,mc2,demo1
2026-06-16 14:15:00.447,2026-06-13 13:13:18.726,1.0,1.0,,mc1,demo1
2026-06-16 14:15:00.516,2026-06-13 13:13:18.726,0.0,0.0,0,mc4,demo1
2026-06-16 14:15:00.572,2026-06-13 13:08:18.918,1.0,1.0,,mc1,demo1
2026-06-16 14:15:00.615,2026-06-13 13:08:18.918,0.0,0.0,0,mc4,demo1
2026-06-16 14:15:00.732,2026-06-13 13:08:18.918,1.0,1.0,,mc2,demo1
2026-06-16 14:15:00.548,2026-06-13 13:08:18.918,1.0,1.0,,mc5,demo1
2026-06-16 14:15:00.663,2026-06-13 13:08:18.918,1.0,1.0,,mc6,demo1
2026-06-16 14:15:00.703,2026-06-13 13:08:18.918,0.0,0.0,0,mc3,demo1
2026-06-16 14:15:00.766,2026-06-13 13:03:18.688,1.0,1.0,,mc6,demo1
2026-06-16 14:15:00.791,2026-06-13 13:03:18.688,1.0,1.0,,mc5,demo1
2026-06-16 14:15:00.816,2026-06-13 13:03:18.688,0.0,0.0,0,mc3,demo1
2026-06-16 14:15:00.841,2026-06-13 13:03:18.688,1.0,1.0,,mc1,demo1
2026-06-16 14:15:00.916,2026-06-13 13:03:18.688,0.0,0.0,0,mc4,demo1
2026-06-16 14:15:00.958,2026-06-13 13:03:18.688,1.0,1.0,,mc2,demo1
2026-06-16 14:15:01.070,2026-06-13 12:58:18.899,0.0,0.0,0,mc3,demo1
2026-06-16 14:15:00.995,2026-06-13 12:58:18.899,1.0,1.0,,mc1,demo1
2026-06-16 14:15:01.008,2026-06-13 12:58:18.899,1.0,1.0,,mc2,demo1
2026-06-16 14:15:01.041,2026-06-13 12:58:18.899,1.0,1.0,,mc6,demo1
2026-06-16 14:15:01.112,2026-06-13 12:58:18.899,1.0,1.0,,mc5,demo1
2026-06-16 14:15:01.140,2026-06-13 12:58:18.899,0.0,0.0,0,mc4,demo1
2026-06-16 14:15:01.253,2026-06-13 12:53:19.693,1.0,1.0,,mc2,demo1
2026-06-16 14:15:01.283,2026-06-13 12:53:19.693,1.0,1.0,,mc5,demo1
2026-06-16 14:15:01.299,2026-06-13 12:53:19.693,0.0,0.0,0,mc3,demo1
2026-06-16 14:15:01.325,2026-06-13 12:53:19.693,1.0,1.0,,mc6,demo1
2026-06-16 14:15:01.354,2026-06-13 12:53:19.693,0.0,0.0,0,mc4,demo1
2026-06-16 14:15:01.404,2026-06-13 12:53:19.693,1.0,1.0,,mc1,demo1
2026-06-16 14:15:01.425,2026-06-13 12:48:18.555,1.0,1.0,,mc6,demo1
2026-06-16 14:15:01.448,2026-06-13 12:48:18.555,0.0,0.0,0,mc3,demo1
2026-06-16 14:15:01.505,2026-06-13 12:48:18.555,1.0,1.0,,mc5,demo1
2026-06-16 14:15:01.525,2026-06-13 12:48:18.555,1.0,1.0,,mc2,demo1
2026-06-16 14:15:01.566,2026-06-13 12:48:18.555,0.0,0.0,0,mc4,demo1
2026-06-16 14:15:01.669,2026-06-13 12:48:18.555,1.0,1.0,,mc1,demo1
2026-06-16 14:15:01.692,2026-06-13 12:43:18.925,1.0,1.0,,mc5,demo1
2026-06-16 14:15:01.724,2026-06-13 12:43:18.925,0.0,0.0,0,mc4,demo1
2026-06-16 14:15:01.760,2026-06-13 12:43:18.925,1.0,1.0,,mc1,demo1
2026-06-16 14:15:02.223,2026-06-13 12:43:18.925,0.0,0.0,0,mc3,demo1
2026-06-16 14:15:02.241,2026-06-13 12:43:18.925,1.0,1.0,,mc6,demo1
2026-06-16 14:15:02.272,2026-06-13 12:43:18.925,1.0,1.0,,mc2,demo1
2026-06-16 14:15:02.300,2026-06-13 12:38:19.126,0.0,0.0,0,mc3,demo1
2026-06-16 14:15:02.334,2026-06-13 12:38:19.126,1.0,1.0,,mc1,demo1
2026-06-16 14:15:02.358,2026-06-13 12:38:19.126,0.0,0.0,0,mc4,demo1
2026-06-16 14:15:02.410,2026-06-13 12:38:19.126,1.0,1.0,,mc2,demo1
2026-06-16 14:15:02.442,2026-06-13 12:38:19.126,1.0,1.0,,mc6,demo1
2026-06-16 14:15:02.483,2026-06-13 12:38:19.126,1.0,1.0,,mc5,demo1
2026-06-16 14:15:02.575,2026-06-13 12:33:19.023,0.0,0.0,0,mc4,demo1
2026-06-16 14:15:02.516,2026-06-13 12:33:19.023,1.0,1.0,,mc1,demo1
2026-06-16 14:15:02.533,2026-06-13 12:33:19.023,1.0,1.0,,mc5,demo1
2026-06-16 14:15:02.550,2026-06-13 12:33:19.023,1.0,1.0,,mc2,demo1
2026-06-16 14:15:02.608,2026-06-13 12:33:19.023,0.0,0.0,0,mc3,demo1
2026-06-16 14:15:02.624,2026-06-13 12:33:19.023,1.0,1.0,,mc6,demo1
2026-06-16 14:15:02.692,2026-06-13 12:28:18.581,1.0,1.0,,mc2,demo1
2026-06-16 14:15:02.735,2026-06-13 12:28:18.581,0.0,0.0,0,mc4,demo1
2026-06-16 14:15:02.758,2026-06-13 12:28:18.581,0.0,0.0,0,mc3,demo1
2026-06-16 14:15:02.666,2026-06-13 12:28:18.581,1.0,1.0,,mc1,demo1
2026-06-16 14:15:02.780,2026-06-13 12:28:18.581,1.0,1.0,,mc5,demo1
2026-06-16 14:15:02.851,2026-06-13 12:28:18.581,1.0,1.0,,mc6,demo1
2026-06-16 14:15:02.899,2026-06-13 12:23:19.158,0.0,0.0,0,mc4,demo1
2026-06-16 14:15:02.916,2026-06-13 12:23:19.158,1.0,1.0,,mc6,demo1
2026-06-16 14:15:02.941,2026-06-13 12:23:19.158,1.0,1.0,,mc2,demo1
2026-06-16 14:15:02.993,2026-06-13 12:23:19.158,1.0,1.0,,mc1,demo1
2026-06-16 14:15:03.016,2026-06-13 12:23:19.158,0.0,0.0,0,mc3,demo1
2026-06-16 14:15:03.041,2026-06-13 12:23:19.158,1.0,1.0,,mc5,demo1
2026-06-16 14:15:03.071,2026-06-13 12:18:19.493,1.0,1.0,,mc5,demo1
2026-06-16 14:15:03.091,2026-06-13 12:18:19.493,0.0,0.0,0,mc4,demo1
2026-06-16 14:15:03.126,2026-06-13 12:18:19.493,1.0,1.0,,mc2,demo1
2026-06-16 14:15:03.162,2026-06-13 12:18:19.493,1.0,1.0,,mc1,demo1
2026-06-16 14:15:03.205,2026-06-13 12:18:19.493,1.0,1.0,,mc6,demo1
2026-06-16 14:15:03.239,2026-06-13 12:18:19.493,0.0,0.0,0,mc3,demo1
2026-06-16 14:15:03.275,2026-06-13 12:13:18.917,1.0,1.0,,mc2,demo1
2026-06-16 14:15:03.319,2026-06-13 12:13:18.917,0.0,0.0,0,mc4,demo1
2026-06-16 14:15:03.358,2026-06-13 12:13:18.917,1.0,1.0,,mc6,demo1
2026-06-16 14:15:03.394,2026-06-13 12:13:18.917,0.0,0.0,0,mc3,demo1
2026-06-16 14:15:03.409,2026-06-13 12:13:18.917,1.0,1.0,,mc5,demo1
2026-06-16 14:15:03.435,2026-06-13 12:13:18.917,1.0,1.0,,mc1,demo1
2026-06-16 14:15:03.567,2026-06-13 12:08:18.899,1.0,1.0,,mc6,demo1
2026-06-16 14:15:03.483,2026-06-13 12:08:18.899,0.0,0.0,0,mc3,demo1
2026-06-16 14:15:03.517,2026-06-13 12:08:18.899,1.0,1.0,,mc1,demo1
2026-06-16 14:15:03.533,2026-06-13 12:08:18.899,1.0,1.0,,mc2,demo1
2026-06-16 14:15:03.599,2026-06-13 12:08:18.899,0.0,0.0,0,mc4,demo1
2026-06-16 14:15:03.642,2026-06-13 12:08:18.899,1.0,1.0,,mc5,demo1
2026-06-16 14:15:03.691,2026-06-13 12:03:18.972,1.0,1.0,,mc2,demo1
2026-06-16 14:15:03.676,2026-06-13 12:03:18.972,0.0,0.0,0,mc4,demo1
2026-06-16 14:15:03.730,2026-06-13 12:03:18.972,0.0,0.0,0,mc3,demo1
2026-06-16 14:15:03.758,2026-06-13 12:03:18.972,1.0,1.0,,mc6,demo1
2026-06-16 14:15:03.783,2026-06-13 12:03:18.972,1.0,1.0,,mc1,demo1
2026-06-16 14:15:03.818,2026-06-13 12:03:18.972,1.0,1.0,,mc5,demo1
2026-06-16 14:15:03.990,2026-06-13 11:58:19.044,1.0,1.0,,mc2,demo1
2026-06-16 14:15:03.835,2026-06-13 11:58:19.044,0.0,0.0,0,mc3,demo1
2026-06-16 14:15:03.872,2026-06-13 11:58:19.044,1.0,1.0,,mc6,demo1
2026-06-16 14:15:03.906,2026-06-13 11:58:19.044,0.0,0.0,0,mc4,demo1
2026-06-16 14:15:03.925,2026-06-13 11:58:19.044,1.0,1.0,,mc5,demo1
2026-06-16 14:15:03.941,2026-06-13 11:58:19.044,1.0,1.0,,mc1,demo1
2026-06-16 14:15:04.016,2026-06-13 11:53:19.506,0.0,0.0,0,mc4,demo1
2026-06-16 14:15:04.189,2026-06-13 11:53:19.506,1.0,1.0,,mc5,demo1
2026-06-16 14:15:04.126,2026-06-13 11:53:19.506,0.0,0.0,0,mc3,demo1
2026-06-16 14:15:04.093,2026-06-13 11:53:19.506,1.0,1.0,,mc6,demo1
2026-06-16 14:15:04.075,2026-06-13 11:53:19.506,1.0,1.0,,mc2,demo1
2026-06-16 14:15:04.049,2026-06-13 11:53:19.506,1.0,1.0,,mc1,demo1
2026-06-16 14:15:04.222,2026-06-13 11:48:18.186,1.0,1.0,,mc6,demo1
2026-06-16 14:15:04.377,2026-06-13 11:48:18.186,1.0,1.0,,mc5,demo1
2026-06-16 14:15:04.343,2026-06-13 11:48:18.186,0.0,0.0,0,mc3,demo1
2026-06-16 14:15:04.319,2026-06-13 11:48:18.186,0.0,0.0,0,mc4,demo1
2026-06-16 14:15:04.301,2026-06-13 11:48:18.186,1.0,1.0,,mc1,demo1
2026-06-16 14:15:04.277,2026-06-13 11:48:18.186,1.0,1.0,,mc2,demo1
2026-06-16 14:15:04.399,2026-06-13 11:43:18.126,0.0,0.0,0,mc3,demo1
2026-06-16 14:15:04.646,2026-06-13 11:43:18.126,1.0,1.0,,mc2,demo1
2026-06-16 14:15:04.602,2026-06-13 11:43:18.126,1.0,1.0,,mc5,demo1
2026-06-16 14:15:04.575,2026-06-13 11:43:18.126,1.0,1.0,,mc1,demo1
2026-06-16 14:15:04.560,2026-06-13 11:43:18.126,0.0,0.0,0,mc4,demo1
2026-06-16 14:15:04.503,2026-06-13 11:43:18.126,1.0,1.0,,mc6,demo1
2026-06-16 14:15:04.666,2026-06-13 11:38:18.606,0.0,0.0,0,mc3,demo1
2026-06-16 14:15:04.693,2026-06-13 11:38:18.606,1.0,1.0,,mc2,demo1
2026-06-16 14:15:04.725,2026-06-13 11:38:18.606,1.0,1.0,,mc6,demo1
2026-06-16 14:15:04.749,2026-06-13 11:38:18.606,0.0,0.0,0,mc4,demo1
2026-06-16 14:15:04.781,2026-06-13 11:38:18.606,1.0,1.0,,mc5,demo1
2026-06-16 14:15:04.827,2026-06-13 11:38:18.606,1.0,1.0,,mc1,demo1
2026-06-16 14:15:04.883,2026-06-13 11:33:18.710,1.0,1.0,,mc6,demo1
2026-06-16 14:15:04.908,2026-06-13 11:33:18.710,1.0,1.0,,mc5,demo1
2026-06-16 14:15:04.943,2026-06-13 11:33:18.710,0.0,0.0,0,mc3,demo1
2026-06-16 14:15:04.993,2026-06-13 11:33:18.710,0.0,0.0,0,mc4,demo1
2026-06-16 14:15:05.033,2026-06-13 11:33:18.710,1.0,1.0,,mc1,demo1
2026-06-16 14:15:05.058,2026-06-13 11:33:18.710,1.0,1.0,,mc2,demo1
2026-06-16 14:15:05.083,2026-06-13 11:28:18.912,1.0,1.0,,mc6,demo1
2026-06-16 14:15:05.121,2026-06-13 11:28:18.912,1.0,1.0,,mc5,demo1
2026-06-16 14:15:05.162,2026-06-13 11:28:18.912,0.0,0.0,0,mc4,demo1
2026-06-16 14:15:05.199,2026-06-13 11:28:18.912,0.0,0.0,0,mc3,demo1
2026-06-16 14:15:05.224,2026-06-13 11:28:18.912,1.0,1.0,,mc1,demo1
2026-06-16 14:15:05.258,2026-06-13 11:28:18.912,1.0,1.0,,mc2,demo1
2026-06-16 14:15:05.292,2026-06-13 11:23:18.775,1.0,1.0,,mc6,demo1
2026-06-16 14:15:05.321,2026-06-13 11:23:18.775,1.0,1.0,,mc5,demo1
2026-06-16 14:15:05.342,2026-06-13 11:23:18.775,0.0,0.0,0,mc4,demo1
2026-06-16 14:15:05.380,2026-06-13 11:23:18.775,1.0,1.0,,mc1,demo1
2026-06-16 14:15:05.432,2026-06-13 11:23:18.775,0.0,0.0,0,mc3,demo1
2026-06-16 14:15:05.483,2026-06-13 11:23:18.775,1.0,1.0,,mc2,demo1
2026-06-16 14:15:05.508,2026-06-13 11:18:18.810,1.0,1.0,,mc6,demo1
2026-06-16 14:15:05.533,2026-06-13 11:18:18.810,0.0,0.0,0,mc4,demo1
2026-06-16 14:15:05.566,2026-06-13 11:18:18.810,1.0,1.0,,mc2,demo1
2026-06-16 14:15:05.600,2026-06-13 11:18:18.810,0.0,0.0,0,mc3,demo1
2026-06-16 14:15:05.625,2026-06-13 11:18:18.810,1.0,1.0,,mc5,demo1
2026-06-16 14:15:05.650,2026-06-13 11:18:18.810,1.0,1.0,,mc1,demo1
2026-06-16 14:15:05.674,2026-06-13 11:13:19.253,1.0,1.0,,mc1,demo1
2026-06-16 14:15:05.716,2026-06-13 11:13:19.253,0.0,0.0,0,mc4,demo1
2026-06-16 14:15:05.750,2026-06-13 11:13:19.253,1.0,1.0,,mc5,demo1
2026-06-16 14:15:05.774,2026-06-13 11:13:19.253,1.0,1.0,,mc6,demo1
2026-06-16 14:15:05.791,2026-06-13 11:13:19.253,0.0,0.0,0,mc3,demo1
2026-06-16 14:15:05.824,2026-06-13 11:13:19.253,1.0,1.0,,mc2,demo1
2026-06-16 14:15:05.850,2026-06-13 11:08:18.670,1.0,1.0,,mc6,demo1
2026-06-16 14:15:05.919,2026-06-13 11:08:18.670,1.0,1.0,,mc1,demo1
2026-06-16 14:15:05.941,2026-06-13 11:08:18.670,1.0,1.0,,mc5,demo1
2026-06-16 14:15:06.009,2026-06-13 11:08:18.670,0.0,0.0,0,mc4,demo1
2026-06-16 14:15:06.026,2026-06-13 11:08:18.670,1.0,1.0,,mc2,demo1
2026-06-16 14:15:06.056,2026-06-13 11:08:18.670,0.0,0.0,0,mc3,demo1
2026-06-16 14:15:06.112,2026-06-13 11:03:18.800,1.0,1.0,,mc6,demo1
2026-06-16 14:15:06.133,2026-06-13 11:03:18.800,1.0,1.0,,mc5,demo1
2026-06-16 14:15:06.161,2026-06-13 11:03:18.800,0.0,0.0,0,mc4,demo1
2026-06-16 14:15:06.175,2026-06-13 11:03:18.800,0.0,0.0,0,mc3,demo1
2026-06-16 14:15:06.209,2026-06-13 11:03:18.800,1.0,1.0,,mc1,demo1
2026-06-16 14:15:06.242,2026-06-13 11:03:18.800,1.0,1.0,,mc2,demo1
2026-06-16 14:15:06.260,2026-06-13 10:58:18.924,0.0,0.0,0,mc3,demo1
2026-06-16 14:15:06.288,2026-06-13 10:58:18.924,0.0,0.0,0,mc4,demo1
2026-06-16 14:15:06.308,2026-06-13 10:58:18.924,1.0,1.0,,mc1,demo1
2026-06-16 14:15:06.333,2026-06-13 10:58:18.924,1.0,1.0,,mc2,demo1
2026-06-16 14:15:06.362,2026-06-13 10:58:18.924,1.0,1.0,,mc6,demo1
2026-06-16 14:15:06.402,2026-06-13 10:58:18.924,1.0,1.0,,mc5,demo1
2026-06-16 14:15:06.433,2026-06-13 10:53:18.322,1.0,1.0,,mc1,demo1
2026-06-16 14:15:06.450,2026-06-13 10:53:18.322,0.0,0.0,0,mc4,demo1
2026-06-16 14:15:06.493,2026-06-13 10:53:18.322,1.0,1.0,,mc5,demo1
2026-06-16 14:15:06.508,2026-06-13 10:53:18.322,1.0,1.0,,mc6,demo1
2026-06-16 14:15:06.524,2026-06-13 10:53:18.322,1.0,1.0,,mc2,demo1
2026-06-16 14:15:06.554,2026-06-13 10:53:18.322,0.0,0.0,0,mc3,demo1
2026-06-16 14:15:06.594,2026-06-13 10:48:19.826,1.0,1.0,,mc5,demo1
2026-06-16 14:15:06.646,2026-06-13 10:48:19.826,1.0,1.0,,mc6,demo1
2026-06-16 14:15:06.675,2026-06-13 10:48:19.826,1.0,1.0,,mc2,demo1
2026-06-16 14:15:06.691,2026-06-13 10:48:19.826,1.0,1.0,,mc1,demo1
2026-06-16 14:15:06.717,2026-06-13 10:48:19.826,0.0,0.0,0,mc3,demo1
2026-06-16 14:15:06.733,2026-06-13 10:48:19.826,0.0,0.0,0,mc4,demo1
2026-06-16 14:15:06.772,2026-06-13 10:43:18.735,1.0,1.0,,mc6,demo1
2026-06-16 14:15:06.813,2026-06-13 10:43:18.735,1.0,1.0,,mc2,demo1
2026-06-16 14:15:06.841,2026-06-13 10:43:18.735,1.0,1.0,,mc1,demo1
2026-06-16 14:15:06.873,2026-06-13 10:43:18.735,0.0,0.0,0,mc3,demo1
2026-06-16 14:15:06.982,2026-06-13 10:43:18.735,1.0,1.0,,mc5,demo1
2026-06-16 14:15:07.135,2026-06-13 10:43:18.735,0.0,0.0,0,mc4,demo1
2026-06-16 14:15:07.158,2026-06-13 10:38:18.652,0.0,0.0,0,mc4,demo1
2026-06-16 14:15:07.181,2026-06-13 10:38:18.652,1.0,1.0,,mc2,demo1
2026-06-16 14:15:07.208,2026-06-13 10:38:18.652,1.0,1.0,,mc5,demo1
2026-06-16 14:15:07.233,2026-06-13 10:38:18.652,1.0,1.0,,mc1,demo1
2026-06-16 14:15:07.275,2026-06-13 10:38:18.652,1.0,1.0,,mc6,demo1
2026-06-16 14:15:07.300,2026-06-13 10:38:18.652,0.0,0.0,0,mc3,demo1
2026-06-16 14:15:07.317,2026-06-13 10:33:20.421,0.0,0.0,0,mc4,demo1
2026-06-16 14:15:07.342,2026-06-13 10:33:20.421,1.0,1.0,,mc1,demo1
2026-06-16 14:15:07.366,2026-06-13 10:33:20.421,1.0,1.0,,mc5,demo1
2026-06-16 14:15:07.402,2026-06-13 10:33:20.421,1.0,1.0,,mc2,demo1
2026-06-16 14:15:07.433,2026-06-13 10:33:20.421,0.0,0.0,0,mc3,demo1
2026-06-16 14:15:07.489,2026-06-13 10:33:20.421,1.0,1.0,,mc6,demo1
2026-06-16 14:15:07.591,2026-06-13 10:28:19.463,0.0,0.0,0,mc3,demo1
2026-06-16 14:15:07.517,2026-06-13 10:28:19.463,0.0,0.0,0,mc4,demo1
2026-06-16 14:15:07.534,2026-06-13 10:28:19.463,1.0,1.0,,mc5,demo1
2026-06-16 14:15:07.550,2026-06-13 10:28:19.463,1.0,1.0,,mc1,demo1
2026-06-16 14:15:07.618,2026-06-13 10:28:19.463,1.0,1.0,,mc6,demo1
2026-06-16 14:15:07.643,2026-06-13 10:28:19.463,1.0,1.0,,mc2,demo1
2026-06-16 14:15:07.883,2026-06-13 10:23:18.915,1.0,1.0,,mc5,demo1
2026-06-16 14:15:07.784,2026-06-13 10:23:18.915,1.0,1.0,,mc6,demo1
2026-06-16 14:15:07.751,2026-06-13 10:23:18.915,1.0,1.0,,mc2,demo1
2026-06-16 14:15:07.668,2026-06-13 10:23:18.915,0.0,0.0,0,mc3,demo1
2026-06-16 14:15:07.726,2026-06-13 10:23:18.915,1.0,1.0,,mc1,demo1
2026-06-16 14:15:07.695,2026-06-13 10:23:18.915,0.0,0.0,0,mc4,demo1
2026-06-16 14:15:08.037,2026-06-13 10:18:19.449,0.0,0.0,0,mc4,demo1
2026-06-16 14:15:08.144,2026-06-13 10:18:19.449,1.0,1.0,,mc6,demo1
2026-06-16 14:15:08.184,2026-06-13 10:18:19.449,1.0,1.0,,mc2,demo1
2026-06-16 14:15:08.246,2026-06-13 10:18:19.449,0.0,0.0,0,mc3,demo1
2026-06-16 14:15:08.266,2026-06-13 10:18:19.449,1.0,1.0,,mc5,demo1
2026-06-16 14:15:08.308,2026-06-13 10:18:19.449,1.0,1.0,,mc1,demo1
2026-06-16 14:15:08.334,2026-06-13 10:13:18.848,1.0,1.0,,mc1,demo1
2026-06-16 14:15:08.367,2026-06-13 10:13:18.848,1.0,1.0,,mc6,demo1
2026-06-16 14:15:08.383,2026-06-13 10:13:18.848,0.0,0.0,0,mc3,demo1
2026-06-16 14:15:08.435,2026-06-13 10:13:18.848,1.0,1.0,,mc5,demo1
2026-06-16 14:15:08.477,2026-06-13 10:13:18.848,0.0,0.0,0,mc4,demo1
2026-06-16 14:15:08.501,2026-06-13 10:13:18.848,1.0,1.0,,mc2,demo1
2026-06-16 14:15:08.543,2026-06-13 10:08:18.458,1.0,1.0,,mc6,demo1
2026-06-16 14:15:08.568,2026-06-13 10:08:18.458,0.0,0.0,0,mc3,demo1
2026-06-16 14:15:08.603,2026-06-13 10:08:18.458,0.0,0.0,0,mc4,demo1
2026-06-16 14:15:08.626,2026-06-13 10:08:18.458,1.0,1.0,,mc1,demo1
2026-06-16 14:15:08.651,2026-06-13 10:08:18.458,1.0,1.0,,mc5,demo1
2026-06-16 14:15:08.684,2026-06-13 10:08:18.458,1.0,1.0,,mc2,demo1
2026-06-16 14:15:08.716,2026-06-13 10:03:19.074,1.0,1.0,,mc5,demo1
2026-06-16 14:15:08.751,2026-06-13 10:03:19.074,1.0,1.0,,mc1,demo1
2026-06-16 14:15:08.775,2026-06-13 10:03:19.074,0.0,0.0,0,mc4,demo1
2026-06-16 14:15:08.791,2026-06-13 10:03:19.074,0.0,0.0,0,mc3,demo1
2026-06-16 14:15:08.808,2026-06-13 10:03:19.074,1.0,1.0,,mc6,demo1
2026-06-16 14:15:08.841,2026-06-13 10:03:19.074,1.0,1.0,,mc2,demo1
2026-06-16 14:15:08.894,2026-06-13 09:58:18.905,0.0,0.0,0,mc3,demo1
2026-06-16 14:15:08.922,2026-06-13 09:58:18.905,1.0,1.0,,mc5,demo1
2026-06-16 14:15:08.950,2026-06-13 09:58:18.905,0.0,0.0,0,mc4,demo1
2026-06-16 14:15:08.966,2026-06-13 09:58:18.905,1.0,1.0,,mc6,demo1
2026-06-16 14:15:09.027,2026-06-13 09:58:18.905,1.0,1.0,,mc2,demo1
2026-06-16 14:15:09.041,2026-06-13 09:58:18.905,1.0,1.0,,mc1,demo1
2026-06-16 14:15:09.142,2026-06-13 09:53:18.952,0.0,0.0,0,mc3,demo1
2026-06-16 14:15:09.058,2026-06-13 09:53:18.952,1.0,1.0,,mc2,demo1
2026-06-16 14:15:09.083,2026-06-13 09:53:18.952,1.0,1.0,,mc5,demo1
2026-06-16 14:15:09.108,2026-06-13 09:53:18.952,0.0,0.0,0,mc4,demo1
2026-06-16 14:15:09.160,2026-06-13 09:53:18.952,1.0,1.0,,mc6,demo1
2026-06-16 14:15:09.208,2026-06-13 09:53:18.952,1.0,1.0,,mc1,demo1
2026-06-16 14:15:09.245,2026-06-13 09:48:19.551,0.0,0.0,0,mc3,demo1
2026-06-16 14:15:09.287,2026-06-13 09:48:19.551,1.0,1.0,,mc1,demo1
2026-06-16 14:15:09.332,2026-06-13 09:48:19.551,1.0,1.0,,mc2,demo1
2026-06-16 14:15:09.359,2026-06-13 09:48:19.551,1.0,1.0,,mc6,demo1
2026-06-16 14:15:09.400,2026-06-13 09:48:19.551,0.0,0.0,0,mc4,demo1
2026-06-16 14:15:09.416,2026-06-13 09:48:19.551,1.0,1.0,,mc5,demo1
2026-06-16 14:15:09.442,2026-06-13 09:43:18.878,0.0,0.0,0,mc4,demo1
2026-06-16 14:15:09.600,2026-06-13 09:43:18.878,1.0,1.0,,mc2,demo1
2026-06-16 14:15:09.643,2026-06-13 09:43:18.878,1.0,1.0,,mc6,demo1
2026-06-16 14:15:09.666,2026-06-13 09:43:18.878,1.0,1.0,,mc1,demo1
2026-06-16 14:15:09.698,2026-06-13 09:43:18.878,0.0,0.0,0,mc3,demo1
2026-06-16 14:15:09.741,2026-06-13 09:43:18.878,1.0,1.0,,mc5,demo1
2026-06-16 14:15:09.758,2026-06-13 09:38:18.413,0.0,0.0,0,mc4,demo1
2026-06-16 14:15:09.783,2026-06-13 09:38:18.413,1.0,1.0,,mc2,demo1
2026-06-16 14:15:09.808,2026-06-13 09:38:18.413,1.0,1.0,,mc5,demo1
2026-06-16 14:15:09.846,2026-06-13 09:38:18.413,1.0,1.0,,mc6,demo1
2026-06-16 14:15:09.867,2026-06-13 09:38:18.413,0.0,0.0,0,mc3,demo1
2026-06-16 14:15:09.887,2026-06-13 09:38:18.413,1.0,1.0,,mc1,demo1
2026-06-16 14:15:09.923,2026-06-13 09:33:18.944,0.0,0.0,0,mc4,demo1
2026-06-16 14:15:09.951,2026-06-13 09:33:18.944,1.0,1.0,,mc5,demo1
2026-06-16 14:15:09.974,2026-06-13 09:33:18.944,1.0,1.0,,mc2,demo1
2026-06-16 14:15:10.017,2026-06-13 09:33:18.944,0.0,0.0,0,mc3,demo1
2026-06-16 14:15:10.057,2026-06-13 09:33:18.944,1.0,1.0,,mc6,demo1
2026-06-16 14:15:10.083,2026-06-13 09:33:18.944,1.0,1.0,,mc1,demo1
2026-06-16 14:15:10.099,2026-06-13 09:28:19.819,0.0,0.0,0,mc4,demo1
2026-06-16 14:15:10.151,2026-06-13 09:28:19.819,1.0,1.0,,mc6,demo1
2026-06-16 14:15:10.174,2026-06-13 09:28:19.819,1.0,1.0,,mc1,demo1
2026-06-16 14:15:10.242,2026-06-13 09:28:19.819,0.0,0.0,0,mc3,demo1
2026-06-16 14:15:10.274,2026-06-13 09:28:19.819,1.0,1.0,,mc5,demo1
2026-06-16 14:15:10.312,2026-06-13 09:28:19.819,1.0,1.0,,mc2,demo1
2026-06-16 14:15:10.333,2026-06-13 09:23:19.044,0.0,0.0,0,mc4,demo1
2026-06-16 14:15:10.362,2026-06-13 09:23:19.044,1.0,1.0,,mc1,demo1
2026-06-16 14:15:10.391,2026-06-13 09:23:19.044,1.0,1.0,,mc6,demo1
2026-06-16 14:15:10.417,2026-06-13 09:23:19.044,0.0,0.0,0,mc3,demo1
2026-06-16 14:15:10.432,2026-06-13 09:23:19.044,1.0,1.0,,mc2,demo1
2026-06-16 14:15:10.534,2026-06-13 09:23:19.044,1.0,1.0,,mc5,demo1
2026-06-16 14:15:10.563,2026-06-13 09:18:18.072,0.0,0.0,0,mc3,demo1
2026-06-16 14:15:10.683,2026-06-13 09:18:18.072,1.0,1.0,,mc5,demo1
2026-06-16 14:15:10.667,2026-06-13 09:18:18.072,1.0,1.0,,mc6,demo1
2026-06-16 14:15:10.650,2026-06-13 09:18:18.072,1.0,1.0,,mc2,demo1
2026-06-16 14:15:10.616,2026-06-13 09:18:18.072,0.0,0.0,0,mc4,demo1
2026-06-16 14:15:10.591,2026-06-13 09:18:18.072,1.0,1.0,,mc1,demo1
2026-06-16 14:15:10.708,2026-06-13 09:13:18.575,1.0,1.0,,mc1,demo1
2026-06-16 14:15:10.744,2026-06-13 09:13:18.575,0.0,0.0,0,mc4,demo1
2026-06-16 14:15:10.774,2026-06-13 09:13:18.575,1.0,1.0,,mc2,demo1
2026-06-16 14:15:10.800,2026-06-13 09:13:18.575,0.0,0.0,0,mc3,demo1
2026-06-16 14:15:10.825,2026-06-13 09:13:18.575,1.0,1.0,,mc6,demo1
2026-06-16 14:15:10.875,2026-06-13 09:13:18.575,1.0,1.0,,mc5,demo1
2026-06-16 14:15:10.910,2026-06-13 09:08:18.944,1.0,1.0,,mc1,demo1
2026-06-16 14:15:10.933,2026-06-13 09:08:18.944,0.0,0.0,0,mc4,demo1
2026-06-16 14:15:10.960,2026-06-13 09:08:18.944,0.0,0.0,0,mc3,demo1
2026-06-16 14:15:11.109,2026-06-13 09:08:18.944,1.0,1.0,,mc5,demo1
2026-06-16 14:15:11.226,2026-06-13 09:08:18.944,1.0,1.0,,mc6,demo1
2026-06-16 14:15:11.250,2026-06-13 09:08:18.944,1.0,1.0,,mc2,demo1
2026-06-16 14:15:11.278,2026-06-13 09:03:18.367,1.0,1.0,,mc6,demo1
2026-06-16 14:15:11.330,2026-06-13 09:03:18.367,1.0,1.0,,mc1,demo1
2026-06-16 14:15:11.356,2026-06-13 09:03:18.367,0.0,0.0,0,mc3,demo1
2026-06-16 14:15:11.387,2026-06-13 09:03:18.367,1.0,1.0,,mc5,demo1
2026-06-16 14:15:11.414,2026-06-13 09:03:18.367,0.0,0.0,0,mc4,demo1
2026-06-16 14:15:11.441,2026-06-13 09:03:18.367,1.0,1.0,,mc2,demo1
2026-06-16 14:15:11.466,2026-06-13 08:58:19.099,1.0,1.0,,mc2,demo1
2026-06-16 14:15:11.526,2026-06-13 08:58:19.099,1.0,1.0,,mc5,demo1
2026-06-16 14:15:11.549,2026-06-13 08:58:19.099,1.0,1.0,,mc1,demo1
2026-06-16 14:15:11.566,2026-06-13 08:58:19.099,1.0,1.0,,mc6,demo1
2026-06-16 14:15:11.605,2026-06-13 08:58:19.099,0.0,0.0,0,mc4,demo1
2026-06-16 14:15:11.633,2026-06-13 08:58:19.099,0.0,0.0,0,mc3,demo1
2026-06-16 14:15:11.668,2026-06-13 08:53:18.976,1.0,1.0,,mc5,demo1
2026-06-16 14:15:11.692,2026-06-13 08:53:18.976,1.0,1.0,,mc2,demo1
2026-06-16 14:15:11.900,2026-06-13 08:53:18.976,0.0,0.0,0,mc3,demo1
2026-06-16 14:15:11.925,2026-06-13 08:53:18.976,1.0,1.0,,mc6,demo1
2026-06-16 14:15:11.949,2026-06-13 08:53:18.976,0.0,0.0,0,mc4,demo1
2026-06-16 14:15:11.966,2026-06-13 08:53:18.976,1.0,1.0,,mc1,demo1
2026-06-16 14:15:11.975,2026-06-13 08:48:19.270,1.0,1.0,,mc6,demo1
2026-06-16 14:15:12.027,2026-06-13 08:48:19.270,0.0,0.0,0,mc3,demo1
2026-06-16 14:15:12.050,2026-06-13 08:48:19.270,0.0,0.0,0,mc4,demo1
2026-06-16 14:15:12.066,2026-06-13 08:48:19.270,1.0,1.0,,mc5,demo1
2026-06-16 14:15:12.113,2026-06-13 08:48:19.270,1.0,1.0,,mc2,demo1
2026-06-16 14:15:12.139,2026-06-13 08:48:19.270,1.0,1.0,,mc1,demo1
2026-06-16 14:15:12.175,2026-06-13 08:43:18.613,1.0,1.0,,mc5,demo1
2026-06-16 14:15:12.191,2026-06-13 08:43:18.613,0.0,0.0,0,mc3,demo1
2026-06-16 14:15:12.225,2026-06-13 08:43:18.613,1.0,1.0,,mc2,demo1
2026-06-16 14:15:12.241,2026-06-13 08:43:18.613,1.0,1.0,,mc1,demo1
2026-06-16 14:15:12.266,2026-06-13 08:43:18.613,0.0,0.0,0,mc4,demo1
2026-06-16 14:15:12.291,2026-06-13 08:43:18.613,1.0,1.0,,mc6,demo1
2026-06-16 14:15:12.343,2026-06-13 08:38:18.800,1.0,1.0,,mc2,demo1
2026-06-16 14:15:12.358,2026-06-13 08:38:18.800,1.0,1.0,,mc5,demo1
2026-06-16 14:15:12.383,2026-06-13 08:38:18.800,1.0,1.0,,mc1,demo1
2026-06-16 14:15:12.404,2026-06-13 08:38:18.800,0.0,0.0,0,mc3,demo1
2026-06-16 14:15:12.420,2026-06-13 08:38:18.800,1.0,1.0,,mc6,demo1
2026-06-16 14:15:12.441,2026-06-13 08:38:18.800,0.0,0.0,0,mc4,demo1
2026-06-16 14:15:12.467,2026-06-13 08:33:18.765,0.0,0.0,0,mc6,demo1
2026-06-16 14:15:12.527,2026-06-13 08:33:18.765,0.0,0.0,0,mc1,demo1
2026-06-16 14:15:12.630,2026-06-13 08:33:18.765,0.0,0.0,0,mc5,demo1
2026-06-16 14:15:12.719,2026-06-13 08:33:18.765,0.0,0.0,0,mc4,demo1
2026-06-16 14:15:12.858,2026-06-13 08:33:18.765,0.0,0.0,0,mc2,demo1
2026-06-16 14:15:12.882,2026-06-13 08:33:18.765,0.0,0.0,0,mc3,demo1
2026-06-16 14:15:12.917,2026-06-13 08:28:18.515,0.0,0.0,0,mc1,demo1
2026-06-16 14:15:12.941,2026-06-13 08:28:18.515,0.0,0.0,0,mc5,demo1
2026-06-16 14:15:12.974,2026-06-13 08:28:18.515,0.0,0.0,0,mc4,demo1
2026-06-16 14:15:13.018,2026-06-13 08:28:18.515,0.0,0.0,0,mc3,demo1
2026-06-16 14:15:13.192,2026-06-13 08:28:18.515,0.0,0.0,0,mc6,demo1
2026-06-16 14:15:13.247,2026-06-13 08:28:18.515,0.0,0.0,0,mc2,demo1
2026-06-16 14:15:13.404,2026-06-13 08:23:18.373,0.0,0.0,0,mc2,demo1
2026-06-16 14:15:13.514,2026-06-13 08:23:18.373,0.0,0.0,0,mc4,demo1
2026-06-16 14:15:13.587,2026-06-13 08:23:18.373,0.0,0.0,0,mc3,demo1
2026-06-16 14:15:13.658,2026-06-13 08:23:18.373,0.0,0.0,0,mc6,demo1
2026-06-16 14:15:13.852,2026-06-13 08:23:18.373,0.0,0.0,0,mc1,demo1
2026-06-16 14:15:13.879,2026-06-13 08:23:18.373,0.0,0.0,0,mc5,demo1
2026-06-16 14:15:13.929,2026-06-13 08:18:20.402,0.0,0.0,0,mc4,demo1
2026-06-16 14:15:13.958,2026-06-13 08:18:20.402,0.0,0.0,0,mc5,demo1
2026-06-16 14:15:13.983,2026-06-13 08:18:20.402,0.0,0.0,0,mc6,demo1
2026-06-16 14:15:14.033,2026-06-13 08:18:20.402,0.0,0.0,0,mc1,demo1
2026-06-16 14:15:14.066,2026-06-13 08:18:20.402,0.0,0.0,0,mc3,demo1
2026-06-16 14:15:14.083,2026-06-13 08:18:20.402,0.0,0.0,0,mc2,demo1
2026-06-16 14:15:14.208,2026-06-13 08:13:18.367,0.0,0.0,0,mc5,demo1
2026-06-16 14:15:14.099,2026-06-13 08:13:18.367,0.0,0.0,0,mc4,demo1
2026-06-16 14:15:14.116,2026-06-13 08:13:18.367,0.0,0.0,0,mc3,demo1
2026-06-16 14:15:14.160,2026-06-13 08:13:18.367,0.0,0.0,0,mc1,demo1
2026-06-16 14:15:14.191,2026-06-13 08:13:18.367,0.0,0.0,0,mc2,demo1
2026-06-16 14:15:14.251,2026-06-13 08:13:18.367,0.0,0.0,0,mc6,demo1
2026-06-16 14:15:14.307,2026-06-13 08:08:18.843,0.0,0.0,0,mc4,demo1
2026-06-16 14:15:14.348,2026-06-13 08:08:18.843,0.0,0.0,0,mc6,demo1
2026-06-16 14:15:14.366,2026-06-13 08:08:18.843,0.0,0.0,0,mc2,demo1
2026-06-16 14:15:14.390,2026-06-13 08:08:18.843,0.0,0.0,0,mc5,demo1
2026-06-16 14:15:14.408,2026-06-13 08:08:18.843,0.0,0.0,0,mc3,demo1
2026-06-16 14:15:14.275,2026-06-13 08:08:18.843,0.0,0.0,0,mc1,demo1
2026-06-16 14:15:14.526,2026-06-13 08:03:18.447,0.0,0.0,0,mc4,demo1
2026-06-16 14:15:14.556,2026-06-13 08:03:18.447,0.0,0.0,0,mc2,demo1
2026-06-16 14:15:14.575,2026-06-13 08:03:18.447,0.0,0.0,0,mc5,demo1
2026-06-16 14:15:14.458,2026-06-13 08:03:18.447,0.0,0.0,0,mc6,demo1
2026-06-16 14:15:14.433,2026-06-13 08:03:18.447,0.0,0.0,0,mc1,demo1
2026-06-16 14:15:14.475,2026-06-13 08:03:18.447,0.0,0.0,0,mc3,demo1
2026-06-16 14:15:14.733,2026-06-13 07:58:18.787,0.0,0.0,0,mc5,demo1
2026-06-16 14:15:14.600,2026-06-13 07:58:18.787,0.0,0.0,0,mc1,demo1
2026-06-16 14:15:14.626,2026-06-13 07:58:18.787,0.0,0.0,0,mc3,demo1
2026-06-16 14:15:14.657,2026-06-13 07:58:18.787,0.0,0.0,0,mc6,demo1
2026-06-16 14:15:14.709,2026-06-13 07:58:18.787,0.0,0.0,0,mc4,demo1
2026-06-16 14:15:14.684,2026-06-13 07:58:18.787,0.0,0.0,0,mc2,demo1
2026-06-16 14:15:14.851,2026-06-13 07:53:18.393,0.0,0.0,0,mc5,demo1
2026-06-16 14:15:14.760,2026-06-13 07:53:18.393,0.0,0.0,0,mc3,demo1
2026-06-16 14:15:14.968,2026-06-13 07:53:18.393,0.0,0.0,0,mc1,demo1
2026-06-16 14:15:14.921,2026-06-13 07:53:18.393,0.0,0.0,0,mc4,demo1
2026-06-16 14:15:14.891,2026-06-13 07:53:18.393,0.0,0.0,0,mc6,demo1
2026-06-16 14:15:14.823,2026-06-13 07:53:18.393,0.0,0.0,0,mc2,demo1
2026-06-16 14:15:15.033,2026-06-13 07:48:18.312,0.0,0.0,0,mc4,demo1
2026-06-16 14:15:15.159,2026-06-13 07:48:18.312,0.0,0.0,0,mc3,demo1
2026-06-16 14:15:15.133,2026-06-13 07:48:18.312,0.0,0.0,0,mc2,demo1
2026-06-16 14:15:15.117,2026-06-13 07:48:18.312,0.0,0.0,0,mc6,demo1
2026-06-16 14:15:15.067,2026-06-13 07:48:18.312,0.0,0.0,0,mc1,demo1
2026-06-16 14:15:15.008,2026-06-13 07:48:18.312,0.0,0.0,0,mc5,demo1
2026-06-16 14:15:15.210,2026-06-13 07:43:18.871,0.0,0.0,0,mc1,demo1
2026-06-16 14:15:15.245,2026-06-13 07:43:18.871,0.0,0.0,0,mc2,demo1
2026-06-16 14:15:15.275,2026-06-13 07:43:18.871,0.0,0.0,0,mc3,demo1
2026-06-16 14:15:15.291,2026-06-13 07:43:18.871,0.0,0.0,0,mc5,demo1
2026-06-16 14:15:15.309,2026-06-13 07:43:18.871,0.0,0.0,0,mc6,demo1
2026-06-16 14:15:15.192,2026-06-13 07:43:18.871,0.0,0.0,0,mc4,demo1
2026-06-16 14:15:15.333,2026-06-13 07:38:18.619,0.0,0.0,0,mc4,demo1
2026-06-16 14:15:15.375,2026-06-13 07:38:18.619,0.0,0.0,0,mc2,demo1
2026-06-16 14:15:15.402,2026-06-13 07:38:18.619,0.0,0.0,0,mc6,demo1
2026-06-16 14:15:15.458,2026-06-13 07:38:18.619,0.0,0.0,0,mc1,demo1
2026-06-16 14:15:15.510,2026-06-13 07:38:18.619,0.0,0.0,0,mc5,demo1
2026-06-16 14:15:15.349,2026-06-13 07:38:18.619,0.0,0.0,0,mc3,demo1
2026-06-16 14:15:15.545,2026-06-13 07:33:18.576,0.0,0.0,0,mc6,demo1
2026-06-16 14:15:15.682,2026-06-13 07:33:18.576,0.0,0.0,0,mc1,demo1
2026-06-16 14:15:15.637,2026-06-13 07:33:18.576,0.0,0.0,0,mc4,demo1
2026-06-16 14:15:15.604,2026-06-13 07:33:18.576,0.0,0.0,0,mc2,demo1
2026-06-16 14:15:15.566,2026-06-13 07:33:18.576,0.0,0.0,0,mc3,demo1
2026-06-16 14:15:15.716,2026-06-13 07:33:18.576,0.0,0.0,0,mc5,demo1
2026-06-16 14:15:15.817,2026-06-13 07:28:18.970,0.0,0.0,0,mc6,demo1
2026-06-16 14:15:15.747,2026-06-13 07:28:18.970,0.0,0.0,0,mc3,demo1
2026-06-16 14:15:15.787,2026-06-13 07:28:18.970,0.0,0.0,0,mc2,demo1
2026-06-16 14:15:15.841,2026-06-13 07:28:18.970,0.0,0.0,0,mc1,demo1
2026-06-16 14:15:15.911,2026-06-13 07:28:18.970,0.0,0.0,0,mc4,demo1
2026-06-16 14:15:15.950,2026-06-13 07:28:18.970,0.0,0.0,0,mc5,demo1
2026-06-16 14:15:15.991,2026-06-13 07:23:18.745,0.0,0.0,0,mc3,demo1
2026-06-16 14:15:16.046,2026-06-13 07:23:18.745,0.0,0.0,0,mc5,demo1
2026-06-16 14:15:16.071,2026-06-13 07:23:18.745,0.0,0.0,0,mc4,demo1
2026-06-16 14:15:16.126,2026-06-13 07:23:18.745,0.0,0.0,0,mc6,demo1
2026-06-16 14:15:16.269,2026-06-13 07:23:18.745,0.0,0.0,0,mc2,demo1
2026-06-16 14:15:16.295,2026-06-13 07:23:18.745,0.0,0.0,0,mc1,demo1
2026-06-16 14:15:16.476,2026-06-13 07:18:19.071,0.0,0.0,0,mc4,demo1
2026-06-16 14:15:16.328,2026-06-13 07:18:19.071,0.0,0.0,0,mc3,demo1
2026-06-16 14:15:16.366,2026-06-13 07:18:19.071,0.0,0.0,0,mc6,demo1
2026-06-16 14:15:16.398,2026-06-13 07:18:19.071,0.0,0.0,0,mc2,demo1
2026-06-16 14:15:16.425,2026-06-13 07:18:19.071,0.0,0.0,0,mc1,demo1
2026-06-16 14:15:16.524,2026-06-13 07:18:19.071,0.0,0.0,0,mc5,demo1
2026-06-16 14:15:16.720,2026-06-13 07:13:18.466,0.0,0.0,0,mc3,demo1
2026-06-16 14:15:16.541,2026-06-13 07:13:18.466,0.0,0.0,0,mc5,demo1
2026-06-16 14:15:16.558,2026-06-13 07:13:18.466,0.0,0.0,0,mc1,demo1
2026-06-16 14:15:16.590,2026-06-13 07:13:18.466,0.0,0.0,0,mc4,demo1
2026-06-16 14:15:16.675,2026-06-13 07:13:18.466,0.0,0.0,0,mc6,demo1
2026-06-16 14:15:16.750,2026-06-13 07:13:18.466,0.0,0.0,0,mc2,demo1
2026-06-16 14:15:16.976,2026-06-13 07:08:18.323,0.0,0.0,0,mc6,demo1
2026-06-16 14:15:16.780,2026-06-13 07:08:18.323,0.0,0.0,0,mc5,demo1
2026-06-16 14:15:16.810,2026-06-13 07:08:18.323,0.0,0.0,0,mc4,demo1
2026-06-16 14:15:16.865,2026-06-13 07:08:18.323,0.0,0.0,0,mc3,demo1
2026-06-16 14:15:16.890,2026-06-13 07:08:18.323,0.0,0.0,0,mc1,demo1
2026-06-16 14:15:17.014,2026-06-13 07:08:18.323,0.0,0.0,0,mc2,demo1
2026-06-16 14:15:17.233,2026-06-13 07:03:19.930,0.0,0.0,0,mc4,demo1
2026-06-16 14:15:17.033,2026-06-13 07:03:19.930,0.0,0.0,0,mc6,demo1
2026-06-16 14:15:17.083,2026-06-13 07:03:19.930,0.0,0.0,0,mc5,demo1
2026-06-16 14:15:17.132,2026-06-13 07:03:19.930,0.0,0.0,0,mc1,demo1
2026-06-16 14:15:17.181,2026-06-13 07:03:19.930,0.0,0.0,0,mc2,demo1
2026-06-16 14:15:17.206,2026-06-13 07:03:19.930,0.0,0.0,0,mc3,demo1
2026-06-16 14:15:17.444,2026-06-13 06:58:19.003,0.0,0.0,0,mc5,demo1
2026-06-16 14:15:17.272,2026-06-13 06:58:19.003,0.0,0.0,0,mc4,demo1
2026-06-16 14:15:17.299,2026-06-13 06:58:19.003,0.0,0.0,0,mc2,demo1
2026-06-16 14:15:17.320,2026-06-13 06:58:19.003,0.0,0.0,0,mc3,demo1
2026-06-16 14:15:17.341,2026-06-13 06:58:19.003,0.0,0.0,0,mc1,demo1
2026-06-16 14:15:17.379,2026-06-13 06:58:19.003,0.0,0.0,0,mc6,demo1
2026-06-16 14:15:17.785,2026-06-13 06:53:18.279,0.0,0.0,0,mc6,demo1
2026-06-16 14:15:17.471,2026-06-13 06:53:18.279,0.0,0.0,0,mc4,demo1
2026-06-16 14:15:17.524,2026-06-13 06:53:18.279,0.0,0.0,0,mc2,demo1
2026-06-16 14:15:17.579,2026-06-13 06:53:18.279,0.0,0.0,0,mc3,demo1
2026-06-16 14:15:17.626,2026-06-13 06:53:18.279,0.0,0.0,0,mc1,demo1
2026-06-16 14:15:17.859,2026-06-13 06:53:18.279,0.0,0.0,0,mc5,demo1
2026-06-16 14:15:18.066,2026-06-13 06:48:18.658,0.0,0.0,0,mc4,demo1
2026-06-16 14:15:17.892,2026-06-13 06:48:18.658,0.0,0.0,0,mc3,demo1
2026-06-16 14:15:17.921,2026-06-13 06:48:18.658,0.0,0.0,0,mc2,demo1
2026-06-16 14:15:17.971,2026-06-13 06:48:18.658,0.0,0.0,0,mc5,demo1
2026-06-16 14:15:18.037,2026-06-13 06:48:18.658,0.0,0.0,0,mc1,demo1
2026-06-16 14:15:18.092,2026-06-13 06:48:18.658,0.0,0.0,0,mc6,demo1
2026-06-16 14:15:18.306,2026-06-13 06:43:19.641,0.0,0.0,0,mc5,demo1
2026-06-16 14:15:18.116,2026-06-13 06:43:19.641,0.0,0.0,0,mc2,demo1
2026-06-16 14:15:18.204,2026-06-13 06:43:19.641,0.0,0.0,0,mc4,demo1
2026-06-16 14:15:18.241,2026-06-13 06:43:19.641,0.0,0.0,0,mc6,demo1
2026-06-16 14:15:18.283,2026-06-13 06:43:19.641,0.0,0.0,0,mc3,demo1
2026-06-16 14:15:18.345,2026-06-13 06:43:19.641,0.0,0.0,0,mc1,demo1
2026-06-16 14:15:18.408,2026-06-13 06:38:18.770,0.0,0.0,0,mc2,demo1
2026-06-16 14:15:18.487,2026-06-13 06:38:18.770,0.0,0.0,0,mc1,demo1
2026-06-16 14:15:18.450,2026-06-13 06:38:18.770,0.0,0.0,0,mc5,demo1
2026-06-16 14:15:18.366,2026-06-13 06:38:18.770,0.0,0.0,0,mc4,demo1
2026-06-16 14:15:18.522,2026-06-13 06:38:18.770,0.0,0.0,0,mc6,demo1
2026-06-16 14:15:18.506,2026-06-13 06:38:18.770,0.0,0.0,0,mc3,demo1
2026-06-16 14:15:18.650,2026-06-13 06:33:18.869,0.0,0.0,0,mc3,demo1
2026-06-16 14:15:18.697,2026-06-13 06:33:18.869,0.0,0.0,0,mc5,demo1
2026-06-16 14:15:18.672,2026-06-13 06:33:18.869,0.0,0.0,0,mc4,demo1
2026-06-16 14:15:18.606,2026-06-13 06:33:18.869,0.0,0.0,0,mc1,demo1
2026-06-16 14:15:18.594,2026-06-13 06:33:18.869,0.0,0.0,0,mc6,demo1
2026-06-16 14:15:18.561,2026-06-13 06:33:18.869,0.0,0.0,0,mc2,demo1
2026-06-16 14:15:18.873,2026-06-13 06:28:18.711,0.0,0.0,0,mc2,demo1
2026-06-16 14:15:18.731,2026-06-13 06:28:18.711,0.0,0.0,0,mc6,demo1
2026-06-16 14:15:18.756,2026-06-13 06:28:18.711,0.0,0.0,0,mc4,demo1
2026-06-16 14:15:18.781,2026-06-13 06:28:18.711,0.0,0.0,0,mc3,demo1
2026-06-16 14:15:18.808,2026-06-13 06:28:18.711,0.0,0.0,0,mc1,demo1
2026-06-16 14:15:18.845,2026-06-13 06:28:18.711,0.0,0.0,0,mc5,demo1
2026-06-16 14:15:19.023,2026-06-13 06:23:18.818,0.0,0.0,0,mc3,demo1
2026-06-16 14:15:18.897,2026-06-13 06:23:18.818,0.0,0.0,0,mc2,demo1
2026-06-16 14:15:18.944,2026-06-13 06:23:18.818,0.0,0.0,0,mc4,demo1
2026-06-16 14:15:18.972,2026-06-13 06:23:18.818,0.0,0.0,0,mc1,demo1
2026-06-16 14:15:19.003,2026-06-13 06:23:18.818,0.0,0.0,0,mc6,demo1
2026-06-16 14:15:19.047,2026-06-13 06:23:18.818,0.0,0.0,0,mc5,demo1
2026-06-16 14:15:19.231,2026-06-13 06:18:18.501,0.0,0.0,0,mc1,demo1
2026-06-16 14:15:19.093,2026-06-13 06:18:18.501,0.0,0.0,0,mc2,demo1
2026-06-16 14:15:19.120,2026-06-13 06:18:18.501,0.0,0.0,0,mc3,demo1
2026-06-16 14:15:19.148,2026-06-13 06:18:18.501,0.0,0.0,0,mc5,demo1
2026-06-16 14:15:19.214,2026-06-13 06:18:18.501,0.0,0.0,0,mc6,demo1
2026-06-16 14:15:19.247,2026-06-13 06:18:18.501,0.0,0.0,0,mc4,demo1
2026-06-16 14:15:19.423,2026-06-13 06:13:18.540,0.0,0.0,0,mc1,demo1
2026-06-16 14:15:19.273,2026-06-13 06:13:18.540,0.0,0.0,0,mc6,demo1
2026-06-16 14:15:19.308,2026-06-13 06:13:18.540,0.0,0.0,0,mc5,demo1
2026-06-16 14:15:19.353,2026-06-13 06:13:18.540,0.0,0.0,0,mc4,demo1
2026-06-16 14:15:19.397,2026-06-13 06:13:18.540,0.0,0.0,0,mc2,demo1
2026-06-16 14:15:19.446,2026-06-13 06:13:18.540,0.0,0.0,0,mc3,demo1
2026-06-16 14:15:19.515,2026-06-13 06:08:19.076,0.0,0.0,0,mc6,demo1
2026-06-16 14:15:19.470,2026-06-13 06:08:19.076,0.0,0.0,0,mc1,demo1
2026-06-16 14:15:19.489,2026-06-13 06:08:19.076,0.0,0.0,0,mc4,demo1
2026-06-16 14:15:19.538,2026-06-13 06:08:19.076,0.0,0.0,0,mc3,demo1
2026-06-16 14:15:19.556,2026-06-13 06:08:19.076,0.0,0.0,0,mc2,demo1
2026-06-16 14:15:19.573,2026-06-13 06:08:19.076,0.0,0.0,0,mc5,demo1
2026-06-16 14:15:19.716,2026-06-13 06:03:18.659,0.0,0.0,0,mc5,demo1
2026-06-16 14:15:19.608,2026-06-13 06:03:18.659,0.0,0.0,0,mc2,demo1
2026-06-16 14:15:19.630,2026-06-13 06:03:18.659,0.0,0.0,0,mc6,demo1
2026-06-16 14:15:19.659,2026-06-13 06:03:18.659,0.0,0.0,0,mc1,demo1
2026-06-16 14:15:19.680,2026-06-13 06:03:18.659,0.0,0.0,0,mc4,demo1
2026-06-16 14:15:19.697,2026-06-13 06:03:18.659,0.0,0.0,0,mc3,demo1
2026-06-16 14:15:19.814,2026-06-13 05:58:18.668,0.0,0.0,0,mc5,demo1
2026-06-16 14:15:19.739,2026-06-13 05:58:18.668,0.0,0.0,0,mc4,demo1
2026-06-16 14:15:19.756,2026-06-13 05:58:18.668,0.0,0.0,0,mc2,demo1
2026-06-16 14:15:19.777,2026-06-13 05:58:18.668,0.0,0.0,0,mc6,demo1
2026-06-16 14:15:19.791,2026-06-13 05:58:18.668,0.0,0.0,0,mc3,demo1
2026-06-16 14:15:19.851,2026-06-13 05:58:18.668,0.0,0.0,0,mc1,demo1
2026-06-16 14:15:19.981,2026-06-13 05:53:20.315,0.0,0.0,0,mc1,demo1
2026-06-16 14:15:19.897,2026-06-13 05:53:20.315,0.0,0.0,0,mc4,demo1
2026-06-16 14:15:19.914,2026-06-13 05:53:20.315,0.0,0.0,0,mc2,demo1
2026-06-16 14:15:19.948,2026-06-13 05:53:20.315,0.0,0.0,0,mc6,demo1
2026-06-16 14:15:19.964,2026-06-13 05:53:20.315,0.0,0.0,0,mc3,demo1
2026-06-16 14:15:19.997,2026-06-13 05:53:20.315,0.0,0.0,0,mc5,demo1
2026-06-16 14:15:20.099,2026-06-13 05:48:18.612,0.0,0.0,0,mc1,demo1
2026-06-16 14:15:20.014,2026-06-13 05:48:18.612,0.0,0.0,0,mc2,demo1
2026-06-16 14:15:20.032,2026-06-13 05:48:18.612,0.0,0.0,0,mc6,demo1
2026-06-16 14:15:20.131,2026-06-13 05:48:18.612,0.0,0.0,0,mc3,demo1
2026-06-16 14:15:20.065,2026-06-13 05:48:18.612,0.0,0.0,0,mc5,demo1
2026-06-16 14:15:20.114,2026-06-13 05:48:18.612,0.0,0.0,0,mc4,demo1
2026-06-16 14:15:20.223,2026-06-13 05:43:18.897,0.0,0.0,0,mc2,demo1
2026-06-16 14:15:20.147,2026-06-13 05:43:18.897,0.0,0.0,0,mc5,demo1
2026-06-16 14:15:20.191,2026-06-13 05:43:18.897,0.0,0.0,0,mc3,demo1
2026-06-16 14:15:20.243,2026-06-13 05:43:18.897,0.0,0.0,0,mc4,demo1
2026-06-16 14:15:20.256,2026-06-13 05:43:18.897,0.0,0.0,0,mc1,demo1
2026-06-16 14:15:20.292,2026-06-13 05:43:18.897,0.0,0.0,0,mc6,demo1
2026-06-16 14:15:20.471,2026-06-13 05:38:18.465,0.0,0.0,0,mc1,demo1
2026-06-16 14:15:20.314,2026-06-13 05:38:18.465,0.0,0.0,0,mc3,demo1
2026-06-16 14:15:20.348,2026-06-13 05:38:18.465,0.0,0.0,0,mc2,demo1
2026-06-16 14:15:20.379,2026-06-13 05:38:18.465,0.0,0.0,0,mc4,demo1
2026-06-16 14:15:20.413,2026-06-13 05:38:18.465,0.0,0.0,0,mc5,demo1
2026-06-16 14:15:20.441,2026-06-13 05:38:18.465,0.0,0.0,0,mc6,demo1
2026-06-16 14:15:20.598,2026-06-13 05:33:18.819,0.0,0.0,0,mc6,demo1
2026-06-16 14:15:20.497,2026-06-13 05:33:18.819,0.0,0.0,0,mc2,demo1
2026-06-16 14:15:20.514,2026-06-13 05:33:18.819,0.0,0.0,0,mc5,demo1
2026-06-16 14:15:20.531,2026-06-13 05:33:18.819,0.0,0.0,0,mc1,demo1
2026-06-16 14:15:20.569,2026-06-13 05:33:18.819,0.0,0.0,0,mc4,demo1
2026-06-16 14:15:20.623,2026-06-13 05:33:18.819,0.0,0.0,0,mc3,demo1
2026-06-16 14:15:20.768,2026-06-13 05:28:18.682,0.0,0.0,0,mc4,demo1
2026-06-16 14:15:20.648,2026-06-13 05:28:18.682,0.0,0.0,0,mc1,demo1
2026-06-16 14:15:20.673,2026-06-13 05:28:18.682,0.0,0.0,0,mc2,demo1
2026-06-16 14:15:20.709,2026-06-13 05:28:18.682,0.0,0.0,0,mc6,demo1
2026-06-16 14:15:20.732,2026-06-13 05:28:18.682,0.0,0.0,0,mc5,demo1
2026-06-16 14:15:20.789,2026-06-13 05:28:18.682,0.0,0.0,0,mc3,demo1
2026-06-16 14:15:20.964,2026-06-13 05:23:19.009,0.0,0.0,0,mc1,demo1
2026-06-16 14:15:20.827,2026-06-13 05:23:19.009,0.0,0.0,0,mc3,demo1
2026-06-16 14:15:20.857,2026-06-13 05:23:19.009,0.0,0.0,0,mc6,demo1
2026-06-16 14:15:20.881,2026-06-13 05:23:19.009,0.0,0.0,0,mc2,demo1
2026-06-16 14:15:20.907,2026-06-13 05:23:19.009,0.0,0.0,0,mc5,demo1
2026-06-16 14:15:20.988,2026-06-13 05:23:19.009,0.0,0.0,0,mc4,demo1
2026-06-16 14:15:21.064,2026-06-13 05:18:18.934,0.0,0.0,0,mc2,demo1
2026-06-16 14:15:21.014,2026-06-13 05:18:18.934,0.0,0.0,0,mc1,demo1
2026-06-16 14:15:21.047,2026-06-13 05:18:18.934,0.0,0.0,0,mc6,demo1
2026-06-16 14:15:21.082,2026-06-13 05:18:18.934,0.0,0.0,0,mc5,demo1
2026-06-16 14:15:21.138,2026-06-13 05:18:18.934,0.0,0.0,0,mc3,demo1
2026-06-16 14:15:21.156,2026-06-13 05:18:18.934,0.0,0.0,0,mc4,demo1
2026-06-16 14:15:21.423,2026-06-13 05:13:19.003,0.0,0.0,0,mc5,demo1
2026-06-16 14:15:21.211,2026-06-13 05:13:19.003,0.0,0.0,0,mc4,demo1
2026-06-16 14:15:21.481,2026-06-13 05:13:19.003,0.0,0.0,0,mc1,demo1
2026-06-16 14:15:21.519,2026-06-13 05:13:19.003,0.0,0.0,0,mc6,demo1
2026-06-16 14:15:21.498,2026-06-13 05:13:19.003,0.0,0.0,0,mc3,demo1
2026-06-16 14:15:21.448,2026-06-13 05:13:19.003,0.0,0.0,0,mc2,demo1
2026-06-16 14:15:21.559,2026-06-13 05:08:18.954,0.0,0.0,0,mc3,demo1
2026-06-16 14:15:21.681,2026-06-13 05:08:18.954,0.0,0.0,0,mc6,demo1
2026-06-16 14:15:21.664,2026-06-13 05:08:18.954,0.0,0.0,0,mc4,demo1
2026-06-16 14:15:21.640,2026-06-13 05:08:18.954,0.0,0.0,0,mc1,demo1
2026-06-16 14:15:21.620,2026-06-13 05:08:18.954,0.0,0.0,0,mc2,demo1
2026-06-16 14:15:21.581,2026-06-13 05:08:18.954,0.0,0.0,0,mc5,demo1
2026-06-16 14:15:21.721,2026-06-13 05:03:18.304,0.0,0.0,0,mc4,demo1
2026-06-16 14:15:21.697,2026-06-13 05:03:18.304,0.0,0.0,0,mc1,demo1
2026-06-16 14:15:21.850,2026-06-13 05:03:18.304,0.0,0.0,0,mc5,demo1
2026-06-16 14:15:21.815,2026-06-13 05:03:18.304,0.0,0.0,0,mc2,demo1
2026-06-16 14:15:21.782,2026-06-13 05:03:18.304,0.0,0.0,0,mc6,demo1
2026-06-16 14:15:21.749,2026-06-13 05:03:18.304,0.0,0.0,0,mc3,demo1
2026-06-16 14:15:22.068,2026-06-13 04:58:18.934,0.0,0.0,0,mc6,demo1
2026-06-16 14:15:21.871,2026-06-13 04:58:18.934,0.0,0.0,0,mc1,demo1
2026-06-16 14:15:21.889,2026-06-13 04:58:18.934,0.0,0.0,0,mc3,demo1
2026-06-16 14:15:21.927,2026-06-13 04:58:18.934,0.0,0.0,0,mc5,demo1
2026-06-16 14:15:21.974,2026-06-13 04:58:18.934,0.0,0.0,0,mc4,demo1
2026-06-16 14:15:22.017,2026-06-13 04:58:18.934,0.0,0.0,0,mc2,demo1
2026-06-16 14:15:22.133,2026-06-13 04:53:18.386,0.0,0.0,0,mc4,demo1
2026-06-16 14:15:22.099,2026-06-13 04:53:18.386,0.0,0.0,0,mc1,demo1
2026-06-16 14:15:22.158,2026-06-13 04:53:18.386,0.0,0.0,0,mc2,demo1
2026-06-16 14:15:22.190,2026-06-13 04:53:18.386,0.0,0.0,0,mc3,demo1
2026-06-16 14:15:22.214,2026-06-13 04:53:18.386,0.0,0.0,0,mc5,demo1
2026-06-16 14:15:22.259,2026-06-13 04:53:18.386,0.0,0.0,0,mc6,demo1
2026-06-16 14:15:22.279,2026-06-13 04:48:18.365,0.0,0.0,0,mc4,demo1
2026-06-16 14:15:22.448,2026-06-13 04:48:18.365,0.0,0.0,0,mc5,demo1
2026-06-16 14:15:22.423,2026-06-13 04:48:18.365,0.0,0.0,0,mc1,demo1
2026-06-16 14:15:22.392,2026-06-13 04:48:18.365,0.0,0.0,0,mc3,demo1
2026-06-16 14:15:22.338,2026-06-13 04:48:18.365,0.0,0.0,0,mc2,demo1
2026-06-16 14:15:22.296,2026-06-13 04:48:18.365,0.0,0.0,0,mc6,demo1
2026-06-16 14:15:22.489,2026-06-13 04:43:19.596,0.0,0.0,0,mc1,demo1
2026-06-16 14:15:22.672,2026-06-13 04:43:19.596,0.0,0.0,0,mc2,demo1
2026-06-16 14:15:22.618,2026-06-13 04:43:19.596,0.0,0.0,0,mc4,demo1
2026-06-16 14:15:22.557,2026-06-13 04:43:19.596,0.0,0.0,0,mc3,demo1
2026-06-16 14:15:22.542,2026-06-13 04:43:19.596,0.0,0.0,0,mc5,demo1
2026-06-16 14:15:22.514,2026-06-13 04:43:19.596,0.0,0.0,0,mc6,demo1
2026-06-16 14:15:22.702,2026-06-13 04:38:19.279,0.0,0.0,0,mc3,demo1
2026-06-16 14:15:22.873,2026-06-13 04:38:19.279,0.0,0.0,0,mc2,demo1
2026-06-16 14:15:22.849,2026-06-13 04:38:19.279,0.0,0.0,0,mc4,demo1
2026-06-16 14:15:22.798,2026-06-13 04:38:19.279,0.0,0.0,0,mc1,demo1
2026-06-16 14:15:22.773,2026-06-13 04:38:19.279,0.0,0.0,0,mc6,demo1
2026-06-16 14:15:22.745,2026-06-13 04:38:19.279,0.0,0.0,0,mc5,demo1
2026-06-16 14:15:22.914,2026-06-13 04:33:18.938,0.0,0.0,0,mc1,demo1
2026-06-16 14:15:23.022,2026-06-13 04:33:18.938,0.0,0.0,0,mc3,demo1
2026-06-16 14:15:22.998,2026-06-13 04:33:18.938,0.0,0.0,0,mc2,demo1
2026-06-16 14:15:22.962,2026-06-13 04:33:18.938,0.0,0.0,0,mc4,demo1
2026-06-16 14:15:22.931,2026-06-13 04:33:18.938,0.0,0.0,0,mc5,demo1
2026-06-16 14:15:22.897,2026-06-13 04:33:18.938,0.0,0.0,0,mc6,demo1
2026-06-16 14:15:23.181,2026-06-13 04:28:19.184,0.0,0.0,0,mc4,demo1
2026-06-16 14:15:23.157,2026-06-13 04:28:19.184,0.0,0.0,0,mc6,demo1
2026-06-16 14:15:23.131,2026-06-13 04:28:19.184,0.0,0.0,0,mc3,demo1
2026-06-16 14:15:23.106,2026-06-13 04:28:19.184,0.0,0.0,0,mc2,demo1
2026-06-16 14:15:23.084,2026-06-13 04:28:19.184,0.0,0.0,0,mc5,demo1
2026-06-16 14:15:23.053,2026-06-13 04:28:19.184,0.0,0.0,0,mc1,demo1
2026-06-16 14:15:23.214,2026-06-13 04:23:18.602,0.0,0.0,0,mc2,demo1
2026-06-16 14:15:23.237,2026-06-13 04:23:18.602,0.0,0.0,0,mc4,demo1
2026-06-16 14:15:23.297,2026-06-13 04:23:18.602,0.0,0.0,0,mc1,demo1
2026-06-16 14:15:23.524,2026-06-13 04:23:18.602,0.0,0.0,0,mc5,demo1
2026-06-16 14:15:23.614,2026-06-13 04:23:18.602,0.0,0.0,0,mc6,demo1
2026-06-16 14:15:23.640,2026-06-13 04:23:18.602,0.0,0.0,0,mc3,demo1
2026-06-16 14:15:23.771,2026-06-13 04:18:18.426,0.0,0.0,0,mc4,demo1
2026-06-16 14:15:23.673,2026-06-13 04:18:18.426,0.0,0.0,0,mc5,demo1
2026-06-16 14:15:23.706,2026-06-13 04:18:18.426,0.0,0.0,0,mc2,demo1
2026-06-16 14:15:23.734,2026-06-13 04:18:18.426,0.0,0.0,0,mc6,demo1
2026-06-16 14:15:23.821,2026-06-13 04:18:18.426,0.0,0.0,0,mc3,demo1
2026-06-16 14:15:23.907,2026-06-13 04:18:18.426,0.0,0.0,0,mc1,demo1
2026-06-16 14:15:23.932,2026-06-13 04:13:18.375,0.0,0.0,0,mc3,demo1
2026-06-16 14:15:23.964,2026-06-13 04:13:18.375,0.0,0.0,0,mc2,demo1
2026-06-16 14:15:23.998,2026-06-13 04:13:18.375,0.0,0.0,0,mc4,demo1
2026-06-16 14:15:24.017,2026-06-13 04:13:18.375,0.0,0.0,0,mc5,demo1
2026-06-16 14:15:24.031,2026-06-13 04:13:18.375,0.0,0.0,0,mc6,demo1
2026-06-16 14:15:24.048,2026-06-13 04:13:18.375,0.0,0.0,0,mc1,demo1
2026-06-16 14:15:24.097,2026-06-13 04:08:18.841,0.0,0.0,0,mc4,demo1
2026-06-16 14:15:24.134,2026-06-13 04:08:18.841,0.0,0.0,0,mc1,demo1
2026-06-16 14:15:24.191,2026-06-13 04:08:18.841,0.0,0.0,0,mc6,demo1
2026-06-16 14:15:24.235,2026-06-13 04:08:18.841,0.0,0.0,0,mc5,demo1
2026-06-16 14:15:24.282,2026-06-13 04:08:18.841,0.0,0.0,0,mc2,demo1
2026-06-16 14:15:24.306,2026-06-13 04:08:18.841,0.0,0.0,0,mc3,demo1
2026-06-16 14:15:24.331,2026-06-13 04:03:18.608,0.0,0.0,0,mc2,demo1
2026-06-16 14:15:24.358,2026-06-13 04:03:18.608,0.0,0.0,0,mc6,demo1
2026-06-16 14:15:24.402,2026-06-13 04:03:18.608,0.0,0.0,0,mc5,demo1
2026-06-16 14:15:24.439,2026-06-13 04:03:18.608,0.0,0.0,0,mc3,demo1
2026-06-16 14:15:24.465,2026-06-13 04:03:18.608,0.0,0.0,0,mc1,demo1
2026-06-16 14:15:24.510,2026-06-13 04:03:18.608,0.0,0.0,0,mc4,demo1
2026-06-16 14:15:24.544,2026-06-13 03:58:18.187,0.0,0.0,0,mc3,demo1
2026-06-16 14:15:24.572,2026-06-13 03:58:18.187,0.0,0.0,0,mc5,demo1
2026-06-16 14:15:24.599,2026-06-13 03:58:18.187,0.0,0.0,0,mc6,demo1
2026-06-16 14:15:24.614,2026-06-13 03:58:18.187,0.0,0.0,0,mc1,demo1
2026-06-16 14:15:24.639,2026-06-13 03:58:18.187,0.0,0.0,0,mc4,demo1
2026-06-16 14:15:24.664,2026-06-13 03:58:18.187,0.0,0.0,0,mc2,demo1
2026-06-16 14:15:24.692,2026-06-13 03:53:18.472,0.0,0.0,0,mc1,demo1
2026-06-16 14:15:24.727,2026-06-13 03:53:18.472,0.0,0.0,0,mc4,demo1
2026-06-16 14:15:24.770,2026-06-13 03:53:18.472,0.0,0.0,0,mc2,demo1
2026-06-16 14:15:24.798,2026-06-13 03:53:18.472,0.0,0.0,0,mc6,demo1
2026-06-16 14:15:24.823,2026-06-13 03:53:18.472,0.0,0.0,0,mc3,demo1
2026-06-16 14:15:24.847,2026-06-13 03:53:18.472,0.0,0.0,0,mc5,demo1
2026-06-16 14:15:24.872,2026-06-13 03:48:19.094,0.0,0.0,0,mc6,demo1
2026-06-16 14:15:24.896,2026-06-13 03:48:19.094,0.0,0.0,0,mc5,demo1
2026-06-16 14:15:24.952,2026-06-13 03:48:19.094,0.0,0.0,0,mc3,demo1
2026-06-16 14:15:24.986,2026-06-13 03:48:19.094,0.0,0.0,0,mc1,demo1
2026-06-16 14:15:25.014,2026-06-13 03:48:19.094,0.0,0.0,0,mc4,demo1
2026-06-16 14:15:25.051,2026-06-13 03:48:19.094,0.0,0.0,0,mc2,demo1
2026-06-16 14:15:25.147,2026-06-13 03:43:19.152,0.0,0.0,0,mc6,demo1
2026-06-16 14:15:25.213,2026-06-13 03:43:19.152,0.0,0.0,0,mc3,demo1
2026-06-16 14:15:25.187,2026-06-13 03:43:19.152,0.0,0.0,0,mc4,demo1
2026-06-16 14:15:25.131,2026-06-13 03:43:19.152,0.0,0.0,0,mc1,demo1
2026-06-16 14:15:25.101,2026-06-13 03:43:19.152,0.0,0.0,0,mc2,demo1
2026-06-16 14:15:25.072,2026-06-13 03:43:19.152,0.0,0.0,0,mc5,demo1
2026-06-16 14:15:25.273,2026-06-13 03:38:19.012,0.0,0.0,0,mc2,demo1
2026-06-16 14:15:25.290,2026-06-13 03:38:19.012,0.0,0.0,0,mc5,demo1
2026-06-16 14:15:25.315,2026-06-13 03:38:19.012,0.0,0.0,0,mc1,demo1
2026-06-16 14:15:25.239,2026-06-13 03:38:19.012,0.0,0.0,0,mc3,demo1
2026-06-16 14:15:25.390,2026-06-13 03:38:19.012,0.0,0.0,0,mc4,demo1
2026-06-16 14:15:25.433,2026-06-13 03:38:19.012,0.0,0.0,0,mc6,demo1
2026-06-16 14:15:25.457,2026-06-13 03:33:18.823,0.0,0.0,0,mc6,demo1
2026-06-16 14:15:25.494,2026-06-13 03:33:18.823,0.0,0.0,0,mc1,demo1
2026-06-16 14:15:25.560,2026-06-13 03:33:18.823,0.0,0.0,0,mc5,demo1
2026-06-16 14:15:25.641,2026-06-13 03:33:18.823,0.0,0.0,0,mc3,demo1
2026-06-16 14:15:25.684,2026-06-13 03:33:18.823,0.0,0.0,0,mc2,demo1
2026-06-16 14:15:25.718,2026-06-13 03:33:18.823,0.0,0.0,0,mc4,demo1
2026-06-16 14:15:25.758,2026-06-13 03:28:18.427,0.0,0.0,0,mc6,demo1
2026-06-16 14:15:25.784,2026-06-13 03:28:18.427,0.0,0.0,0,mc4,demo1
2026-06-16 14:15:25.823,2026-06-13 03:28:18.427,0.0,0.0,0,mc1,demo1
2026-06-16 14:15:25.876,2026-06-13 03:28:18.427,0.0,0.0,0,mc2,demo1
2026-06-16 14:15:25.903,2026-06-13 03:28:18.427,0.0,0.0,0,mc3,demo1
2026-06-16 14:15:25.940,2026-06-13 03:28:18.427,0.0,0.0,0,mc5,demo1
2026-06-16 14:15:25.955,2026-06-13 03:23:18.448,0.0,0.0,0,mc2,demo1
2026-06-16 14:15:25.982,2026-06-13 03:23:18.448,0.0,0.0,0,mc6,demo1
2026-06-16 14:15:26.027,2026-06-13 03:23:18.448,0.0,0.0,0,mc1,demo1
2026-06-16 14:15:26.047,2026-06-13 03:23:18.448,0.0,0.0,0,mc3,demo1
2026-06-16 14:15:26.064,2026-06-13 03:23:18.448,0.0,0.0,0,mc5,demo1
2026-06-16 14:15:26.128,2026-06-13 03:23:18.448,0.0,0.0,0,mc4,demo1
2026-06-16 14:15:26.173,2026-06-13 03:18:19.408,0.0,0.0,0,mc6,demo1
2026-06-16 14:15:26.197,2026-06-13 03:18:19.408,0.0,0.0,0,mc5,demo1
2026-06-16 14:15:26.234,2026-06-13 03:18:19.408,0.0,0.0,0,mc3,demo1
2026-06-16 14:15:26.276,2026-06-13 03:18:19.408,0.0,0.0,0,mc2,demo1
2026-06-16 14:15:26.298,2026-06-13 03:18:19.408,0.0,0.0,0,mc4,demo1
2026-06-16 14:15:26.341,2026-06-13 03:18:19.408,0.0,0.0,0,mc1,demo1
2026-06-16 14:15:26.394,2026-06-13 03:13:18.800,0.0,0.0,0,mc5,demo1
2026-06-16 14:15:26.424,2026-06-13 03:13:18.800,0.0,0.0,0,mc3,demo1
2026-06-16 14:15:26.486,2026-06-13 03:13:18.800,0.0,0.0,0,mc1,demo1
2026-06-16 14:15:26.515,2026-06-13 03:13:18.800,0.0,0.0,0,mc4,demo1
2026-06-16 14:15:26.541,2026-06-13 03:13:18.800,0.0,0.0,0,mc6,demo1
2026-06-16 14:15:26.564,2026-06-13 03:13:18.800,0.0,0.0,0,mc2,demo1
2026-06-16 14:15:26.812,2026-06-13 03:08:19.274,0.0,0.0,0,mc3,demo1
2026-06-16 14:15:26.598,2026-06-13 03:08:19.274,0.0,0.0,0,mc2,demo1
2026-06-16 14:15:26.647,2026-06-13 03:08:19.274,0.0,0.0,0,mc4,demo1
2026-06-16 14:15:26.772,2026-06-13 03:08:19.274,0.0,0.0,0,mc5,demo1
2026-06-16 14:15:26.858,2026-06-13 03:08:19.274,0.0,0.0,0,mc6,demo1
2026-06-16 14:15:26.965,2026-06-13 03:08:19.274,0.0,0.0,0,mc1,demo1
2026-06-16 14:15:26.990,2026-06-13 03:03:18.892,0.0,0.0,0,mc5,demo1
2026-06-16 14:15:27.014,2026-06-13 03:03:18.892,0.0,0.0,0,mc1,demo1
2026-06-16 14:15:27.056,2026-06-13 03:03:18.892,0.0,0.0,0,mc4,demo1
2026-06-16 14:15:27.072,2026-06-13 03:03:18.892,0.0,0.0,0,mc2,demo1
2026-06-16 14:15:27.089,2026-06-13 03:03:18.892,0.0,0.0,0,mc6,demo1
2026-06-16 14:15:27.112,2026-06-13 03:03:18.892,0.0,0.0,0,mc3,demo1
2026-06-16 14:15:27.131,2026-06-13 02:58:19.187,0.0,0.0,0,mc4,demo1
2026-06-16 14:15:27.179,2026-06-13 02:58:19.187,0.0,0.0,0,mc3,demo1
2026-06-16 14:15:27.198,2026-06-13 02:58:19.187,0.0,0.0,0,mc2,demo1
2026-06-16 14:15:27.214,2026-06-13 02:58:19.187,0.0,0.0,0,mc1,demo1
2026-06-16 14:15:27.238,2026-06-13 02:58:19.187,0.0,0.0,0,mc6,demo1
2026-06-16 14:15:27.287,2026-06-13 02:58:19.187,0.0,0.0,0,mc5,demo1
2026-06-16 14:15:27.306,2026-06-13 02:53:18.560,0.0,0.0,0,mc4,demo1
2026-06-16 14:15:27.322,2026-06-13 02:53:18.560,0.0,0.0,0,mc3,demo1
2026-06-16 14:15:27.361,2026-06-13 02:53:18.560,0.0,0.0,0,mc1,demo1
2026-06-16 14:15:27.402,2026-06-13 02:53:18.560,0.0,0.0,0,mc2,demo1
2026-06-16 14:15:27.422,2026-06-13 02:53:18.560,0.0,0.0,0,mc6,demo1
2026-06-16 14:15:27.447,2026-06-13 02:53:18.560,0.0,0.0,0,mc5,demo1
2026-06-16 14:15:27.521,2026-06-13 02:48:18.423,0.0,0.0,0,mc5,demo1
2026-06-16 14:15:27.590,2026-06-13 02:48:18.423,0.0,0.0,0,mc4,demo1
2026-06-16 14:15:27.623,2026-06-13 02:48:18.423,0.0,0.0,0,mc2,demo1
2026-06-16 14:15:27.706,2026-06-13 02:48:18.423,0.0,0.0,0,mc6,demo1
2026-06-16 14:15:27.785,2026-06-13 02:48:18.423,0.0,0.0,0,mc1,demo1
2026-06-16 14:15:27.814,2026-06-13 02:48:18.423,0.0,0.0,0,mc3,demo1
2026-06-16 14:15:27.848,2026-06-13 02:43:18.812,0.0,0.0,0,mc3,demo1
2026-06-16 14:15:27.903,2026-06-13 02:43:18.812,0.0,0.0,0,mc6,demo1
2026-06-16 14:15:27.958,2026-06-13 02:43:18.812,0.0,0.0,0,mc5,demo1
2026-06-16 14:15:27.998,2026-06-13 02:43:18.812,0.0,0.0,0,mc4,demo1
2026-06-16 14:15:28.031,2026-06-13 02:43:18.812,0.0,0.0,0,mc2,demo1
2026-06-16 14:15:28.078,2026-06-13 02:43:18.812,0.0,0.0,0,mc1,demo1
2026-06-16 14:15:28.136,2026-06-13 02:38:18.557,0.0,0.0,0,mc6,demo1
2026-06-16 14:15:28.162,2026-06-13 02:38:18.557,0.0,0.0,0,mc4,demo1
2026-06-16 14:15:28.197,2026-06-13 02:38:18.557,0.0,0.0,0,mc1,demo1
2026-06-16 14:15:28.276,2026-06-13 02:38:18.557,0.0,0.0,0,mc2,demo1
2026-06-16 14:15:28.223,2026-06-13 02:38:18.557,0.0,0.0,0,mc3,demo1
2026-06-16 14:15:28.248,2026-06-13 02:38:18.557,0.0,0.0,0,mc5,demo1
2026-06-16 14:15:28.598,2026-06-13 02:33:19.232,0.0,0.0,0,mc2,demo1
2026-06-16 14:15:28.306,2026-06-13 02:33:19.232,0.0,0.0,0,mc3,demo1
2026-06-16 14:15:28.380,2026-06-13 02:33:19.232,0.0,0.0,0,mc6,demo1
2026-06-16 14:15:28.439,2026-06-13 02:33:19.232,0.0,0.0,0,mc1,demo1
2026-06-16 14:15:28.488,2026-06-13 02:33:19.232,0.0,0.0,0,mc4,demo1
2026-06-16 14:15:28.505,2026-06-13 02:33:19.232,0.0,0.0,0,mc5,demo1
2026-06-16 14:15:28.699,2026-06-13 02:28:18.269,0.0,0.0,0,mc5,demo1
2026-06-16 14:15:28.763,2026-06-13 02:28:18.269,0.0,0.0,0,mc3,demo1
2026-06-16 14:15:28.624,2026-06-13 02:28:18.269,0.0,0.0,0,mc6,demo1
2026-06-16 14:15:28.640,2026-06-13 02:28:18.269,0.0,0.0,0,mc1,demo1
2026-06-16 14:15:28.666,2026-06-13 02:28:18.269,0.0,0.0,0,mc4,demo1
2026-06-16 14:15:28.724,2026-06-13 02:28:18.269,0.0,0.0,0,mc2,demo1
2026-06-16 14:15:28.799,2026-06-13 02:23:18.749,0.0,0.0,0,mc6,demo1
2026-06-16 14:15:29.098,2026-06-13 02:23:18.749,0.0,0.0,0,mc4,demo1
2026-06-16 14:15:28.936,2026-06-13 02:23:18.749,0.0,0.0,0,mc5,demo1
2026-06-16 14:15:28.872,2026-06-13 02:23:18.749,0.0,0.0,0,mc2,demo1
2026-06-16 14:15:28.840,2026-06-13 02:23:18.749,0.0,0.0,0,mc1,demo1
2026-06-16 14:15:28.823,2026-06-13 02:23:18.749,0.0,0.0,0,mc3,demo1
2026-06-16 14:15:29.197,2026-06-13 02:18:19.004,0.0,0.0,0,mc4,demo1
2026-06-16 14:15:29.380,2026-06-13 02:18:19.004,0.0,0.0,0,mc2,demo1
2026-06-16 14:15:29.367,2026-06-13 02:18:19.004,0.0,0.0,0,mc6,demo1
2026-06-16 14:15:29.344,2026-06-13 02:18:19.004,0.0,0.0,0,mc1,demo1
2026-06-16 14:15:29.261,2026-06-13 02:18:19.004,0.0,0.0,0,mc5,demo1
2026-06-16 14:15:29.214,2026-06-13 02:18:19.004,0.0,0.0,0,mc3,demo1
2026-06-16 14:15:29.407,2026-06-13 02:13:18.800,0.0,0.0,0,mc2,demo1
2026-06-16 14:15:29.621,2026-06-13 02:13:18.800,0.0,0.0,0,mc5,demo1
2026-06-16 14:15:29.557,2026-06-13 02:13:18.800,0.0,0.0,0,mc1,demo1
2026-06-16 14:15:29.514,2026-06-13 02:13:18.800,0.0,0.0,0,mc3,demo1
2026-06-16 14:15:29.439,2026-06-13 02:13:18.800,0.0,0.0,0,mc4,demo1
2026-06-16 14:15:29.422,2026-06-13 02:13:18.800,0.0,0.0,0,mc6,demo1
2026-06-16 14:15:29.715,2026-06-13 02:08:18.310,0.0,0.0,0,mc4,demo1
2026-06-16 14:15:29.832,2026-06-13 02:08:18.310,0.0,0.0,0,mc3,demo1
2026-06-16 14:15:29.813,2026-06-13 02:08:18.310,0.0,0.0,0,mc1,demo1
2026-06-16 14:15:29.773,2026-06-13 02:08:18.310,0.0,0.0,0,mc2,demo1
2026-06-16 14:15:29.743,2026-06-13 02:08:18.310,0.0,0.0,0,mc6,demo1
2026-06-16 14:15:29.658,2026-06-13 02:08:18.310,0.0,0.0,0,mc5,demo1
2026-06-16 14:15:29.933,2026-06-13 02:03:19.037,0.0,0.0,0,mc1,demo1
2026-06-16 14:15:30.041,2026-06-13 02:03:19.037,0.0,0.0,0,mc4,demo1
2026-06-16 14:15:30.006,2026-06-13 02:03:19.037,0.0,0.0,0,mc3,demo1
2026-06-16 14:15:29.977,2026-06-13 02:03:19.037,0.0,0.0,0,mc2,demo1
2026-06-16 14:15:29.900,2026-06-13 02:03:19.037,0.0,0.0,0,mc6,demo1
2026-06-16 14:15:29.862,2026-06-13 02:03:19.037,0.0,0.0,0,mc5,demo1
2026-06-16 14:15:30.139,2026-06-13 01:58:18.282,0.0,0.0,0,mc6,demo1
2026-06-16 14:15:30.074,2026-06-13 01:58:18.282,0.0,0.0,0,mc4,demo1
2026-06-16 14:15:30.221,2026-06-13 01:58:18.282,0.0,0.0,0,mc1,demo1
2026-06-16 14:15:30.196,2026-06-13 01:58:18.282,0.0,0.0,0,mc2,demo1
2026-06-16 14:15:30.175,2026-06-13 01:58:18.282,0.0,0.0,0,mc5,demo1
2026-06-16 14:15:30.120,2026-06-13 01:58:18.282,0.0,0.0,0,mc3,demo1
2026-06-16 14:15:30.246,2026-06-13 01:53:18.784,0.0,0.0,0,mc3,demo1
2026-06-16 14:15:30.276,2026-06-13 01:53:18.784,0.0,0.0,0,mc5,demo1
2026-06-16 14:15:30.302,2026-06-13 01:53:18.784,0.0,0.0,0,mc1,demo1
2026-06-16 14:15:30.324,2026-06-13 01:53:18.784,0.0,0.0,0,mc6,demo1
2026-06-16 14:15:30.339,2026-06-13 01:53:18.784,0.0,0.0,0,mc4,demo1
2026-06-16 14:15:30.372,2026-06-13 01:53:18.784,0.0,0.0,0,mc2,demo1
2026-06-16 14:15:30.427,2026-06-13 01:48:18.217,0.0,0.0,0,mc2,demo1
2026-06-16 14:15:30.397,2026-06-13 01:48:18.217,0.0,0.0,0,mc1,demo1
2026-06-16 14:15:30.547,2026-06-13 01:48:18.217,0.0,0.0,0,mc5,demo1
2026-06-16 14:15:30.528,2026-06-13 01:48:18.217,0.0,0.0,0,mc6,demo1
2026-06-16 14:15:30.484,2026-06-13 01:48:18.217,0.0,0.0,0,mc4,demo1
2026-06-16 14:15:30.456,2026-06-13 01:48:18.217,0.0,0.0,0,mc3,demo1
2026-06-16 14:15:30.572,2026-06-13 01:43:18.320,0.0,0.0,0,mc2,demo1
2026-06-16 14:15:30.589,2026-06-13 01:43:18.320,0.0,0.0,0,mc1,demo1
2026-06-16 14:15:30.639,2026-06-13 01:43:18.320,0.0,0.0,0,mc5,demo1
2026-06-16 14:15:30.673,2026-06-13 01:43:18.320,0.0,0.0,0,mc4,demo1
2026-06-16 14:15:30.698,2026-06-13 01:43:18.320,0.0,0.0,0,mc6,demo1
2026-06-16 14:15:30.722,2026-06-13 01:43:18.320,0.0,0.0,0,mc3,demo1
2026-06-16 14:15:30.748,2026-06-13 01:38:18.325,0.0,0.0,0,mc1,demo1
2026-06-16 14:15:30.776,2026-06-13 01:38:18.325,0.0,0.0,0,mc5,demo1
2026-06-16 14:15:30.798,2026-06-13 01:38:18.325,0.0,0.0,0,mc6,demo1
2026-06-16 14:15:30.824,2026-06-13 01:38:18.325,0.0,0.0,0,mc4,demo1
2026-06-16 14:15:30.863,2026-06-13 01:38:18.325,0.0,0.0,0,mc3,demo1
2026-06-16 14:15:30.898,2026-06-13 01:38:18.325,0.0,0.0,0,mc2,demo1
2026-06-16 14:15:30.943,2026-06-13 01:33:18.357,0.0,0.0,0,mc4,demo1
2026-06-16 14:15:30.972,2026-06-13 01:33:18.357,0.0,0.0,0,mc3,demo1
2026-06-16 14:15:30.999,2026-06-13 01:33:18.357,0.0,0.0,0,mc1,demo1
2026-06-16 14:15:31.042,2026-06-13 01:33:18.357,0.0,0.0,0,mc2,demo1
2026-06-16 14:15:31.074,2026-06-13 01:33:18.357,0.0,0.0,0,mc5,demo1
2026-06-16 14:15:31.089,2026-06-13 01:33:18.357,0.0,0.0,0,mc6,demo1
2026-06-16 14:15:31.105,2026-06-13 01:28:18.860,0.0,0.0,0,mc6,demo1
2026-06-16 14:15:31.142,2026-06-13 01:28:18.860,0.0,0.0,0,mc3,demo1
2026-06-16 14:15:31.189,2026-06-13 01:28:18.860,0.0,0.0,0,mc4,demo1
2026-06-16 14:15:31.279,2026-06-13 01:28:18.860,0.0,0.0,0,mc5,demo1
2026-06-16 14:15:31.352,2026-06-13 01:28:18.860,0.0,0.0,0,mc2,demo1
2026-06-16 14:15:31.431,2026-06-13 01:28:18.860,0.0,0.0,0,mc1,demo1
2026-06-16 14:15:31.513,2026-06-13 01:23:18.420,0.0,0.0,0,mc5,demo1
2026-06-16 14:15:31.576,2026-06-13 01:23:18.420,0.0,0.0,0,mc4,demo1
2026-06-16 14:15:31.633,2026-06-13 01:23:18.420,0.0,0.0,0,mc2,demo1
2026-06-16 14:15:31.731,2026-06-13 01:23:18.420,0.0,0.0,0,mc6,demo1
2026-06-16 14:15:31.797,2026-06-13 01:23:18.420,0.0,0.0,0,mc3,demo1
2026-06-16 14:15:31.864,2026-06-13 01:23:18.420,0.0,0.0,0,mc1,demo1
2026-06-16 14:15:32.089,2026-06-13 01:18:19.111,0.0,0.0,0,mc5,demo1
2026-06-16 14:15:32.253,2026-06-13 01:18:19.111,0.0,0.0,0,mc1,demo1
2026-06-16 14:15:32.176,2026-06-13 01:18:19.111,0.0,0.0,0,mc6,demo1
2026-06-16 14:15:32.039,2026-06-13 01:18:19.111,0.0,0.0,0,mc3,demo1
2026-06-16 14:15:31.962,2026-06-13 01:18:19.111,0.0,0.0,0,mc2,demo1
2026-06-16 14:15:31.931,2026-06-13 01:18:19.111,0.0,0.0,0,mc4,demo1
2026-06-16 14:15:32.375,2026-06-13 01:13:19.021,0.0,0.0,0,mc4,demo1
2026-06-16 14:15:32.679,2026-06-13 01:13:19.021,0.0,0.0,0,mc6,demo1
2026-06-16 14:15:32.719,2026-06-13 01:13:19.021,0.0,0.0,0,mc1,demo1
2026-06-16 14:15:32.788,2026-06-13 01:13:19.021,0.0,0.0,0,mc3,demo1
2026-06-16 14:15:32.866,2026-06-13 01:13:19.021,0.0,0.0,0,mc2,demo1
2026-06-16 14:15:32.908,2026-06-13 01:13:19.021,0.0,0.0,0,mc5,demo1
2026-06-16 14:15:32.939,2026-06-13 01:08:18.476,0.0,0.0,0,mc3,demo1
2026-06-16 14:15:32.975,2026-06-13 01:08:18.476,0.0,0.0,0,mc4,demo1
2026-06-16 14:15:33.022,2026-06-13 01:08:18.476,0.0,0.0,0,mc6,demo1
2026-06-16 14:15:33.120,2026-06-13 01:08:18.476,0.0,0.0,0,mc5,demo1
2026-06-16 14:15:33.198,2026-06-13 01:08:18.476,0.0,0.0,0,mc1,demo1
2026-06-16 14:15:33.278,2026-06-13 01:08:18.476,0.0,0.0,0,mc2,demo1
2026-06-16 14:15:33.351,2026-06-13 01:03:18.815,0.0,0.0,0,mc6,demo1
2026-06-16 14:15:33.406,2026-06-13 01:03:18.815,0.0,0.0,0,mc1,demo1
2026-06-16 14:15:33.447,2026-06-13 01:03:18.815,0.0,0.0,0,mc4,demo1
2026-06-16 14:15:33.483,2026-06-13 01:03:18.815,0.0,0.0,0,mc2,demo1
2026-06-16 14:15:33.550,2026-06-13 01:03:18.815,0.0,0.0,0,mc3,demo1
2026-06-16 14:15:33.590,2026-06-13 01:03:18.815,0.0,0.0,0,mc5,demo1
2026-06-16 14:15:33.626,2026-06-13 00:58:18.241,0.0,0.0,0,mc3,demo1
2026-06-16 14:15:33.665,2026-06-13 00:58:18.241,0.0,0.0,0,mc1,demo1
2026-06-16 14:15:33.691,2026-06-13 00:58:18.241,0.0,0.0,0,mc4,demo1
2026-06-16 14:15:33.739,2026-06-13 00:58:18.241,0.0,0.0,0,mc6,demo1
2026-06-16 14:15:33.774,2026-06-13 00:58:18.241,0.0,0.0,0,mc2,demo1
2026-06-16 14:15:33.816,2026-06-13 00:58:18.241,0.0,0.0,0,mc5,demo1
2026-06-16 14:15:33.850,2026-06-13 00:53:19.230,0.0,0.0,0,mc6,demo1
2026-06-16 14:15:33.881,2026-06-13 00:53:19.230,0.0,0.0,0,mc3,demo1
2026-06-16 14:15:33.943,2026-06-13 00:53:19.230,0.0,0.0,0,mc4,demo1
2026-06-16 14:15:34.019,2026-06-13 00:53:19.230,0.0,0.0,0,mc5,demo1
2026-06-16 14:15:34.065,2026-06-13 00:53:19.230,0.0,0.0,0,mc2,demo1
2026-06-16 14:15:34.080,2026-06-13 00:53:19.230,0.0,0.0,0,mc1,demo1
2026-06-16 14:15:34.128,2026-06-13 00:48:18.838,0.0,0.0,0,mc6,demo1
2026-06-16 14:15:34.161,2026-06-13 00:48:18.838,0.0,0.0,0,mc4,demo1
2026-06-16 14:15:34.190,2026-06-13 00:48:18.838,0.0,0.0,0,mc1,demo1
2026-06-16 14:15:34.223,2026-06-13 00:48:18.838,0.0,0.0,0,mc2,demo1
2026-06-16 14:15:34.248,2026-06-13 00:48:18.838,0.0,0.0,0,mc5,demo1
2026-06-16 14:15:34.272,2026-06-13 00:48:18.838,0.0,0.0,0,mc3,demo1
2026-06-16 14:15:34.317,2026-06-13 00:43:19.064,0.0,0.0,0,mc6,demo1
2026-06-16 14:15:34.351,2026-06-13 00:43:19.064,0.0,0.0,0,mc3,demo1
2026-06-16 14:15:34.377,2026-06-13 00:43:19.064,0.0,0.0,0,mc2,demo1
2026-06-16 14:15:34.405,2026-06-13 00:43:19.064,0.0,0.0,0,mc1,demo1
2026-06-16 14:15:34.429,2026-06-13 00:43:19.064,0.0,0.0,0,mc4,demo1
2026-06-16 14:15:34.457,2026-06-13 00:43:19.064,0.0,0.0,0,mc5,demo1
2026-06-16 14:15:34.490,2026-06-13 00:38:18.760,0.0,0.0,0,mc2,demo1
2026-06-16 14:15:34.556,2026-06-13 00:38:18.760,0.0,0.0,0,mc3,demo1
2026-06-16 14:15:34.674,2026-06-13 00:38:18.760,0.0,0.0,0,mc5,demo1
2026-06-16 14:15:34.783,2026-06-13 00:38:18.760,0.0,0.0,0,mc4,demo1
2026-06-16 14:15:34.807,2026-06-13 00:38:18.760,0.0,0.0,0,mc1,demo1
2026-06-16 14:15:34.844,2026-06-13 00:38:18.760,0.0,0.0,0,mc6,demo1
2026-06-16 14:15:34.865,2026-06-13 00:33:18.937,0.0,0.0,0,mc6,demo1
2026-06-16 14:15:34.890,2026-06-13 00:33:18.937,0.0,0.0,0,mc4,demo1
2026-06-16 14:15:34.953,2026-06-13 00:33:18.937,0.0,0.0,0,mc5,demo1
2026-06-16 14:15:34.998,2026-06-13 00:33:18.937,0.0,0.0,0,mc1,demo1
2026-06-16 14:15:35.048,2026-06-13 00:33:18.937,0.0,0.0,0,mc3,demo1
2026-06-16 14:15:35.076,2026-06-13 00:33:18.937,0.0,0.0,0,mc2,demo1
2026-06-16 14:15:35.111,2026-06-13 00:28:18.807,0.0,0.0,0,mc2,demo1
2026-06-16 14:15:35.137,2026-06-13 00:28:18.807,0.0,0.0,0,mc4,demo1
2026-06-16 14:15:35.182,2026-06-13 00:28:18.807,0.0,0.0,0,mc5,demo1
2026-06-16 14:15:35.207,2026-06-13 00:28:18.807,0.0,0.0,0,mc6,demo1
2026-06-16 14:15:35.239,2026-06-13 00:28:18.807,0.0,0.0,0,mc3,demo1
2026-06-16 14:15:35.262,2026-06-13 00:28:18.807,0.0,0.0,0,mc1,demo1
2026-06-16 14:15:35.298,2026-06-13 00:23:18.805,0.0,0.0,0,mc3,demo1
2026-06-16 14:15:35.324,2026-06-13 00:23:18.805,0.0,0.0,0,mc2,demo1
2026-06-16 14:15:35.364,2026-06-13 00:23:18.805,0.0,0.0,0,mc4,demo1
2026-06-16 14:15:35.399,2026-06-13 00:23:18.805,0.0,0.0,0,mc5,demo1
2026-06-16 14:15:35.422,2026-06-13 00:23:18.805,0.0,0.0,0,mc1,demo1
2026-06-16 14:15:35.444,2026-06-13 00:23:18.805,0.0,0.0,0,mc6,demo1
2026-06-16 14:15:35.478,2026-06-13 00:18:18.890,0.0,0.0,0,mc3,demo1
2026-06-16 14:15:35.504,2026-06-13 00:18:18.890,0.0,0.0,0,mc6,demo1
2026-06-16 14:15:35.566,2026-06-13 00:18:18.890,0.0,0.0,0,mc5,demo1
2026-06-16 14:15:35.591,2026-06-13 00:18:18.890,0.0,0.0,0,mc2,demo1
2026-06-16 14:15:35.632,2026-06-13 00:18:18.890,0.0,0.0,0,mc1,demo1
2026-06-16 14:15:35.690,2026-06-13 00:18:18.890,0.0,0.0,0,mc4,demo1
2026-06-16 14:15:35.716,2026-06-13 00:13:19.015,0.0,0.0,0,mc1,demo1
2026-06-16 14:15:35.732,2026-06-13 00:13:19.015,0.0,0.0,0,mc5,demo1
2026-06-16 14:15:35.755,2026-06-13 00:13:19.015,0.0,0.0,0,mc4,demo1
2026-06-16 14:15:35.860,2026-06-13 00:13:19.015,0.0,0.0,0,mc6,demo1
2026-06-16 14:15:35.883,2026-06-13 00:13:19.015,0.0,0.0,0,mc3,demo1
2026-06-16 14:15:35.917,2026-06-13 00:13:19.015,0.0,0.0,0,mc2,demo1
2026-06-16 14:15:35.940,2026-06-13 00:08:18.748,0.0,0.0,0,mc1,demo1
2026-06-16 14:15:35.957,2026-06-13 00:08:18.748,0.0,0.0,0,mc4,demo1
2026-06-16 14:15:35.974,2026-06-13 00:08:18.748,0.0,0.0,0,mc3,demo1
2026-06-16 14:15:36.064,2026-06-13 00:08:18.748,0.0,0.0,0,mc5,demo1
2026-06-16 14:15:35.990,2026-06-13 00:08:18.748,0.0,0.0,0,mc6,demo1
2026-06-16 14:15:36.033,2026-06-13 00:08:18.748,0.0,0.0,0,mc2,demo1
2026-06-16 14:15:36.227,2026-06-13 00:03:18.814,0.0,0.0,0,mc5,demo1
2026-06-16 14:15:36.091,2026-06-13 00:03:18.814,0.0,0.0,0,mc1,demo1
2026-06-16 14:15:36.107,2026-06-13 00:03:18.814,0.0,0.0,0,mc4,demo1
2026-06-16 14:15:36.123,2026-06-13 00:03:18.814,0.0,0.0,0,mc6,demo1
2026-06-16 14:15:36.161,2026-06-13 00:03:18.814,0.0,0.0,0,mc3,demo1
2026-06-16 14:15:36.195,2026-06-13 00:03:18.814,0.0,0.0,0,mc2,demo1
2026-06-16 14:15:36.407,2026-06-12 23:58:18.386,0.0,0.0,0,mc1,demo1
2026-06-16 14:15:36.249,2026-06-12 23:58:18.386,0.0,0.0,0,mc6,demo1
2026-06-16 14:15:36.286,2026-06-12 23:58:18.386,0.0,0.0,0,mc4,demo1
2026-06-16 14:15:36.314,2026-06-12 23:58:18.386,0.0,0.0,0,mc3,demo1
2026-06-16 14:15:36.352,2026-06-12 23:58:18.386,0.0,0.0,0,mc2,demo1
2026-06-16 14:15:36.382,2026-06-12 23:58:18.386,0.0,0.0,0,mc5,demo1
2026-06-16 14:15:36.572,2026-06-12 23:53:18.534,0.0,0.0,0,mc3,demo1
2026-06-16 14:15:36.424,2026-06-12 23:53:18.534,0.0,0.0,0,mc1,demo1
2026-06-16 14:15:36.471,2026-06-12 23:53:18.534,0.0,0.0,0,mc5,demo1
2026-06-16 14:15:36.490,2026-06-12 23:53:18.534,0.0,0.0,0,mc2,demo1
2026-06-16 14:15:36.542,2026-06-12 23:53:18.534,0.0,0.0,0,mc6,demo1
2026-06-16 14:15:36.605,2026-06-12 23:53:18.534,0.0,0.0,0,mc4,demo1
2026-06-16 14:15:36.741,2026-06-12 23:48:18.735,0.0,0.0,0,mc3,demo1
2026-06-16 14:15:36.627,2026-06-12 23:48:18.735,0.0,0.0,0,mc4,demo1
2026-06-16 14:15:36.642,2026-06-12 23:48:18.735,0.0,0.0,0,mc2,demo1
2026-06-16 14:15:36.657,2026-06-12 23:48:18.735,0.0,0.0,0,mc6,demo1
2026-06-16 14:15:36.711,2026-06-12 23:48:18.735,0.0,0.0,0,mc1,demo1
2026-06-16 14:15:36.766,2026-06-12 23:48:18.735,0.0,0.0,0,mc5,demo1
2026-06-16 14:15:36.933,2026-06-12 23:43:18.299,0.0,0.0,0,mc2,demo1
2026-06-16 14:15:36.812,2026-06-12 23:43:18.299,0.0,0.0,0,mc1,demo1
2026-06-16 14:15:36.841,2026-06-12 23:43:18.299,0.0,0.0,0,mc6,demo1
2026-06-16 14:15:36.866,2026-06-12 23:43:18.299,0.0,0.0,0,mc5,demo1
2026-06-16 14:15:36.910,2026-06-12 23:43:18.299,0.0,0.0,0,mc3,demo1
2026-06-16 14:15:36.949,2026-06-12 23:43:18.299,0.0,0.0,0,mc4,demo1
2026-06-16 14:15:37.057,2026-06-12 23:38:18.511,0.0,0.0,0,mc6,demo1
2026-06-16 14:15:36.966,2026-06-12 23:38:18.511,0.0,0.0,0,mc3,demo1
2026-06-16 14:15:36.983,2026-06-12 23:38:18.511,0.0,0.0,0,mc4,demo1
2026-06-16 14:15:36.999,2026-06-12 23:38:18.511,0.0,0.0,0,mc1,demo1
2026-06-16 14:15:37.016,2026-06-12 23:38:18.511,0.0,0.0,0,mc2,demo1
2026-06-16 14:15:37.082,2026-06-12 23:38:18.511,0.0,0.0,0,mc5,demo1
2026-06-16 14:15:37.241,2026-06-12 23:33:19.194,0.0,0.0,0,mc5,demo1
2026-06-16 14:15:37.115,2026-06-12 23:33:19.194,0.0,0.0,0,mc4,demo1
2026-06-16 14:15:37.141,2026-06-12 23:33:19.194,0.0,0.0,0,mc2,demo1
2026-06-16 14:15:37.184,2026-06-12 23:33:19.194,0.0,0.0,0,mc6,demo1
2026-06-16 14:15:37.216,2026-06-12 23:33:19.194,0.0,0.0,0,mc1,demo1
2026-06-16 14:15:37.289,2026-06-12 23:33:19.194,0.0,0.0,0,mc3,demo1
2026-06-16 14:15:37.307,2026-06-12 23:28:18.295,0.0,0.0,0,mc6,demo1
2026-06-16 14:15:37.448,2026-06-12 23:28:18.295,0.0,0.0,0,mc3,demo1
2026-06-16 14:15:37.415,2026-06-12 23:28:18.295,0.0,0.0,0,mc1,demo1
2026-06-16 14:15:37.391,2026-06-12 23:28:18.295,0.0,0.0,0,mc2,demo1
2026-06-16 14:15:37.366,2026-06-12 23:28:18.295,0.0,0.0,0,mc4,demo1
2026-06-16 14:15:37.324,2026-06-12 23:28:18.295,0.0,0.0,0,mc5,demo1
2026-06-16 14:15:37.835,2026-06-12 23:23:19.061,0.0,0.0,0,mc4,demo1
2026-06-16 14:15:37.491,2026-06-12 23:23:19.061,0.0,0.0,0,mc3,demo1
2026-06-16 14:15:37.551,2026-06-12 23:23:19.061,0.0,0.0,0,mc6,demo1
2026-06-16 14:15:37.583,2026-06-12 23:23:19.061,0.0,0.0,0,mc2,demo1
2026-06-16 14:15:37.725,2026-06-12 23:23:19.061,0.0,0.0,0,mc1,demo1
2026-06-16 14:15:37.803,2026-06-12 23:23:19.061,0.0,0.0,0,mc5,demo1
2026-06-16 14:15:37.990,2026-06-12 23:18:19.032,0.0,0.0,0,mc4,demo1
2026-06-16 14:15:37.858,2026-06-12 23:18:19.032,0.0,0.0,0,mc2,demo1
2026-06-16 14:15:37.902,2026-06-12 23:18:19.032,0.0,0.0,0,mc5,demo1
2026-06-16 14:15:37.935,2026-06-12 23:18:19.032,0.0,0.0,0,mc6,demo1
2026-06-16 14:15:37.965,2026-06-12 23:18:19.032,0.0,0.0,0,mc3,demo1
2026-06-16 14:15:38.007,2026-06-12 23:18:19.032,0.0,0.0,0,mc1,demo1
2026-06-16 14:15:38.174,2026-06-12 23:13:19.110,0.0,0.0,0,mc2,demo1
2026-06-16 14:15:38.067,2026-06-12 23:13:19.110,0.0,0.0,0,mc1,demo1
2026-06-16 14:15:38.106,2026-06-12 23:13:19.110,0.0,0.0,0,mc5,demo1
2026-06-16 14:15:38.132,2026-06-12 23:13:19.110,0.0,0.0,0,mc6,demo1
2026-06-16 14:15:38.150,2026-06-12 23:13:19.110,0.0,0.0,0,mc4,demo1
2026-06-16 14:15:38.199,2026-06-12 23:13:19.110,0.0,0.0,0,mc3,demo1
2026-06-16 14:15:38.291,2026-06-12 23:08:18.944,0.0,0.0,0,mc3,demo1
2026-06-16 14:15:38.232,2026-06-12 23:08:18.944,0.0,0.0,0,mc1,demo1
2026-06-16 14:15:38.265,2026-06-12 23:08:18.944,0.0,0.0,0,mc4,demo1
2026-06-16 14:15:38.315,2026-06-12 23:08:18.944,0.0,0.0,0,mc5,demo1
2026-06-16 14:15:38.341,2026-06-12 23:08:18.944,0.0,0.0,0,mc6,demo1
2026-06-16 14:15:38.367,2026-06-12 23:08:18.944,0.0,0.0,0,mc2,demo1
2026-06-16 14:15:38.516,2026-06-12 23:03:18.230,0.0,0.0,0,mc2,demo1
2026-06-16 14:15:38.390,2026-06-12 23:03:18.230,0.0,0.0,0,mc3,demo1
2026-06-16 14:15:38.415,2026-06-12 23:03:18.230,0.0,0.0,0,mc5,demo1
2026-06-16 14:15:38.444,2026-06-12 23:03:18.230,0.0,0.0,0,mc6,demo1
2026-06-16 14:15:38.465,2026-06-12 23:03:18.230,0.0,0.0,0,mc1,demo1
2026-06-16 14:15:38.490,2026-06-12 23:03:18.230,0.0,0.0,0,mc4,demo1
2026-06-16 14:15:38.634,2026-06-12 22:58:19.669,0.0,0.0,0,mc2,demo1
2026-06-16 14:15:38.585,2026-06-12 22:58:19.669,0.0,0.0,0,mc1,demo1
2026-06-16 14:15:38.786,2026-06-12 22:58:19.669,0.0,0.0,0,mc4,demo1
2026-06-16 14:15:38.755,2026-06-12 22:58:19.669,0.0,0.0,0,mc6,demo1
2026-06-16 14:15:38.700,2026-06-12 22:58:19.669,0.0,0.0,0,mc5,demo1
2026-06-16 14:15:38.680,2026-06-12 22:58:19.669,0.0,0.0,0,mc3,demo1
2026-06-16 14:15:38.950,2026-06-12 22:53:18.487,0.0,0.0,0,mc2,demo1
2026-06-16 14:15:38.807,2026-06-12 22:53:18.487,0.0,0.0,0,mc5,demo1
2026-06-16 14:15:38.832,2026-06-12 22:53:18.487,0.0,0.0,0,mc6,demo1
2026-06-16 14:15:38.857,2026-06-12 22:53:18.487,0.0,0.0,0,mc3,demo1
2026-06-16 14:15:38.887,2026-06-12 22:53:18.487,0.0,0.0,0,mc1,demo1
2026-06-16 14:15:38.907,2026-06-12 22:53:18.487,0.0,0.0,0,mc4,demo1
2026-06-16 14:15:38.974,2026-06-12 22:48:18.946,0.0,0.0,0,mc1,demo1
2026-06-16 14:15:39.174,2026-06-12 22:48:18.946,0.0,0.0,0,mc4,demo1
2026-06-16 14:15:39.138,2026-06-12 22:48:18.946,0.0,0.0,0,mc2,demo1
2026-06-16 14:15:39.088,2026-06-12 22:48:18.946,0.0,0.0,0,mc3,demo1
2026-06-16 14:15:39.051,2026-06-12 22:48:18.946,0.0,0.0,0,mc5,demo1
2026-06-16 14:15:38.999,2026-06-12 22:48:18.946,0.0,0.0,0,mc6,demo1
2026-06-16 14:15:39.561,2026-06-12 22:43:18.375,0.0,0.0,0,mc1,demo1
2026-06-16 14:15:39.583,2026-06-12 22:43:18.375,0.0,0.0,0,mc2,demo1
2026-06-16 14:15:39.600,2026-06-12 22:43:18.375,0.0,0.0,0,mc5,demo1
2026-06-16 14:15:39.624,2026-06-12 22:43:18.375,0.0,0.0,0,mc4,demo1
2026-06-16 14:15:39.658,2026-06-12 22:43:18.375,0.0,0.0,0,mc6,demo1
2026-06-16 14:15:39.687,2026-06-12 22:43:18.375,0.0,0.0,0,mc3,demo1
2026-06-16 14:15:39.707,2026-06-12 22:38:18.554,0.0,0.0,0,mc5,demo1
2026-06-16 14:15:39.724,2026-06-12 22:38:18.554,0.0,0.0,0,mc6,demo1
2026-06-16 14:15:39.746,2026-06-12 22:38:18.554,0.0,0.0,0,mc4,demo1
2026-06-16 14:15:39.774,2026-06-12 22:38:18.554,0.0,0.0,0,mc3,demo1
2026-06-16 14:15:39.798,2026-06-12 22:38:18.554,0.0,0.0,0,mc1,demo1
2026-06-16 14:15:39.816,2026-06-12 22:38:18.554,0.0,0.0,0,mc2,demo1
2026-06-16 14:15:39.857,2026-06-12 22:33:18.824,0.0,0.0,0,mc1,demo1
2026-06-16 14:15:39.883,2026-06-12 22:33:18.824,0.0,0.0,0,mc6,demo1
2026-06-16 14:15:39.900,2026-06-12 22:33:18.824,0.0,0.0,0,mc4,demo1
2026-06-16 14:15:39.926,2026-06-12 22:33:18.824,0.0,0.0,0,mc3,demo1
2026-06-16 14:15:39.940,2026-06-12 22:33:18.824,0.0,0.0,0,mc2,demo1
2026-06-16 14:15:39.969,2026-06-12 22:33:18.824,0.0,0.0,0,mc5,demo1
2026-06-16 14:15:39.991,2026-06-12 22:28:19.044,0.0,0.0,0,mc1,demo1
2026-06-16 14:15:40.017,2026-06-12 22:28:19.044,0.0,0.0,0,mc6,demo1
2026-06-16 14:15:40.074,2026-06-12 22:28:19.044,0.0,0.0,0,mc5,demo1
2026-06-16 14:15:40.107,2026-06-12 22:28:19.044,0.0,0.0,0,mc3,demo1
2026-06-16 14:15:40.124,2026-06-12 22:28:19.044,0.0,0.0,0,mc4,demo1
2026-06-16 14:15:40.141,2026-06-12 22:28:19.044,0.0,0.0,0,mc2,demo1
2026-06-16 14:15:40.180,2026-06-12 22:23:18.631,0.0,0.0,0,mc5,demo1
2026-06-16 14:15:40.260,2026-06-12 22:23:18.631,0.0,0.0,0,mc3,demo1
2026-06-16 14:15:40.480,2026-06-12 22:23:18.631,0.0,0.0,0,mc6,demo1
2026-06-16 14:15:40.508,2026-06-12 22:23:18.631,0.0,0.0,0,mc1,demo1
2026-06-16 14:15:40.551,2026-06-12 22:23:18.631,0.0,0.0,0,mc4,demo1
2026-06-16 14:15:40.592,2026-06-12 22:23:18.631,0.0,0.0,0,mc2,demo1
2026-06-16 14:15:40.622,2026-06-12 22:18:18.515,0.0,0.0,0,mc3,demo1
2026-06-16 14:15:40.641,2026-06-12 22:18:18.515,0.0,0.0,0,mc6,demo1
2026-06-16 14:15:40.666,2026-06-12 22:18:18.515,0.0,0.0,0,mc4,demo1
2026-06-16 14:15:40.730,2026-06-12 22:18:18.515,0.0,0.0,0,mc5,demo1
2026-06-16 14:15:40.780,2026-06-12 22:18:18.515,0.0,0.0,0,mc2,demo1
2026-06-16 14:15:40.807,2026-06-12 22:18:18.515,0.0,0.0,0,mc1,demo1
2026-06-16 14:15:40.824,2026-06-12 22:13:18.955,0.0,0.0,0,mc3,demo1
2026-06-16 14:15:40.840,2026-06-12 22:13:18.955,0.0,0.0,0,mc4,demo1
2026-06-16 14:15:40.857,2026-06-12 22:13:18.955,0.0,0.0,0,mc2,demo1
2026-06-16 14:15:40.874,2026-06-12 22:13:18.955,0.0,0.0,0,mc1,demo1
2026-06-16 14:15:40.890,2026-06-12 22:13:18.955,0.0,0.0,0,mc6,demo1
2026-06-16 14:15:40.938,2026-06-12 22:13:18.955,0.0,0.0,0,mc5,demo1
2026-06-16 14:15:41.058,2026-06-12 22:08:19.248,0.0,0.0,0,mc1,demo1
2026-06-16 14:15:41.076,2026-06-12 22:08:19.248,0.0,0.0,0,mc5,demo1
2026-06-16 14:15:41.112,2026-06-12 22:08:19.248,0.0,0.0,0,mc2,demo1
2026-06-16 14:15:41.133,2026-06-12 22:08:19.248,0.0,0.0,0,mc4,demo1
2026-06-16 14:15:41.159,2026-06-12 22:08:19.248,0.0,0.0,0,mc3,demo1
2026-06-16 14:15:41.178,2026-06-12 22:08:19.248,0.0,0.0,0,mc6,demo1
2026-06-16 14:15:41.199,2026-06-12 22:03:19.172,0.0,0.0,0,mc5,demo1
2026-06-16 14:15:41.215,2026-06-12 22:03:19.172,0.0,0.0,0,mc1,demo1
2026-06-16 14:15:41.233,2026-06-12 22:03:19.172,0.0,0.0,0,mc4,demo1
2026-06-16 14:15:41.249,2026-06-12 22:03:19.172,0.0,0.0,0,mc6,demo1
2026-06-16 14:15:41.300,2026-06-12 22:03:19.172,0.0,0.0,0,mc3,demo1
2026-06-16 14:15:41.337,2026-06-12 22:03:19.172,0.0,0.0,0,mc2,demo1
2026-06-16 14:15:41.358,2026-06-12 21:58:18.723,0.0,0.0,0,mc1,demo1
2026-06-16 14:15:41.374,2026-06-12 21:58:18.723,0.0,0.0,0,mc4,demo1
2026-06-16 14:15:41.399,2026-06-12 21:58:18.723,0.0,0.0,0,mc3,demo1
2026-06-16 14:15:41.432,2026-06-12 21:58:18.723,0.0,0.0,0,mc6,demo1
2026-06-16 14:15:41.467,2026-06-12 21:58:18.723,0.0,0.0,0,mc5,demo1
2026-06-16 14:15:41.507,2026-06-12 21:58:18.723,0.0,0.0,0,mc2,demo1
2026-06-16 14:15:41.550,2026-06-12 21:53:18.877,0.0,0.0,0,mc6,demo1
2026-06-16 14:15:41.574,2026-06-12 21:53:18.877,0.0,0.0,0,mc1,demo1
2026-06-16 14:15:41.599,2026-06-12 21:53:18.877,0.0,0.0,0,mc3,demo1
2026-06-16 14:15:41.629,2026-06-12 21:53:18.877,0.0,0.0,0,mc4,demo1
2026-06-16 14:15:41.657,2026-06-12 21:53:18.877,0.0,0.0,0,mc5,demo1
2026-06-16 14:15:41.689,2026-06-12 21:53:18.877,0.0,0.0,0,mc2,demo1
2026-06-16 14:15:41.914,2026-06-12 21:48:18.876,0.0,0.0,0,mc5,demo1
2026-06-16 14:15:41.955,2026-06-12 21:48:18.876,0.0,0.0,0,mc3,demo1
2026-06-16 14:15:41.984,2026-06-12 21:48:18.876,0.0,0.0,0,mc2,demo1
2026-06-16 14:15:42.018,2026-06-12 21:48:18.876,0.0,0.0,0,mc6,demo1
2026-06-16 14:15:42.064,2026-06-12 21:48:18.876,0.0,0.0,0,mc4,demo1
2026-06-16 14:15:42.082,2026-06-12 21:48:18.876,0.0,0.0,0,mc1,demo1
2026-06-16 14:15:42.107,2026-06-12 21:43:18.905,0.0,0.0,0,mc2,demo1
2026-06-16 14:15:42.127,2026-06-12 21:43:18.905,0.0,0.0,0,mc6,demo1
2026-06-16 14:15:42.165,2026-06-12 21:43:18.905,0.0,0.0,0,mc4,demo1
2026-06-16 14:15:42.190,2026-06-12 21:43:18.905,0.0,0.0,0,mc3,demo1
2026-06-16 14:15:42.236,2026-06-12 21:43:18.905,0.0,0.0,0,mc5,demo1
2026-06-16 14:15:42.264,2026-06-12 21:43:18.905,0.0,0.0,0,mc1,demo1
2026-06-16 14:15:42.416,2026-06-12 21:38:18.895,0.0,0.0,0,mc5,demo1
2026-06-16 14:15:42.283,2026-06-12 21:38:18.895,0.0,0.0,0,mc2,demo1
2026-06-16 14:15:42.346,2026-06-12 21:38:18.895,0.0,0.0,0,mc1,demo1
2026-06-16 14:15:42.365,2026-06-12 21:38:18.895,0.0,0.0,0,mc4,demo1
2026-06-16 14:15:42.382,2026-06-12 21:38:18.895,0.0,0.0,0,mc6,demo1
2026-06-16 14:15:42.474,2026-06-12 21:38:18.895,0.0,0.0,0,mc3,demo1
2026-06-16 14:15:42.612,2026-06-12 21:33:18.273,0.0,0.0,0,mc2,demo1
2026-06-16 14:15:42.649,2026-06-12 21:33:18.273,0.0,0.0,0,mc6,demo1
2026-06-16 14:15:42.490,2026-06-12 21:33:18.273,0.0,0.0,0,mc3,demo1
2026-06-16 14:15:42.540,2026-06-12 21:33:18.273,0.0,0.0,0,mc5,demo1
2026-06-16 14:15:42.589,2026-06-12 21:33:18.273,0.0,0.0,0,mc1,demo1
2026-06-16 14:15:42.632,2026-06-12 21:33:18.273,0.0,0.0,0,mc4,demo1
2026-06-16 14:15:42.682,2026-06-12 21:28:18.867,0.0,0.0,0,mc6,demo1
2026-06-16 14:15:42.907,2026-06-12 21:28:18.867,0.0,0.0,0,mc3,demo1
2026-06-16 14:15:42.893,2026-06-12 21:28:18.867,0.0,0.0,0,mc4,demo1
2026-06-16 14:15:42.863,2026-06-12 21:28:18.867,0.0,0.0,0,mc2,demo1
2026-06-16 14:15:42.716,2026-06-12 21:28:18.867,0.0,0.0,0,mc5,demo1
2026-06-16 14:15:42.699,2026-06-12 21:28:18.867,0.0,0.0,0,mc1,demo1
2026-06-16 14:15:42.967,2026-06-12 21:23:18.157,0.0,0.0,0,mc3,demo1
2026-06-16 14:15:43.091,2026-06-12 21:23:18.157,0.0,0.0,0,mc6,demo1
2026-06-16 14:15:43.068,2026-06-12 21:23:18.157,0.0,0.0,0,mc1,demo1
2026-06-16 14:15:42.999,2026-06-12 21:23:18.157,0.0,0.0,0,mc2,demo1
2026-06-16 14:15:42.982,2026-06-12 21:23:18.157,0.0,0.0,0,mc4,demo1
2026-06-16 14:15:42.942,2026-06-12 21:23:18.157,0.0,0.0,0,mc5,demo1
2026-06-16 14:15:43.125,2026-06-12 21:18:18.603,0.0,0.0,0,mc2,demo1
2026-06-16 14:15:43.319,2026-06-12 21:18:18.603,0.0,0.0,0,mc6,demo1
2026-06-16 14:15:43.257,2026-06-12 21:18:18.603,0.0,0.0,0,mc3,demo1
2026-06-16 14:15:43.207,2026-06-12 21:18:18.603,0.0,0.0,0,mc1,demo1
2026-06-16 14:15:43.174,2026-06-12 21:18:18.603,0.0,0.0,0,mc4,demo1
2026-06-16 14:15:43.143,2026-06-12 21:18:18.603,0.0,0.0,0,mc5,demo1
2026-06-16 14:15:43.976,2026-06-12 21:13:18.534,0.0,0.0,0,mc1,demo1
2026-06-16 14:15:43.925,2026-06-12 21:13:18.534,0.0,0.0,0,mc3,demo1
2026-06-16 14:15:43.883,2026-06-12 21:13:18.534,0.0,0.0,0,mc4,demo1
2026-06-16 14:15:43.586,2026-06-12 21:13:18.534,0.0,0.0,0,mc5,demo1
2026-06-16 14:15:43.502,2026-06-12 21:13:18.534,0.0,0.0,0,mc2,demo1
2026-06-16 14:15:43.357,2026-06-12 21:13:18.534,0.0,0.0,0,mc6,demo1
2026-06-16 14:15:44.353,2026-06-12 21:08:18.259,0.0,0.0,0,mc4,demo1
2026-06-16 14:15:44.159,2026-06-12 21:08:18.259,0.0,0.0,0,mc5,demo1
2026-06-16 14:15:44.461,2026-06-12 21:08:18.259,0.0,0.0,0,mc6,demo1
2026-06-16 14:15:44.428,2026-06-12 21:08:18.259,0.0,0.0,0,mc3,demo1
2026-06-16 14:15:44.395,2026-06-12 21:08:18.259,0.0,0.0,0,mc1,demo1
2026-06-16 14:15:44.307,2026-06-12 21:08:18.259,0.0,0.0,0,mc2,demo1
2026-06-16 14:15:44.492,2026-06-12 21:03:19.082,0.0,0.0,0,mc2,demo1
2026-06-16 14:15:44.562,2026-06-12 21:03:19.082,0.0,0.0,0,mc5,demo1
2026-06-16 14:15:44.596,2026-06-12 21:03:19.082,0.0,0.0,0,mc4,demo1
2026-06-16 14:15:44.625,2026-06-12 21:03:19.082,0.0,0.0,0,mc1,demo1
2026-06-16 14:15:44.649,2026-06-12 21:03:19.082,0.0,0.0,0,mc3,demo1
2026-06-16 14:15:44.675,2026-06-12 21:03:19.082,0.0,0.0,0,mc6,demo1
2026-06-16 14:15:44.725,2026-06-12 20:58:18.825,0.0,0.0,0,mc5,demo1
2026-06-16 14:15:44.866,2026-06-12 20:58:18.825,0.0,0.0,0,mc3,demo1
2026-06-16 14:15:44.824,2026-06-12 20:58:18.825,0.0,0.0,0,mc1,demo1
2026-06-16 14:15:44.696,2026-06-12 20:58:18.825,0.0,0.0,0,mc2,demo1
2026-06-16 14:15:44.797,2026-06-12 20:58:18.825,0.0,0.0,0,mc4,demo1
2026-06-16 14:15:44.766,2026-06-12 20:58:18.825,0.0,0.0,0,mc6,demo1
2026-06-16 14:15:44.890,2026-06-12 20:53:20.901,0.0,0.0,0,mc5,demo1
2026-06-16 14:15:44.908,2026-06-12 20:53:20.901,0.0,0.0,0,mc2,demo1
2026-06-16 14:15:44.939,2026-06-12 20:53:20.901,0.0,0.0,0,mc6,demo1
2026-06-16 14:15:44.957,2026-06-12 20:53:20.901,0.0,0.0,0,mc4,demo1
2026-06-16 14:15:44.992,2026-06-12 20:53:20.901,0.0,0.0,0,mc3,demo1
2026-06-16 14:15:45.084,2026-06-12 20:53:20.901,0.0,0.0,0,mc1,demo1
2026-06-16 14:15:45.107,2026-06-12 20:48:18.651,0.0,0.0,0,mc5,demo1
2026-06-16 14:15:45.126,2026-06-12 20:48:18.651,0.0,0.0,0,mc1,demo1
2026-06-16 14:15:45.140,2026-06-12 20:48:18.651,0.0,0.0,0,mc3,demo1
2026-06-16 14:15:45.158,2026-06-12 20:48:18.651,0.0,0.0,0,mc4,demo1
2026-06-16 14:15:45.181,2026-06-12 20:48:18.651,0.0,0.0,0,mc2,demo1
2026-06-16 14:15:45.199,2026-06-12 20:48:18.651,0.0,0.0,0,mc6,demo1
2026-06-16 14:15:45.308,2026-06-12 20:43:18.192,0.0,0.0,0,mc6,demo1
2026-06-16 14:15:45.407,2026-06-12 20:43:18.192,0.0,0.0,0,mc5,demo1
2026-06-16 14:15:45.323,2026-06-12 20:43:18.192,0.0,0.0,0,mc4,demo1
2026-06-16 14:15:45.290,2026-06-12 20:43:18.192,0.0,0.0,0,mc3,demo1
2026-06-16 14:15:45.274,2026-06-12 20:43:18.192,0.0,0.0,0,mc1,demo1
2026-06-16 14:15:45.223,2026-06-12 20:43:18.192,0.0,0.0,0,mc2,demo1
2026-06-16 14:15:45.468,2026-06-12 20:38:18.226,0.0,0.0,0,mc6,demo1
2026-06-16 14:15:45.503,2026-06-12 20:38:18.226,0.0,0.0,0,mc1,demo1
2026-06-16 14:15:45.550,2026-06-12 20:38:18.226,0.0,0.0,0,mc3,demo1
2026-06-16 14:15:45.616,2026-06-12 20:38:18.226,0.0,0.0,0,mc5,demo1
2026-06-16 14:15:45.650,2026-06-12 20:38:18.226,0.0,0.0,0,mc2,demo1
2026-06-16 14:15:45.675,2026-06-12 20:38:18.226,0.0,0.0,0,mc4,demo1
2026-06-16 14:15:45.700,2026-06-12 20:33:18.840,0.0,0.0,0,mc5,demo1
2026-06-16 14:15:45.718,2026-06-12 20:33:18.840,0.0,0.0,0,mc2,demo1
2026-06-16 14:15:45.747,2026-06-12 20:33:18.840,0.0,0.0,0,mc1,demo1
2026-06-16 14:15:45.786,2026-06-12 20:33:18.840,0.0,0.0,0,mc6,demo1
2026-06-16 14:15:45.911,2026-06-12 20:33:18.840,0.0,0.0,0,mc3,demo1
2026-06-16 14:15:45.932,2026-06-12 20:33:18.840,0.0,0.0,0,mc4,demo1
2026-06-16 14:15:45.957,2026-06-12 20:28:18.236,0.0,0.0,0,mc5,demo1
2026-06-16 14:15:45.991,2026-06-12 20:28:18.236,0.0,0.0,0,mc4,demo1
2026-06-16 14:15:46.050,2026-06-12 20:28:18.236,0.0,0.0,0,mc2,demo1
2026-06-16 14:15:46.074,2026-06-12 20:28:18.236,0.0,0.0,0,mc6,demo1
2026-06-16 14:15:46.099,2026-06-12 20:28:18.236,0.0,0.0,0,mc1,demo1
2026-06-16 14:15:46.124,2026-06-12 20:28:18.236,0.0,0.0,0,mc3,demo1
2026-06-16 14:15:46.149,2026-06-12 20:23:18.274,0.0,0.0,0,mc4,demo1
2026-06-16 14:15:46.182,2026-06-12 20:23:18.274,0.0,0.0,0,mc2,demo1
2026-06-16 14:15:46.198,2026-06-12 20:23:18.274,0.0,0.0,0,mc3,demo1
2026-06-16 14:15:46.238,2026-06-12 20:23:18.274,0.0,0.0,0,mc5,demo1
2026-06-16 14:15:46.265,2026-06-12 20:23:18.274,0.0,0.0,0,mc6,demo1
2026-06-16 14:15:46.297,2026-06-12 20:23:18.274,0.0,0.0,0,mc1,demo1
2026-06-16 14:15:46.307,2026-06-12 20:18:19.056,0.0,0.0,0,mc1,demo1
2026-06-16 14:15:46.340,2026-06-12 20:18:19.056,0.0,0.0,0,mc4,demo1
2026-06-16 14:15:46.386,2026-06-12 20:18:19.056,0.0,0.0,0,mc5,demo1
2026-06-16 14:15:46.407,2026-06-12 20:18:19.056,0.0,0.0,0,mc2,demo1
2026-06-16 14:15:46.442,2026-06-12 20:18:19.056,0.0,0.0,0,mc3,demo1
2026-06-16 14:15:46.466,2026-06-12 20:18:19.056,0.0,0.0,0,mc6,demo1
2026-06-16 14:15:46.496,2026-06-12 20:13:18.472,0.0,0.0,0,mc6,demo1
2026-06-16 14:15:46.549,2026-06-12 20:13:18.472,0.0,0.0,0,mc2,demo1
2026-06-16 14:15:46.574,2026-06-12 20:13:18.472,0.0,0.0,0,mc3,demo1
2026-06-16 14:15:46.606,2026-06-12 20:13:18.472,0.0,0.0,0,mc5,demo1
2026-06-16 14:15:46.624,2026-06-12 20:13:18.472,0.0,0.0,0,mc4,demo1
2026-06-16 14:15:46.640,2026-06-12 20:13:18.472,0.0,0.0,0,mc1,demo1
2026-06-16 14:15:46.673,2026-06-12 20:08:18.894,0.0,0.0,0,mc1,demo1
2026-06-16 14:15:46.707,2026-06-12 20:08:18.894,0.0,0.0,0,mc5,demo1
2026-06-16 14:15:46.741,2026-06-12 20:08:18.894,0.0,0.0,0,mc4,demo1
2026-06-16 14:15:46.779,2026-06-12 20:08:18.894,0.0,0.0,0,mc6,demo1
2026-06-16 14:15:46.811,2026-06-12 20:08:18.894,0.0,0.0,0,mc3,demo1
2026-06-16 14:15:46.832,2026-06-12 20:08:18.894,0.0,0.0,0,mc2,demo1
2026-06-16 14:15:46.866,2026-06-12 20:03:19.388,0.0,0.0,0,mc2,demo1
2026-06-16 14:15:46.913,2026-06-12 20:03:19.388,0.0,0.0,0,mc1,demo1
2026-06-16 14:15:46.940,2026-06-12 20:03:19.388,0.0,0.0,0,mc5,demo1
2026-06-16 14:15:46.991,2026-06-12 20:03:19.388,0.0,0.0,0,mc6,demo1
2026-06-16 14:15:47.050,2026-06-12 20:03:19.388,0.0,0.0,0,mc3,demo1
2026-06-16 14:15:47.074,2026-06-12 20:03:19.388,0.0,0.0,0,mc4,demo1
2026-06-16 14:15:47.090,2026-06-12 19:58:18.911,0.0,0.0,0,mc1,demo1
2026-06-16 14:15:47.118,2026-06-12 19:58:18.911,0.0,0.0,0,mc6,demo1
2026-06-16 14:15:47.138,2026-06-12 19:58:18.911,0.0,0.0,0,mc3,demo1
2026-06-16 14:15:47.174,2026-06-12 19:58:18.911,0.0,0.0,0,mc4,demo1
2026-06-16 14:15:47.197,2026-06-12 19:58:18.911,0.0,0.0,0,mc2,demo1
2026-06-16 14:15:47.207,2026-06-12 19:58:18.911,0.0,0.0,0,mc5,demo1
2026-06-16 14:15:47.240,2026-06-12 19:53:18.636,0.0,0.0,0,mc6,demo1
2026-06-16 14:15:47.257,2026-06-12 19:53:18.636,0.0,0.0,0,mc3,demo1
2026-06-16 14:15:47.282,2026-06-12 19:53:18.636,0.0,0.0,0,mc2,demo1
2026-06-16 14:15:47.397,2026-06-12 19:53:18.636,0.0,0.0,0,mc4,demo1
2026-06-16 14:15:47.298,2026-06-12 19:53:18.636,0.0,0.0,0,mc5,demo1
2026-06-16 14:15:47.345,2026-06-12 19:53:18.636,0.0,0.0,0,mc1,demo1
2026-06-16 14:15:47.482,2026-06-12 19:48:18.890,0.0,0.0,0,mc5,demo1
2026-06-16 14:15:47.415,2026-06-12 19:48:18.890,0.0,0.0,0,mc3,demo1
2026-06-16 14:15:47.442,2026-06-12 19:48:18.890,0.0,0.0,0,mc6,demo1
2026-06-16 14:15:47.467,2026-06-12 19:48:18.890,0.0,0.0,0,mc2,demo1
2026-06-16 14:15:47.532,2026-06-12 19:48:18.890,0.0,0.0,0,mc4,demo1
2026-06-16 14:15:47.557,2026-06-12 19:48:18.890,0.0,0.0,0,mc1,demo1
2026-06-16 14:15:47.793,2026-06-12 19:43:19.213,0.0,0.0,0,mc5,demo1
2026-06-16 14:15:47.574,2026-06-12 19:43:19.213,0.0,0.0,0,mc3,demo1
2026-06-16 14:15:47.644,2026-06-12 19:43:19.213,0.0,0.0,0,mc4,demo1
2026-06-16 14:15:47.695,2026-06-12 19:43:19.213,0.0,0.0,0,mc2,demo1
2026-06-16 14:15:47.733,2026-06-12 19:43:19.213,0.0,0.0,0,mc1,demo1
2026-06-16 14:15:47.758,2026-06-12 19:43:19.213,0.0,0.0,0,mc6,demo1
2026-06-16 14:15:47.983,2026-06-12 19:38:18.241,0.0,0.0,0,mc5,demo1
2026-06-16 14:15:47.835,2026-06-12 19:38:18.241,0.0,0.0,0,mc3,demo1
2026-06-16 14:15:47.871,2026-06-12 19:38:18.241,0.0,0.0,0,mc1,demo1
2026-06-16 14:15:47.906,2026-06-12 19:38:18.241,0.0,0.0,0,mc4,demo1
2026-06-16 14:15:47.938,2026-06-12 19:38:18.241,0.0,0.0,0,mc2,demo1
2026-06-16 14:15:48.020,2026-06-12 19:38:18.241,0.0,0.0,0,mc6,demo1
2026-06-16 14:15:48.149,2026-06-12 19:33:18.700,0.0,0.0,0,mc1,demo1
2026-06-16 14:15:48.050,2026-06-12 19:33:18.700,0.0,0.0,0,mc5,demo1
2026-06-16 14:15:48.075,2026-06-12 19:33:18.700,0.0,0.0,0,mc2,demo1
2026-06-16 14:15:48.100,2026-06-12 19:33:18.700,0.0,0.0,0,mc6,demo1
2026-06-16 14:15:48.124,2026-06-12 19:33:18.700,0.0,0.0,0,mc3,demo1
2026-06-16 14:15:48.190,2026-06-12 19:33:18.700,0.0,0.0,0,mc4,demo1
2026-06-16 14:15:48.232,2026-06-12 19:28:18.828,0.0,0.0,0,mc6,demo1
2026-06-16 14:15:48.207,2026-06-12 19:28:18.828,0.0,0.0,0,mc4,demo1
2026-06-16 14:15:48.215,2026-06-12 19:28:18.828,0.0,0.0,0,mc1,demo1
2026-06-16 14:15:48.273,2026-06-12 19:28:18.828,0.0,0.0,0,mc3,demo1
2026-06-16 14:15:48.304,2026-06-12 19:28:18.828,0.0,0.0,0,mc2,demo1
2026-06-16 14:15:48.363,2026-06-12 19:28:18.828,0.0,0.0,0,mc5,demo1
2026-06-16 14:15:48.682,2026-06-12 19:23:18.312,0.0,0.0,0,mc1,demo1
2026-06-16 14:15:48.567,2026-06-12 19:23:18.312,0.0,0.0,0,mc4,demo1
2026-06-16 14:15:48.582,2026-06-12 19:23:18.312,0.0,0.0,0,mc5,demo1
2026-06-16 14:15:48.607,2026-06-12 19:23:18.312,0.0,0.0,0,mc3,demo1
2026-06-16 14:15:48.640,2026-06-12 19:23:18.312,0.0,0.0,0,mc2,demo1
2026-06-16 14:15:48.669,2026-06-12 19:23:18.312,0.0,0.0,0,mc6,demo1
2026-06-16 14:15:48.807,2026-06-12 19:18:19.098,0.0,0.0,0,mc4,demo1
2026-06-16 14:15:48.719,2026-06-12 19:18:19.098,0.0,0.0,0,mc3,demo1
2026-06-16 14:15:48.741,2026-06-12 19:18:19.098,0.0,0.0,0,mc2,demo1
2026-06-16 14:15:48.765,2026-06-12 19:18:19.098,0.0,0.0,0,mc6,demo1
2026-06-16 14:15:48.782,2026-06-12 19:18:19.098,0.0,0.0,0,mc1,demo1
2026-06-16 14:15:48.823,2026-06-12 19:18:19.098,0.0,0.0,0,mc5,demo1
2026-06-16 14:15:48.982,2026-06-12 19:13:18.640,0.0,0.0,0,mc2,demo1
2026-06-16 14:15:48.859,2026-06-12 19:13:18.640,0.0,0.0,0,mc3,demo1
2026-06-16 14:15:48.927,2026-06-12 19:13:18.640,0.0,0.0,0,mc5,demo1
2026-06-16 14:15:49.064,2026-06-12 19:13:18.640,0.0,0.0,0,mc6,demo1
2026-06-16 14:15:48.949,2026-06-12 19:13:18.640,0.0,0.0,0,mc1,demo1
2026-06-16 14:15:49.007,2026-06-12 19:13:18.640,0.0,0.0,0,mc4,demo1
2026-06-16 14:15:49.124,2026-06-12 19:08:18.910,0.0,0.0,0,mc2,demo1
2026-06-16 14:15:49.082,2026-06-12 19:08:18.910,0.0,0.0,0,mc5,demo1
2026-06-16 14:15:49.107,2026-06-12 19:08:18.910,0.0,0.0,0,mc6,demo1
2026-06-16 14:15:49.149,2026-06-12 19:08:18.910,0.0,0.0,0,mc3,demo1
2026-06-16 14:15:49.186,2026-06-12 19:08:18.910,0.0,0.0,0,mc1,demo1
2026-06-16 14:15:49.217,2026-06-12 19:08:18.910,0.0,0.0,0,mc4,demo1
2026-06-16 14:15:49.377,2026-06-12 19:03:18.346,0.0,0.0,0,mc2,demo1
2026-06-16 14:15:49.241,2026-06-12 19:03:18.346,0.0,0.0,0,mc1,demo1
2026-06-16 14:15:49.275,2026-06-12 19:03:18.346,0.0,0.0,0,mc6,demo1
2026-06-16 14:15:49.309,2026-06-12 19:03:18.346,0.0,0.0,0,mc3,demo1
2026-06-16 14:15:49.324,2026-06-12 19:03:18.346,0.0,0.0,0,mc5,demo1
2026-06-16 14:15:49.349,2026-06-12 19:03:18.346,0.0,0.0,0,mc4,demo1
2026-06-16 14:15:49.583,2026-06-12 18:58:18.219,0.0,0.0,0,mc4,demo1
2026-06-16 14:15:49.456,2026-06-12 18:58:18.219,0.0,0.0,0,mc3,demo1
2026-06-16 14:15:49.474,2026-06-12 18:58:18.219,0.0,0.0,0,mc5,demo1
2026-06-16 14:15:49.520,2026-06-12 18:58:18.219,0.0,0.0,0,mc2,demo1
2026-06-16 14:15:49.558,2026-06-12 18:58:18.219,0.0,0.0,0,mc1,demo1
2026-06-16 14:15:49.624,2026-06-12 18:58:18.219,0.0,0.0,0,mc6,demo1
2026-06-16 14:15:49.806,2026-06-12 18:53:18.875,0.0,0.0,0,mc4,demo1
2026-06-16 14:15:49.660,2026-06-12 18:53:18.875,0.0,0.0,0,mc1,demo1
2026-06-16 14:15:49.719,2026-06-12 18:53:18.875,0.0,0.0,0,mc6,demo1
2026-06-16 14:15:49.740,2026-06-12 18:53:18.875,0.0,0.0,0,mc3,demo1
2026-06-16 14:15:49.765,2026-06-12 18:53:18.875,0.0,0.0,0,mc2,demo1
2026-06-16 14:15:49.832,2026-06-12 18:53:18.875,0.0,0.0,0,mc5,demo1
2026-06-16 14:15:49.927,2026-06-12 18:48:18.397,0.0,0.0,0,mc5,demo1
2026-06-16 14:15:49.857,2026-06-12 18:48:18.397,0.0,0.0,0,mc1,demo1
2026-06-16 14:15:49.891,2026-06-12 18:48:18.397,0.0,0.0,0,mc3,demo1
2026-06-16 14:15:49.957,2026-06-12 18:48:18.397,0.0,0.0,0,mc6,demo1
2026-06-16 14:15:50.011,2026-06-12 18:48:18.397,0.0,0.0,0,mc4,demo1
2026-06-16 14:15:50.066,2026-06-12 18:48:18.397,0.0,0.0,0,mc2,demo1
2026-06-16 14:15:50.207,2026-06-12 18:43:19.438,0.0,0.0,0,mc4,demo1
2026-06-16 14:15:50.088,2026-06-12 18:43:19.438,0.0,0.0,0,mc1,demo1
2026-06-16 14:15:50.098,2026-06-12 18:43:19.438,0.0,0.0,0,mc6,demo1
2026-06-16 14:15:50.136,2026-06-12 18:43:19.438,0.0,0.0,0,mc5,demo1
2026-06-16 14:15:50.157,2026-06-12 18:43:19.438,0.0,0.0,0,mc2,demo1
2026-06-16 14:15:50.190,2026-06-12 18:43:19.438,0.0,0.0,0,mc3,demo1
2026-06-16 14:15:50.340,2026-06-12 18:38:19.064,0.0,0.0,0,mc4,demo1
2026-06-16 14:15:50.224,2026-06-12 18:38:19.064,0.0,0.0,0,mc2,demo1
2026-06-16 14:15:50.258,2026-06-12 18:38:19.064,0.0,0.0,0,mc5,demo1
2026-06-16 14:15:50.282,2026-06-12 18:38:19.064,0.0,0.0,0,mc6,demo1
2026-06-16 14:15:50.317,2026-06-12 18:38:19.064,0.0,0.0,0,mc1,demo1
2026-06-16 14:15:50.357,2026-06-12 18:38:19.064,0.0,0.0,0,mc3,demo1
2026-06-16 14:15:50.471,2026-06-12 18:33:18.430,0.0,0.0,0,mc4,demo1
2026-06-16 14:15:50.416,2026-06-12 18:33:18.430,0.0,0.0,0,mc2,demo1
2026-06-16 14:15:50.440,2026-06-12 18:33:18.430,0.0,0.0,0,mc1,demo1
2026-06-16 14:15:50.515,2026-06-12 18:33:18.430,0.0,0.0,0,mc3,demo1
2026-06-16 14:15:50.557,2026-06-12 18:33:18.430,0.0,0.0,0,mc6,demo1
2026-06-16 14:15:50.496,2026-06-12 18:33:18.430,0.0,0.0,0,mc5,demo1
2026-06-16 14:15:50.722,2026-06-12 18:28:19.542,0.0,0.0,0,mc3,demo1
2026-06-16 14:15:50.582,2026-06-12 18:28:19.542,0.0,0.0,0,mc1,demo1
2026-06-16 14:15:50.608,2026-06-12 18:28:19.542,0.0,0.0,0,mc5,demo1
2026-06-16 14:15:50.633,2026-06-12 18:28:19.542,0.0,0.0,0,mc2,demo1
2026-06-16 14:15:50.665,2026-06-12 18:28:19.542,0.0,0.0,0,mc6,demo1
2026-06-16 14:15:50.702,2026-06-12 18:28:19.542,0.0,0.0,0,mc4,demo1
2026-06-16 14:15:50.891,2026-06-12 18:23:19.372,0.0,0.0,0,mc1,demo1
2026-06-16 14:15:50.748,2026-06-12 18:23:19.372,0.0,0.0,0,mc4,demo1
2026-06-16 14:15:50.774,2026-06-12 18:23:19.372,0.0,0.0,0,mc6,demo1
2026-06-16 14:15:50.790,2026-06-12 18:23:19.372,0.0,0.0,0,mc5,demo1
2026-06-16 14:15:50.824,2026-06-12 18:23:19.372,0.0,0.0,0,mc3,demo1
2026-06-16 14:15:50.853,2026-06-12 18:23:19.372,0.0,0.0,0,mc2,demo1
2026-06-16 14:15:51.199,2026-06-12 18:18:19.294,0.0,0.0,0,mc5,demo1
2026-06-16 14:15:50.942,2026-06-12 18:18:19.294,0.0,0.0,0,mc1,demo1
2026-06-16 14:15:51.133,2026-06-12 18:18:19.294,0.0,0.0,0,mc2,demo1
2026-06-16 14:15:51.149,2026-06-12 18:18:19.294,0.0,0.0,0,mc4,demo1
2026-06-16 14:15:51.183,2026-06-12 18:18:19.294,0.0,0.0,0,mc3,demo1
2026-06-16 14:15:51.225,2026-06-12 18:18:19.294,0.0,0.0,0,mc6,demo1
2026-06-16 14:15:51.390,2026-06-12 18:13:18.242,0.0,0.0,0,mc1,demo1
2026-06-16 14:15:51.255,2026-06-12 18:13:18.242,0.0,0.0,0,mc4,demo1
2026-06-16 14:15:51.292,2026-06-12 18:13:18.242,0.0,0.0,0,mc2,demo1
2026-06-16 14:15:51.325,2026-06-12 18:13:18.242,0.0,0.0,0,mc3,demo1
2026-06-16 14:15:51.350,2026-06-12 18:13:18.242,0.0,0.0,0,mc6,demo1
2026-06-16 14:15:51.441,2026-06-12 18:13:18.242,0.0,0.0,0,mc5,demo1
2026-06-16 14:15:51.499,2026-06-12 18:08:18.500,0.0,0.0,0,mc6,demo1
2026-06-16 14:15:51.457,2026-06-12 18:08:18.500,0.0,0.0,0,mc1,demo1
2026-06-16 14:15:51.476,2026-06-12 18:08:18.500,0.0,0.0,0,mc4,demo1
2026-06-16 14:15:51.547,2026-06-12 18:08:18.500,0.0,0.0,0,mc3,demo1
2026-06-16 14:15:51.610,2026-06-12 18:08:18.500,0.0,0.0,0,mc2,demo1
2026-06-16 14:15:51.639,2026-06-12 18:08:18.500,0.0,0.0,0,mc5,demo1
2026-06-16 14:15:51.882,2026-06-12 18:03:18.471,0.0,0.0,0,mc4,demo1
2026-06-16 14:15:51.693,2026-06-12 18:03:18.471,0.0,0.0,0,mc2,demo1
2026-06-16 14:15:51.717,2026-06-12 18:03:18.471,0.0,0.0,0,mc3,demo1
2026-06-16 14:15:51.750,2026-06-12 18:03:18.471,0.0,0.0,0,mc5,demo1
2026-06-16 14:15:51.782,2026-06-12 18:03:18.471,0.0,0.0,0,mc6,demo1
2026-06-16 14:15:51.828,2026-06-12 18:03:18.471,0.0,0.0,0,mc1,demo1
2026-06-16 14:15:52.137,2026-06-12 17:58:19.370,0.0,0.0,0,mc6,demo1
2026-06-16 14:15:51.947,2026-06-12 17:58:19.370,0.0,0.0,0,mc4,demo1
2026-06-16 14:15:51.972,2026-06-12 17:58:19.370,0.0,0.0,0,mc5,demo1
2026-06-16 14:15:52.070,2026-06-12 17:58:19.370,0.0,0.0,0,mc3,demo1
2026-06-16 14:15:52.105,2026-06-12 17:58:19.370,0.0,0.0,0,mc1,demo1
2026-06-16 14:15:52.164,2026-06-12 17:58:19.370,0.0,0.0,0,mc2,demo1
2026-06-16 14:15:52.390,2026-06-12 17:53:18.287,0.0,0.0,0,mc3,demo1
2026-06-16 14:15:52.192,2026-06-12 17:53:18.287,0.0,0.0,0,mc6,demo1
2026-06-16 14:15:52.229,2026-06-12 17:53:18.287,0.0,0.0,0,mc5,demo1
2026-06-16 14:15:52.463,2026-06-12 17:53:18.287,0.0,0.0,0,mc1,demo1
2026-06-16 14:15:52.274,2026-06-12 17:53:18.287,0.0,0.0,0,mc4,demo1
2026-06-16 14:15:52.433,2026-06-12 17:53:18.287,0.0,0.0,0,mc2,demo1
2026-06-16 14:15:52.715,2026-06-12 17:48:18.789,0.0,0.0,0,mc3,demo1
2026-06-16 14:15:52.489,2026-06-12 17:48:18.789,0.0,0.0,0,mc1,demo1
2026-06-16 14:15:52.515,2026-06-12 17:48:18.789,0.0,0.0,0,mc6,demo1
2026-06-16 14:15:52.586,2026-06-12 17:48:18.789,0.0,0.0,0,mc4,demo1
2026-06-16 14:15:52.626,2026-06-12 17:48:18.789,0.0,0.0,0,mc5,demo1
2026-06-16 14:15:52.677,2026-06-12 17:48:18.789,0.0,0.0,0,mc2,demo1
2026-06-16 14:15:52.924,2026-06-12 17:43:19.142,0.0,0.0,0,mc1,demo1
2026-06-16 14:15:52.741,2026-06-12 17:43:19.142,0.0,0.0,0,mc6,demo1
2026-06-16 14:15:52.765,2026-06-12 17:43:19.142,0.0,0.0,0,mc4,demo1
2026-06-16 14:15:52.809,2026-06-12 17:43:19.142,0.0,0.0,0,mc3,demo1
2026-06-16 14:15:52.868,2026-06-12 17:43:19.142,0.0,0.0,0,mc2,demo1
2026-06-16 14:15:52.896,2026-06-12 17:43:19.142,0.0,0.0,0,mc5,demo1
2026-06-16 14:15:53.092,2026-06-12 17:38:18.997,0.0,0.0,0,mc4,demo1
2026-06-16 14:15:52.940,2026-06-12 17:38:18.997,0.0,0.0,0,mc2,demo1
2026-06-16 14:15:52.974,2026-06-12 17:38:18.997,0.0,0.0,0,mc3,demo1
2026-06-16 14:15:53.005,2026-06-12 17:38:18.997,0.0,0.0,0,mc5,demo1
2026-06-16 14:15:53.057,2026-06-12 17:38:18.997,0.0,0.0,0,mc6,demo1
2026-06-16 14:15:53.115,2026-06-12 17:38:18.997,0.0,0.0,0,mc1,demo1
2026-06-16 14:15:53.280,2026-06-12 17:33:18.682,0.0,0.0,0,mc1,demo1
2026-06-16 14:15:53.141,2026-06-12 17:33:18.682,0.0,0.0,0,mc5,demo1
2026-06-16 14:15:53.163,2026-06-12 17:33:18.682,0.0,0.0,0,mc3,demo1
2026-06-16 14:15:53.214,2026-06-12 17:33:18.682,0.0,0.0,0,mc4,demo1
2026-06-16 14:15:53.249,2026-06-12 17:33:18.682,0.0,0.0,0,mc2,demo1
2026-06-16 14:15:53.319,2026-06-12 17:33:18.682,0.0,0.0,0,mc6,demo1
2026-06-16 14:15:53.614,2026-06-12 17:28:18.453,0.0,0.0,0,mc5,demo1
2026-06-16 14:15:53.349,2026-06-12 17:28:18.453,0.0,0.0,0,mc2,demo1
2026-06-16 14:15:53.366,2026-06-12 17:28:18.453,0.0,0.0,0,mc3,demo1
2026-06-16 14:15:53.390,2026-06-12 17:28:18.453,0.0,0.0,0,mc4,demo1
2026-06-16 14:15:53.429,2026-06-12 17:28:18.453,0.0,0.0,0,mc6,demo1
2026-06-16 14:15:53.456,2026-06-12 17:28:18.453,0.0,0.0,0,mc1,demo1
2026-06-16 14:15:53.875,2026-06-12 17:23:18.898,0.0,0.0,0,mc2,demo1
2026-06-16 14:15:53.651,2026-06-12 17:23:18.898,0.0,0.0,0,mc1,demo1
2026-06-16 14:15:53.685,2026-06-12 17:23:18.898,0.0,0.0,0,mc6,demo1
2026-06-16 14:15:53.728,2026-06-12 17:23:18.898,0.0,0.0,0,mc5,demo1
2026-06-16 14:15:53.779,2026-06-12 17:23:18.898,0.0,0.0,0,mc3,demo1
2026-06-16 14:15:53.826,2026-06-12 17:23:18.898,0.0,0.0,0,mc4,demo1
2026-06-16 14:15:54.064,2026-06-12 17:18:18.193,0.0,0.0,0,mc2,demo1
2026-06-16 14:15:53.920,2026-06-12 17:18:18.193,0.0,0.0,0,mc5,demo1
2026-06-16 14:15:53.955,2026-06-12 17:18:18.193,0.0,0.0,0,mc4,demo1
2026-06-16 14:15:53.978,2026-06-12 17:18:18.193,0.0,0.0,0,mc6,demo1
2026-06-16 14:15:54.035,2026-06-12 17:18:18.193,0.0,0.0,0,mc1,demo1
2026-06-16 14:15:54.087,2026-06-12 17:18:18.193,0.0,0.0,0,mc3,demo1
2026-06-16 14:15:54.263,2026-06-12 17:13:19.650,0.0,0.0,0,mc4,demo1
2026-06-16 14:15:54.116,2026-06-12 17:13:19.650,0.0,0.0,0,mc3,demo1
2026-06-16 14:15:54.148,2026-06-12 17:13:19.650,0.0,0.0,0,mc5,demo1
2026-06-16 14:15:54.190,2026-06-12 17:13:19.650,0.0,0.0,0,mc2,demo1
2026-06-16 14:15:54.214,2026-06-12 17:13:19.650,0.0,0.0,0,mc1,demo1
2026-06-16 14:15:54.286,2026-06-12 17:13:19.650,0.0,0.0,0,mc6,demo1
2026-06-16 14:15:54.449,2026-06-12 17:08:18.693,1.0,1.0,,mc1,demo1
2026-06-16 14:15:54.315,2026-06-12 17:08:18.693,0.0,0.0,0,mc3,demo1
2026-06-16 14:15:54.349,2026-06-12 17:08:18.693,1.0,1.0,,mc5,demo1
2026-06-16 14:15:54.379,2026-06-12 17:08:18.693,1.0,1.0,,mc2,demo1
2026-06-16 14:15:54.412,2026-06-12 17:08:18.693,0.0,0.0,0,mc4,demo1
2026-06-16 14:15:54.480,2026-06-12 17:08:18.693,1.0,1.0,,mc6,demo1
2026-06-16 14:15:54.630,2026-06-12 17:03:18.632,0.0,0.0,0,mc4,demo1
2026-06-16 14:15:54.604,2026-06-12 17:03:18.632,1.0,1.0,,mc6,demo1
2026-06-16 14:15:54.572,2026-06-12 17:03:18.632,1.0,1.0,,mc1,demo1
2026-06-16 14:15:54.547,2026-06-12 17:03:18.632,1.0,1.0,,mc5,demo1
2026-06-16 14:15:54.535,2026-06-12 17:03:18.632,1.0,1.0,,mc2,demo1
2026-06-16 14:15:54.512,2026-06-12 17:03:18.632,0.0,0.0,0,mc3,demo1
2026-06-16 14:15:54.822,2026-06-12 16:58:19.146,1.0,1.0,,mc6,demo1
2026-06-16 14:15:54.800,2026-06-12 16:58:19.146,1.0,1.0,,mc1,demo1
2026-06-16 14:15:54.775,2026-06-12 16:58:19.146,0.0,0.0,0,mc3,demo1
2026-06-16 14:15:54.725,2026-06-12 16:58:19.146,1.0,1.0,,mc2,demo1
2026-06-16 14:15:54.682,2026-06-12 16:58:19.146,0.0,0.0,0,mc4,demo1
2026-06-16 14:15:54.655,2026-06-12 16:58:19.146,1.0,1.0,,mc5,demo1
2026-06-16 14:15:55.064,2026-06-12 16:53:18.478,1.0,1.0,,mc2,demo1
2026-06-16 14:15:54.848,2026-06-12 16:53:18.478,0.0,0.0,0,mc3,demo1
2026-06-16 14:15:54.888,2026-06-12 16:53:18.478,1.0,1.0,,mc5,demo1
2026-06-16 14:15:54.946,2026-06-12 16:53:18.478,1.0,1.0,,mc6,demo1
2026-06-16 14:15:54.990,2026-06-12 16:53:18.478,1.0,1.0,,mc1,demo1
2026-06-16 14:15:55.039,2026-06-12 16:53:18.478,0.0,0.0,0,mc4,demo1
2026-06-16 14:15:55.238,2026-06-12 16:48:18.573,1.0,1.0,,mc5,demo1
2026-06-16 14:15:55.089,2026-06-12 16:48:18.573,1.0,1.0,,mc6,demo1
2026-06-16 14:15:55.132,2026-06-12 16:48:18.573,0.0,0.0,0,mc3,demo1
2026-06-16 14:15:55.163,2026-06-12 16:48:18.573,1.0,1.0,,mc1,demo1
2026-06-16 14:15:55.180,2026-06-12 16:48:18.573,0.0,0.0,0,mc4,demo1
2026-06-16 14:15:55.217,2026-06-12 16:48:18.573,1.0,1.0,,mc2,demo1
2026-06-16 14:15:55.346,2026-06-12 16:43:19.069,1.0,1.0,,mc5,demo1
2026-06-16 14:15:55.389,2026-06-12 16:43:19.069,1.0,1.0,,mc1,demo1
2026-06-16 14:15:55.263,2026-06-12 16:43:19.069,1.0,1.0,,mc6,demo1
2026-06-16 14:15:55.292,2026-06-12 16:43:19.069,1.0,1.0,,mc2,demo1
2026-06-16 14:15:55.412,2026-06-12 16:43:19.069,0.0,0.0,0,mc3,demo1
2026-06-16 14:15:55.324,2026-06-12 16:43:19.069,0.0,0.0,0,mc4,demo1
2026-06-16 14:15:55.521,2026-06-12 16:38:18.691,1.0,1.0,,mc1,demo1
2026-06-16 14:15:55.437,2026-06-12 16:38:18.691,0.0,0.0,0,mc4,demo1
2026-06-16 14:15:55.455,2026-06-12 16:38:18.691,1.0,1.0,,mc6,demo1
2026-06-16 14:15:55.479,2026-06-12 16:38:18.691,1.0,1.0,,mc5,demo1
2026-06-16 14:15:55.538,2026-06-12 16:38:18.691,1.0,1.0,,mc2,demo1
2026-06-16 14:15:55.561,2026-06-12 16:38:18.691,0.0,0.0,0,mc3,demo1
2026-06-16 14:15:55.590,2026-06-12 16:33:19.059,0.0,0.0,0,mc3,demo1
2026-06-16 14:15:55.624,2026-06-12 16:33:19.059,1.0,1.0,,mc6,demo1
2026-06-16 14:15:55.659,2026-06-12 16:33:19.059,1.0,1.0,,mc2,demo1
2026-06-16 14:15:55.681,2026-06-12 16:33:19.059,1.0,1.0,,mc1,demo1
2026-06-16 14:15:55.719,2026-06-12 16:33:19.059,1.0,1.0,,mc5,demo1
2026-06-16 14:15:55.738,2026-06-12 16:33:19.059,0.0,0.0,0,mc4,demo1
2026-06-16 14:15:55.764,2026-06-12 16:28:19.109,1.0,1.0,,mc5,demo1
2026-06-16 14:15:55.780,2026-06-12 16:28:19.109,0.0,0.0,0,mc4,demo1
2026-06-16 14:15:55.812,2026-06-12 16:28:19.109,1.0,1.0,,mc6,demo1
2026-06-16 14:15:55.856,2026-06-12 16:28:19.109,1.0,1.0,,mc1,demo1
2026-06-16 14:15:55.879,2026-06-12 16:28:19.109,1.0,1.0,,mc2,demo1
2026-06-16 14:15:55.912,2026-06-12 16:28:19.109,0.0,0.0,0,mc3,demo1
2026-06-16 14:15:55.955,2026-06-12 16:23:18.663,0.0,0.0,0,mc3,demo1
2026-06-16 14:15:56.043,2026-06-12 16:23:18.663,1.0,1.0,,mc5,demo1
2026-06-16 14:15:56.076,2026-06-12 16:23:18.663,1.0,1.0,,mc1,demo1
2026-06-16 14:15:56.097,2026-06-12 16:23:18.663,1.0,1.0,,mc2,demo1
2026-06-16 14:15:56.114,2026-06-12 16:23:18.663,1.0,1.0,,mc6,demo1
2026-06-16 14:15:56.158,2026-06-12 16:23:18.663,0.0,0.0,0,mc4,demo1
2026-06-16 14:15:56.189,2026-06-12 16:18:18.794,1.0,1.0,,mc5,demo1
2026-06-16 14:15:56.216,2026-06-12 16:18:18.794,0.0,0.0,0,mc3,demo1
2026-06-16 14:15:56.249,2026-06-12 16:18:18.794,1.0,1.0,,mc1,demo1
2026-06-16 14:15:56.272,2026-06-12 16:18:18.794,1.0,1.0,,mc6,demo1
2026-06-16 14:15:56.297,2026-06-12 16:18:18.794,0.0,0.0,0,mc4,demo1
2026-06-16 14:15:56.322,2026-06-12 16:18:18.794,1.0,1.0,,mc2,demo1
2026-06-16 14:15:57.031,2026-06-12 16:13:18.577,0.0,0.0,0,mc3,demo1
2026-06-16 14:15:56.457,2026-06-12 16:13:18.577,1.0,1.0,,mc6,demo1
2026-06-16 14:15:56.967,2026-06-12 16:13:18.577,0.0,0.0,0,mc4,demo1
2026-06-16 14:15:56.990,2026-06-12 16:13:18.577,1.0,1.0,,mc5,demo1
2026-06-16 14:15:57.067,2026-06-12 16:13:18.577,1.0,1.0,,mc1,demo1
2026-06-16 14:15:57.089,2026-06-12 16:13:18.577,1.0,1.0,,mc2,demo1
2026-06-16 14:15:57.130,2026-06-12 16:08:19.968,1.0,1.0,,mc5,demo1
2026-06-16 14:15:57.177,2026-06-12 16:08:19.968,1.0,1.0,,mc2,demo1
2026-06-16 14:15:57.270,2026-06-12 16:08:19.968,1.0,1.0,,mc6,demo1
2026-06-16 14:15:57.112,2026-06-12 16:08:19.968,1.0,1.0,,mc1,demo1
2026-06-16 14:15:57.289,2026-06-12 16:08:19.968,0.0,0.0,0,mc3,demo1
2026-06-16 14:15:57.313,2026-06-12 16:08:19.968,0.0,0.0,0,mc4,demo1
2026-06-16 14:15:57.363,2026-06-12 16:03:19.192,1.0,1.0,,mc2,demo1
2026-06-16 14:15:57.380,2026-06-12 16:03:19.192,1.0,1.0,,mc6,demo1
2026-06-16 14:15:57.441,2026-06-12 16:03:19.192,1.0,1.0,,mc5,demo1
2026-06-16 14:15:57.474,2026-06-12 16:03:19.192,0.0,0.0,0,mc4,demo1
2026-06-16 14:15:57.502,2026-06-12 16:03:19.192,0.0,0.0,0,mc3,demo1
2026-06-16 14:15:57.530,2026-06-12 16:03:19.192,1.0,1.0,,mc1,demo1
2026-06-16 14:15:57.563,2026-06-12 15:58:18.894,1.0,1.0,,mc2,demo1
2026-06-16 14:15:57.618,2026-06-12 15:58:18.894,1.0,1.0,,mc6,demo1
2026-06-16 14:15:57.647,2026-06-12 15:58:18.894,0.0,0.0,0,mc3,demo1
2026-06-16 14:15:57.672,2026-06-12 15:58:18.894,0.0,0.0,0,mc4,demo1
2026-06-16 14:15:57.706,2026-06-12 15:58:18.894,1.0,1.0,,mc5,demo1
2026-06-16 14:15:57.721,2026-06-12 15:58:18.894,1.0,1.0,,mc1,demo1
2026-06-16 14:15:57.738,2026-06-12 15:53:18.819,1.0,1.0,,mc6,demo1
2026-06-16 14:15:57.783,2026-06-12 15:53:18.819,1.0,1.0,,mc2,demo1
2026-06-16 14:15:57.812,2026-06-12 15:53:18.819,0.0,0.0,0,mc3,demo1
2026-06-16 14:15:57.838,2026-06-12 15:53:18.819,1.0,1.0,,mc5,demo1
2026-06-16 14:15:57.871,2026-06-12 15:53:18.819,0.0,0.0,0,mc4,demo1
2026-06-16 14:15:57.935,2026-06-12 15:53:18.819,1.0,1.0,,mc1,demo1
2026-06-16 14:15:58.047,2026-06-12 15:48:18.834,1.0,1.0,,mc6,demo1
2026-06-16 14:15:57.992,2026-06-12 15:48:18.834,1.0,1.0,,mc2,demo1
2026-06-16 14:15:58.013,2026-06-12 15:48:18.834,1.0,1.0,,mc1,demo1
2026-06-16 14:15:58.030,2026-06-12 15:48:18.834,0.0,0.0,0,mc4,demo1
2026-06-16 14:15:58.100,2026-06-12 15:48:18.834,1.0,1.0,,mc5,demo1
2026-06-16 14:15:58.120,2026-06-12 15:48:18.834,0.0,0.0,0,mc3,demo1
2026-06-16 14:15:58.180,2026-06-12 15:43:18.801,0.0,0.0,0,mc3,demo1
2026-06-16 14:15:58.147,2026-06-12 15:43:18.801,1.0,1.0,,mc1,demo1
2026-06-16 14:15:58.219,2026-06-12 15:43:18.801,1.0,1.0,,mc6,demo1
2026-06-16 14:15:58.247,2026-06-12 15:43:18.801,1.0,1.0,,mc2,demo1
2026-06-16 14:15:58.279,2026-06-12 15:43:18.801,0.0,0.0,0,mc4,demo1
2026-06-16 14:15:58.300,2026-06-12 15:43:18.801,1.0,1.0,,mc5,demo1
2026-06-16 14:15:58.472,2026-06-12 15:38:19.500,0.0,0.0,0,mc3,demo1
2026-06-16 14:15:58.354,2026-06-12 15:38:19.500,1.0,1.0,,mc5,demo1
2026-06-16 14:15:58.381,2026-06-12 15:38:19.500,1.0,1.0,,mc1,demo1
2026-06-16 14:15:58.397,2026-06-12 15:38:19.500,1.0,1.0,,mc6,demo1
2026-06-16 14:15:58.425,2026-06-12 15:38:19.500,1.0,1.0,,mc2,demo1
2026-06-16 14:15:58.447,2026-06-12 15:38:19.500,0.0,0.0,0,mc4,demo1
2026-06-16 14:15:58.505,2026-06-12 15:33:18.779,1.0,1.0,,mc5,demo1
2026-06-16 14:15:58.724,2026-06-12 15:33:18.779,0.0,0.0,0,mc3,demo1
2026-06-16 14:15:58.696,2026-06-12 15:33:18.779,0.0,0.0,0,mc4,demo1
2026-06-16 14:15:58.630,2026-06-12 15:33:18.779,1.0,1.0,,mc2,demo1
2026-06-16 14:15:58.556,2026-06-12 15:33:18.779,1.0,1.0,,mc1,demo1
2026-06-16 14:15:58.540,2026-06-12 15:33:18.779,1.0,1.0,,mc6,demo1
2026-06-16 14:15:58.748,2026-06-12 15:28:18.152,0.0,0.0,0,mc4,demo1
2026-06-16 14:15:58.912,2026-06-12 15:28:18.152,1.0,1.0,,mc2,demo1
2026-06-16 14:15:58.872,2026-06-12 15:28:18.152,1.0,1.0,,mc6,demo1
2026-06-16 14:15:58.837,2026-06-12 15:28:18.152,1.0,1.0,,mc5,demo1
2026-06-16 14:15:58.806,2026-06-12 15:28:18.152,1.0,1.0,,mc1,demo1
2026-06-16 14:15:58.773,2026-06-12 15:28:18.152,0.0,0.0,0,mc3,demo1
2026-06-16 14:15:59.004,2026-06-12 15:23:18.910,0.0,0.0,0,mc4,demo1
2026-06-16 14:15:59.055,2026-06-12 15:23:18.910,0.0,0.0,0,mc3,demo1
2026-06-16 14:15:59.030,2026-06-12 15:23:18.910,1.0,1.0,,mc1,demo1
2026-06-16 14:15:58.971,2026-06-12 15:23:18.910,1.0,1.0,,mc2,demo1
2026-06-16 14:15:58.955,2026-06-12 15:23:18.910,1.0,1.0,,mc6,demo1
2026-06-16 14:15:58.930,2026-06-12 15:23:18.910,1.0,1.0,,mc5,demo1
2026-06-16 14:15:59.075,2026-06-12 15:18:19.047,0.0,0.0,0,mc3,demo1
2026-06-16 14:15:59.149,2026-06-12 15:18:19.047,1.0,1.0,,mc6,demo1
2026-06-16 14:15:59.189,2026-06-12 15:18:19.047,1.0,1.0,,mc2,demo1
2026-06-16 14:15:59.222,2026-06-12 15:18:19.047,0.0,0.0,0,mc4,demo1
2026-06-16 14:15:59.258,2026-06-12 15:18:19.047,1.0,1.0,,mc5,demo1
2026-06-16 14:15:59.279,2026-06-12 15:18:19.047,1.0,1.0,,mc1,demo1
2026-06-16 14:15:59.288,2026-06-12 15:13:18.819,0.0,0.0,0,mc4,demo1
2026-06-16 14:15:59.329,2026-06-12 15:13:18.819,1.0,1.0,,mc6,demo1
2026-06-16 14:15:59.347,2026-06-12 15:13:18.819,0.0,0.0,0,mc3,demo1
2026-06-16 14:15:59.365,2026-06-12 15:13:18.819,1.0,1.0,,mc1,demo1
2026-06-16 14:15:59.380,2026-06-12 15:13:18.819,1.0,1.0,,mc5,demo1
2026-06-16 14:15:59.407,2026-06-12 15:13:18.819,1.0,1.0,,mc2,demo1
2026-06-16 14:15:59.430,2026-06-12 15:08:18.511,1.0,1.0,,mc2,demo1
2026-06-16 14:15:59.510,2026-06-12 15:08:18.511,1.0,1.0,,mc1,demo1
2026-06-16 14:15:59.551,2026-06-12 15:08:18.511,1.0,1.0,,mc5,demo1
2026-06-16 14:15:59.573,2026-06-12 15:08:18.511,0.0,0.0,0,mc4,demo1
2026-06-16 14:15:59.618,2026-06-12 15:08:18.511,1.0,1.0,,mc6,demo1
2026-06-16 14:15:59.640,2026-06-12 15:08:18.511,0.0,0.0,0,mc3,demo1
2026-06-16 14:15:59.693,2026-06-12 15:03:18.375,1.0,1.0,,mc5,demo1
2026-06-16 14:15:59.715,2026-06-12 15:03:18.375,0.0,0.0,0,mc4,demo1
2026-06-16 14:15:59.731,2026-06-12 15:03:18.375,1.0,1.0,,mc2,demo1
2026-06-16 14:15:59.768,2026-06-12 15:03:18.375,1.0,1.0,,mc1,demo1
2026-06-16 14:15:59.797,2026-06-12 15:03:18.375,0.0,0.0,0,mc3,demo1
2026-06-16 14:15:59.858,2026-06-12 15:03:18.375,1.0,1.0,,mc6,demo1
2026-06-16 14:15:59.934,2026-06-12 14:58:19.206,1.0,1.0,,mc2,demo1
2026-06-16 14:15:59.967,2026-06-12 14:58:19.206,1.0,1.0,,mc1,demo1
2026-06-16 14:16:00.040,2026-06-12 14:58:19.206,0.0,0.0,0,mc3,demo1
2026-06-16 14:16:00.080,2026-06-12 14:58:19.206,1.0,1.0,,mc6,demo1
2026-06-16 14:16:00.107,2026-06-12 14:58:19.206,1.0,1.0,,mc5,demo1
2026-06-16 14:16:00.131,2026-06-12 14:58:19.206,0.0,0.0,0,mc4,demo1
2026-06-16 14:16:00.165,2026-06-12 14:53:18.148,1.0,1.0,,mc1,demo1
2026-06-16 14:16:00.188,2026-06-12 14:53:18.148,0.0,0.0,0,mc4,demo1
2026-06-16 14:16:00.240,2026-06-12 14:53:18.148,1.0,1.0,,mc2,demo1
2026-06-16 14:16:00.263,2026-06-12 14:53:18.148,1.0,1.0,,mc5,demo1
2026-06-16 14:16:00.281,2026-06-12 14:53:18.148,0.0,0.0,0,mc3,demo1
2026-06-16 14:16:00.329,2026-06-12 14:53:18.148,1.0,1.0,,mc6,demo1
2026-06-16 14:16:00.355,2026-06-12 14:48:18.089,1.0,1.0,,mc6,demo1
2026-06-16 14:16:00.387,2026-06-12 14:48:18.089,1.0,1.0,,mc1,demo1
2026-06-16 14:16:00.405,2026-06-12 14:48:18.089,1.0,1.0,,mc2,demo1
2026-06-16 14:16:00.429,2026-06-12 14:48:18.089,1.0,1.0,,mc5,demo1
2026-06-16 14:16:00.473,2026-06-12 14:48:18.089,0.0,0.0,0,mc4,demo1
2026-06-16 14:16:00.497,2026-06-12 14:48:18.089,0.0,0.0,0,mc3,demo1
2026-06-16 14:16:00.541,2026-06-12 14:43:18.366,1.0,1.0,,mc5,demo1
2026-06-16 14:16:00.573,2026-06-12 14:43:18.366,1.0,1.0,,mc1,demo1
2026-06-16 14:16:00.599,2026-06-12 14:43:18.366,1.0,1.0,,mc6,demo1
2026-06-16 14:16:00.624,2026-06-12 14:43:18.366,0.0,0.0,0,mc4,demo1
2026-06-16 14:16:00.724,2026-06-12 14:43:18.366,1.0,1.0,,mc2,demo1
2026-06-16 14:16:00.773,2026-06-12 14:43:18.366,0.0,0.0,0,mc3,demo1
2026-06-16 14:16:00.838,2026-06-12 14:38:18.279,0.0,0.0,0,mc4,demo1
2026-06-16 14:16:00.886,2026-06-12 14:38:18.279,1.0,1.0,,mc5,demo1
2026-06-16 14:16:00.959,2026-06-12 14:38:18.279,1.0,1.0,,mc2,demo1
2026-06-16 14:16:00.998,2026-06-12 14:38:18.279,0.0,0.0,0,mc3,demo1
2026-06-16 14:16:01.015,2026-06-12 14:38:18.279,1.0,1.0,,mc1,demo1
2026-06-16 14:16:01.032,2026-06-12 14:38:18.279,1.0,1.0,,mc6,demo1
2026-06-16 14:16:01.058,2026-06-12 14:33:18.354,0.0,0.0,0,mc4,demo1
2026-06-16 14:16:01.080,2026-06-12 14:33:18.354,1.0,1.0,,mc2,demo1
2026-06-16 14:16:01.114,2026-06-12 14:33:18.354,1.0,1.0,,mc6,demo1
2026-06-16 14:16:01.147,2026-06-12 14:33:18.354,0.0,0.0,0,mc3,demo1
2026-06-16 14:16:01.180,2026-06-12 14:33:18.354,1.0,1.0,,mc5,demo1
2026-06-16 14:16:01.214,2026-06-12 14:33:18.354,1.0,1.0,,mc1,demo1
2026-06-16 14:16:01.238,2026-06-12 14:28:19.228,1.0,1.0,,mc5,demo1
2026-06-16 14:16:01.288,2026-06-12 14:28:19.228,1.0,1.0,,mc6,demo1
2026-06-16 14:16:01.322,2026-06-12 14:28:19.228,1.0,1.0,,mc2,demo1
2026-06-16 14:16:01.351,2026-06-12 14:28:19.228,1.0,1.0,,mc1,demo1
2026-06-16 14:16:01.469,2026-06-12 14:28:19.228,0.0,0.0,0,mc4,demo1
2026-06-16 14:16:01.489,2026-06-12 14:28:19.228,0.0,0.0,0,mc3,demo1
2026-06-16 14:16:01.530,2026-06-12 14:23:19.033,1.0,1.0,,mc6,demo1
2026-06-16 14:16:01.565,2026-06-12 14:23:19.033,1.0,1.0,,mc1,demo1
2026-06-16 14:16:01.987,2026-06-12 14:23:19.033,0.0,0.0,0,mc4,demo1
2026-06-16 14:16:02.037,2026-06-12 14:23:19.033,0.0,0.0,0,mc3,demo1
2026-06-16 14:16:02.076,2026-06-12 14:23:19.033,1.0,1.0,,mc2,demo1
2026-06-16 14:16:02.102,2026-06-12 14:23:19.033,1.0,1.0,,mc5,demo1
2026-06-16 14:16:02.150,2026-06-12 14:18:18.759,0.0,0.0,0,mc4,demo1
2026-06-16 14:16:02.302,2026-06-12 14:18:18.759,0.0,0.0,0,mc1,demo1
2026-06-16 14:16:02.413,2026-06-12 14:18:18.759,0.0,0.0,0,mc6,demo1
2026-06-16 14:16:02.451,2026-06-12 14:18:18.759,0.0,0.0,0,mc3,demo1
2026-06-16 14:16:02.481,2026-06-12 14:18:18.759,0.0,0.0,0,mc2,demo1
2026-06-16 14:16:02.537,2026-06-12 14:18:18.759,0.0,0.0,0,mc5,demo1
